SaleID,OrderDate,CustomerID,ProductID,Quantity
1,2026-03-28,710.0,51,10
2,2026-06-16,873.0,43,2
3,2026-08-07,390.0,41,9
4,2026-06-10,894.0,70,8
5,2026-01-10,71.0,31,10
6,2026-06-11,233.0,96,5
7,2026-01-24,101.0,98,7
8,2026-06-12,455.0,22,2
9,2026-06-27,926.0,4,5
10,2026-01-12,816.0,8,6
11,15/03/2026,384.0,56,6
12,2026-02-07,544.0,53,4
13,2026-05-25,175.0,23,3
14,2026-01-21,892.0,49,10
15,2026-06-08,510.0,75,4
16,2026-02-06,473.0,82,4
17,2026-03-07,262.0,86,8
18,2026-01-03,923.0,37,8
19,2026-06-23,162.0,10,9
20,2026-04-24,602.0,39,6
21,2026/04/20,707.0,33,7
22,2026-04-27,204.0,50,5
23,2026-08-07,110.0,31,8
24,2026-04-08,368.0,74,10
25,2026-03-17,23.0,85,5
26,2026-04-12,9.0,73,5
27,2026-08-10,933.0,78,1
28,2026-07-10,853.0,37,8
29,2026-07-18,622.0,46,4
30,2026-02-26,636.0,33,4
31,,644.0,13,3
32,2026-08-20,317.0,57,1
33,2026-01-09,374.0,94,10
34,2026-02-03,932.0,38,2
35,2026-03-25,180.0,26,7
36,2026-02-03,898.0,47,9
37,2026-05-16,936.0,35,9
38,2026-08-01,264.0,62,3
39,2026-07-26,765.0,44,5
40,2026-07-25,480.0,10,2
41,2026-02-06,881.0,87,-3
42,2026-07-05,991.0,72,7
43,2026-04-04,810.0,51,2
44,2026-01-04,550.0,16,5
45,2026-04-27,689.0,96,6
46,2026-06-22,599.0,49,5
47,2026-07-30,111.0,87,6
48,2026-03-01,26.0,80,8
49,2026-08-15,336.0,79,9
50,2026-02-26,651.0,60,2
51,2026-08-21,665.0,53,0
52,2026-01-30,47.0,5,3
53,2026-03-19,119.0,13,8
54,2026-03-02,139.0,50,9
55,2026-04-27,687.0,96,6
56,2026-06-28,430.0,76,9
57,2026-07-10,907.0,54,3
58,2026-06-17,854.0,63,2
59,2026-06-07,962.0,36,7
60,2026-01-09,223.0,57,6
61,2026-04-24,,47,4
62,2026-01-26,558.0,83,6
63,2026-04-02,408.0,36,1
64,2026-02-18,972.0,59,2
65,2026-01-24,658.0,82,4
66,2026-06-02,52.0,43,1
67,2026-03-04,806.0,73,3
68,2026-02-22,850.0,98,2
69,2026-05-22,601.0,28,4
70,2026-07-28,337.0,100,4
71,2026-02-07,3.0,36,10
72,2026-08-08,134.0,70,3
73,2026-03-06,113.0,85,3
74,2026-08-10,135.0,2,1
75,2026-04-02,603.0,42,4
76,2026-01-05,272.0,7,3
77,2026-02-02,539.0,15,7
78,2026-07-10,488.0,58,2
79,2026-07-19,526.0,76,6
80,2026-01-28,516.0,29,8
81,2026-06-07,745.0,85,1
82,2026-05-14,470.0,83,5
83,2026-01-08,491.0,52,1
84,2026-04-20,503.0,92,2
85,2026-08-21,76.0,11,8
86,2026-03-24,152.0,9,10
87,2026-02-02,640.0,82,5
88,2026-05-30,730.0,42,9
89,2026-04-08,544.0,38,10
90,2026-04-27,620.0,56,9
91,2026-01-26,874.0,84,2
92,2026-06-16,739.0,28,9
93,2026-04-21,910.0,30,8
94,2026-04-16,848.0,59,6
95,2026-04-13,748.0,13,7
96,2026-03-22,321.0,86,7
97,2026-03-07,977.0,20,6
98,2026-06-25,69.0,12,8
99,2026-08-01,96.0,56,2
100,2026-01-25,832.0,17,6
101,2026-05-23,601.0,72,1
102,2026-05-24,687.0,16,6
103,2026-04-16,895.0,86,6
104,2026-08-29,889.0,93,7
105,2026-01-14,615.0,40,5
106,2026-04-01,592.0,65,2
107,2026-02-24,673.0,62,3
108,2026-02-27,359.0,72,2
109,2026-04-05,781.0,36,2
110,2026-05-27,827.0,55,4
111,2026-08-05,998.0,99,9
112,2026-07-29,629.0,87,10
113,2026-06-14,27.0,78,9
114,2026-08-26,30.0,24,5
115,2026-03-11,944.0,44,5
116,2026-03-31,186.0,19,1
117,2026-05-25,72.0,19,7
118,2026-07-09,94.0,96,1
119,2026-05-16,386.0,54,4
120,2026-04-27,162.0,48,6
121,2026-03-21,796.0,73,6
122,2026-06-02,905.0,7,2
123,2026-02-09,773.0,80,3
124,2026-01-13,279.0,57,2
125,2026-06-19,498.0,78,7
126,2026-04-24,280.0,28,7
127,2026-07-13,117.0,45,9
128,2026-04-21,291.0,87,2
129,2026-06-23,499.0,68,10
130,2026-06-20,47.0,29,5
131,2026-04-12,57.0,1,10
132,2026-02-22,969.0,28,5
133,2026-07-16,783.0,33,3
134,2026-03-16,123.0,1,6
135,2026-05-08,180.0,17,7
136,2026-04-08,721.0,30,9
137,2026-05-09,854.0,86,9
138,2026-07-26,74.0,51,6
139,2026-08-09,447.0,3,1
140,2026-04-28,883.0,41,2
141,2026-05-28,588.0,52,7
142,2026-07-01,297.0,15,7
143,2026-04-14,990.0,42,1
144,2026-02-13,472.0,89,10
145,2026-08-24,91.0,56,6
146,2026-08-05,250.0,56,2
147,2026-05-31,537.0,11,7
148,2026-04-12,764.0,44,5
149,2026-02-26,798.0,22,6
150,2026-01-20,649.0,15,9
151,2026-05-16,199.0,100,9
152,2026-03-31,745.0,83,6
153,2026-07-28,242.0,14,3
154,2026-02-07,203.0,23,5
155,2026-06-04,779.0,98,3
156,2026-06-17,182.0,99,2
157,2026-06-10,476.0,97,8
158,2026-05-25,460.0,88,10
159,2026-08-25,659.0,82,10
160,2026-06-09,885.0,81,6
161,2026-03-22,451.0,9,3
162,2026-05-01,647.0,39,8
163,2026-07-23,606.0,8,5
164,2026-04-01,76.0,40,9
165,2026-04-29,39.0,8,8
166,2026-04-05,79.0,83,5
167,2026-08-10,630.0,77,2
168,2026-05-10,474.0,75,7
169,2026-05-22,461.0,74,1
170,2026-06-16,330.0,78,4
171,2026-05-02,155.0,8,9
172,2026-04-26,831.0,44,2
173,2026-07-02,517.0,83,2
174,2026-02-14,254.0,91,1
175,2026-04-23,537.0,67,8
176,2026-06-06,373.0,48,3
177,2026-08-23,397.0,53,5
178,2026-07-18,696.0,77,6
179,2026-01-14,68.0,43,6
180,2026-01-25,695.0,50,9
181,2026-03-14,742.0,85,5
182,2026-08-21,895.0,20,10
183,2026-03-27,597.0,85,2
184,2026-02-06,318.0,84,6
185,2026-06-28,133.0,77,7
186,2026-07-01,318.0,72,2
187,2026-04-07,833.0,17,6
188,2026-06-21,96.0,83,9
189,2026-06-21,521.0,47,7
190,2026-01-05,317.0,24,6
191,2026-02-24,971.0,99,6
192,2026-05-05,232.0,18,4
193,2026-02-09,303.0,13,2
194,2026-05-10,856.0,95,9
195,2026-08-15,39.0,85,9
196,2026-03-28,135.0,77,10
197,2026-04-07,167.0,24,3
198,2026-08-01,829.0,22,10
199,2026-07-04,45.0,53,8
200,2026-04-04,993.0,57,4
201,2026-06-06,771.0,96,5
202,2026-07-20,240.0,69,8
203,2026-03-03,989.0,61,5
204,2026-08-20,377.0,87,4
205,2026-05-27,473.0,99,8
206,2026-03-14,515.0,68,7
207,2026-04-18,837.0,26,3
208,2026-07-25,142.0,33,10
209,2026-01-14,896.0,48,8
210,2026-05-22,729.0,67,2
211,2026-08-06,292.0,11,2
212,2026-07-15,280.0,58,3
213,2026-08-20,151.0,56,9
214,2026-01-24,837.0,58,4
215,2026-08-15,953.0,4,6
216,2026-04-17,406.0,65,1
217,2026-04-06,396.0,11,4
218,2026-04-06,29.0,41,4
219,2026-08-27,860.0,92,2
220,2026-06-16,811.0,19,6
221,2026-02-05,294.0,61,1
222,2026-06-28,778.0,91,3
223,2026-05-01,631.0,1,8
224,2026-08-20,20.0,33,2
225,2026-02-25,562.0,94,3
226,2026-06-05,434.0,15,9
227,2026-07-18,244.0,39,5
228,2026-02-01,245.0,54,1
229,2026-06-13,469.0,9,10
230,2026-01-29,612.0,69,8
231,2026-01-05,589.0,31,9
232,2026-07-03,299.0,55,3
233,2026-01-01,362.0,31,10
234,2026-05-27,192.0,86,7
235,2026-06-21,537.0,47,2
236,2026-01-18,558.0,65,9
237,2026-07-21,568.0,3,9
238,2026-04-10,45.0,82,8
239,2026-04-10,260.0,96,6
240,2026-01-05,808.0,9,6
241,2026-03-30,751.0,85,4
242,2026-06-10,791.0,75,2
243,2026-07-08,137.0,6,6
244,2026-04-01,347.0,83,9
245,2026-02-14,713.0,62,8
246,2026-06-11,831.0,18,3
247,2026-01-17,38.0,38,8
248,2026-02-21,811.0,26,1
249,2026-08-15,324.0,40,1
250,2026-05-12,835.0,70,7
251,2026-05-02,38.0,97,5
252,2026-06-15,293.0,46,4
253,2026-08-09,887.0,84,1
254,2026-03-26,128.0,48,5
255,2026-04-22,762.0,57,7
256,2026-08-18,348.0,24,7
257,2026-05-08,377.0,67,8
258,2026-03-10,745.0,55,2
259,2026-01-21,617.0,24,7
260,2026-05-20,329.0,14,5
261,2026-01-21,677.0,38,6
262,2026-03-20,618.0,92,8
263,2026-04-20,707.0,57,3
264,2026-03-31,44.0,94,8
265,2026-08-11,630.0,56,6
266,2026-03-12,77.0,86,1
267,2026-06-13,373.0,66,7
268,2026-07-25,976.0,4,3
269,2026-02-06,695.0,57,10
270,2026-01-09,69.0,31,3
271,2026-07-19,371.0,50,6
272,2026-05-26,620.0,20,1
273,2026-06-23,972.0,48,8
274,2026-04-06,782.0,10,8
275,2026-05-27,543.0,47,3
276,2026-04-12,666.0,36,6
277,2026-03-05,27.0,95,2
278,2026-02-17,531.0,50,8
279,2026-08-22,121.0,34,9
280,2026-07-18,721.0,58,5
281,2026-02-24,293.0,89,10
282,2026-08-23,205.0,16,8
283,2026-02-04,463.0,23,2
284,2026-08-19,90.0,88,8
285,2026-08-05,684.0,45,6
286,2026-07-01,564.0,70,2
287,2026-03-16,872.0,21,5
288,2026-07-02,813.0,47,3
289,2026-05-11,125.0,26,4
290,2026-07-22,243.0,64,3
291,2026-01-07,568.0,74,6
292,2026-04-05,823.0,71,8
293,2026-02-03,906.0,12,10
294,2026-01-17,408.0,92,5
295,2026-07-04,539.0,53,8
296,2026-07-16,844.0,74,7
297,2026-01-19,996.0,41,3
298,2026-06-14,461.0,60,2
299,2026-06-24,353.0,17,9
300,2026-08-13,656.0,76,9
301,2026-02-16,444.0,65,3
302,2026-08-22,852.0,16,1
303,2026-05-13,312.0,22,3
304,2026-02-11,958.0,91,6
305,2026-02-27,971.0,67,6
306,2026-08-18,867.0,11,5
307,2026-03-06,651.0,71,4
308,2026-03-12,641.0,39,3
309,2026-06-07,96.0,65,9
310,2026-06-14,607.0,75,3
311,2026-02-09,675.0,80,3
312,2026-07-04,346.0,73,10
313,2026-01-11,84.0,6,1
314,2026-06-14,272.0,84,10
315,2026-02-23,427.0,80,10
316,2026-06-13,510.0,81,1
317,2026-05-20,658.0,39,5
318,2026-05-04,825.0,88,4
319,2026-04-14,465.0,10,5
320,2026-06-26,162.0,57,1
321,2026-04-17,476.0,27,8
322,2026-03-29,148.0,41,10
323,2026-08-09,752.0,45,6
324,2026-04-13,779.0,48,3
325,2026-05-12,109.0,41,9
326,2026-03-03,126.0,35,8
327,2026-04-26,145.0,13,4
328,2026-01-13,969.0,50,5
329,2026-08-10,429.0,32,10
330,2026-08-10,834.0,42,3
331,2026-08-28,739.0,41,10
332,2026-02-18,511.0,66,3
333,2026-04-30,901.0,40,8
334,2026-05-08,93.0,51,1
335,2026-05-10,990.0,31,8
336,2026-02-25,362.0,7,10
337,2026-01-13,507.0,77,5
338,2026-08-14,293.0,69,8
339,2026-01-03,442.0,18,2
340,2026-08-14,745.0,47,5
341,2026-07-15,375.0,6,7
342,2026-04-13,584.0,72,1
343,2026-02-19,567.0,37,6
344,2026-01-19,517.0,58,7
345,2026-07-15,287.0,80,9
346,2026-06-24,122.0,17,10
347,2026-01-25,383.0,44,7
348,2026-05-23,774.0,19,6
349,2026-02-20,522.0,52,10
350,2026-05-09,47.0,5,1
351,2026-02-05,824.0,61,6
352,2026-05-13,153.0,78,8
353,2026-08-17,144.0,42,9
354,2026-08-27,327.0,21,10
355,2026-04-11,758.0,39,10
356,2026-06-01,520.0,66,6
357,2026-05-17,726.0,73,8
358,2026-03-18,836.0,3,8
359,2026-04-05,690.0,15,6
360,2026-04-17,316.0,93,10
361,2026-08-12,612.0,61,1
362,2026-03-09,592.0,30,10
363,2026-07-04,598.0,62,1
364,2026-02-13,645.0,93,9
365,2026-06-08,152.0,88,7
366,2026-03-04,587.0,90,1
367,2026-01-29,20.0,57,4
368,2026-03-22,156.0,53,7
369,2026-06-26,421.0,65,4
370,2026-07-18,943.0,61,10
371,2026-08-12,723.0,18,1
372,2026-05-13,575.0,42,4
373,2026-06-19,539.0,49,8
374,2026-03-22,471.0,69,3
375,2026-03-29,363.0,87,9
376,2026-07-17,625.0,62,5
377,2026-02-19,286.0,72,4
378,2026-03-18,965.0,39,4
379,2026-07-17,722.0,27,5
380,2026-06-26,325.0,62,8
381,2026-03-31,957.0,93,9
382,2026-03-12,125.0,74,5
383,2026-06-23,389.0,51,9
384,2026-07-29,978.0,99,6
385,2026-07-25,298.0,6,3
386,2026-03-15,355.0,57,2
387,2026-06-17,766.0,62,5
388,2026-02-24,848.0,69,4
389,2026-03-11,713.0,35,9
390,2026-02-05,631.0,95,2
391,2026-05-31,249.0,7,4
392,2026-06-21,232.0,82,9
393,2026-03-01,103.0,53,1
394,2026-03-26,103.0,88,8
395,2026-07-17,6.0,71,3
396,2026-08-26,417.0,84,3
397,2026-08-28,489.0,84,8
398,2026-02-21,329.0,37,5
399,2026-06-15,930.0,99,1
400,2026-01-23,238.0,69,10
401,2026-07-09,936.0,23,1
402,2026-04-17,957.0,5,3
403,2026-08-03,807.0,64,7
404,2026-02-17,898.0,5,5
405,2026-01-03,582.0,78,5
406,2026-01-28,292.0,59,6
407,2026-06-14,537.0,64,9
408,2026-08-16,872.0,65,3
409,2026-04-30,198.0,15,5
410,2026-03-26,749.0,59,3
411,2026-06-15,736.0,24,5
412,2026-01-04,810.0,38,6
413,2026-05-26,180.0,79,4
414,2026-08-08,847.0,55,7
415,2026-05-12,89.0,52,6
416,2026-06-21,190.0,18,2
417,2026-05-03,959.0,32,6
418,2026-01-02,393.0,31,5
419,2026-04-25,977.0,43,5
420,2026-03-19,741.0,74,10
421,2026-01-03,670.0,47,5
422,2026-06-27,64.0,86,4
423,2026-01-31,315.0,21,8
424,2026-04-14,946.0,91,9
425,2026-07-17,707.0,16,5
426,2026-06-13,377.0,79,5
427,2026-02-26,981.0,18,4
428,2026-05-03,466.0,96,3
429,2026-06-05,426.0,90,6
430,2026-05-21,776.0,69,8
431,2026-07-25,781.0,32,4
432,2026-06-24,895.0,11,10
433,2026-05-15,541.0,91,8
434,2026-04-03,940.0,73,2
435,2026-01-29,849.0,71,1
436,2026-08-20,208.0,74,9
437,2026-05-18,169.0,42,3
438,2026-08-07,453.0,15,9
439,2026-06-24,735.0,75,4
440,2026-05-06,921.0,66,2
441,2026-04-25,465.0,17,1
442,2026-05-12,468.0,73,7
443,2026-01-15,474.0,87,9
444,2026-07-26,741.0,3,5
445,2026-04-12,837.0,1,5
446,2026-07-10,593.0,10,4
447,2026-01-12,353.0,90,7
448,2026-01-17,62.0,9,9
449,2026-08-28,33.0,37,8
450,2026-04-15,788.0,18,3
451,2026-07-16,384.0,49,7
452,2026-04-25,385.0,11,7
453,2026-06-24,137.0,84,9
454,2026-08-09,122.0,23,6
455,2026-05-18,542.0,17,7
456,2026-07-06,855.0,1,4
457,2026-07-13,306.0,60,1
458,2026-06-22,435.0,69,9
459,2026-04-08,254.0,59,4
460,2026-03-30,283.0,25,3
461,2026-08-28,33.0,85,2
462,2026-04-18,785.0,3,10
463,2026-03-03,69.0,13,4
464,2026-06-02,458.0,77,1
465,2026-06-22,251.0,95,1
466,2026-01-12,450.0,30,7
467,2026-05-19,773.0,100,4
468,2026-01-15,516.0,38,3
469,2026-03-01,327.0,74,10
470,2026-06-03,243.0,39,6
471,2026-08-13,677.0,67,3
472,2026-02-26,308.0,36,7
473,2026-01-16,972.0,76,9
474,2026-08-14,642.0,87,3
475,2026-04-20,508.0,7,9
476,2026-03-30,805.0,68,7
477,2026-03-23,419.0,20,7
478,2026-03-18,189.0,97,7
479,2026-05-18,247.0,29,8
480,2026-03-18,826.0,60,3
481,2026-08-23,576.0,53,1
482,2026-04-17,543.0,18,9
483,2026-04-10,262.0,27,4
484,2026-03-26,945.0,58,2
485,2026-08-05,95.0,69,6
486,2026-07-05,53.0,35,4
487,2026-04-07,618.0,6,10
488,2026-08-12,193.0,98,2
489,2026-05-31,223.0,62,9
490,2026-02-23,311.0,2,6
491,2026-02-24,986.0,95,4
492,2026-01-31,937.0,32,8
493,2026-06-28,721.0,27,10
494,2026-04-12,566.0,42,4
495,2026-07-18,390.0,60,5
496,2026-05-17,316.0,34,6
497,2026-04-03,904.0,64,9
498,2026-04-30,823.0,93,2
499,2026-05-01,937.0,27,6
500,2026-04-05,424.0,6,6
501,2026-05-25,760.0,19,4
502,2026-01-05,567.0,75,5
503,2026-05-29,303.0,20,7
504,2026-02-20,236.0,49,6
505,2026-05-26,512.0,71,4
506,2026-06-17,264.0,98,6
507,2026-07-30,990.0,93,8
508,2026-06-14,472.0,22,8
509,2026-07-07,174.0,18,6
510,2026-07-04,501.0,24,9
511,2026-08-23,658.0,8,9
512,2026-05-15,860.0,10,1
513,2026-07-29,783.0,1,1
514,2026-04-16,863.0,81,3
515,2026-03-01,725.0,20,2
516,2026-01-03,518.0,59,4
517,2026-04-06,633.0,82,1
518,2026-06-20,935.0,62,10
519,2026-06-18,17.0,1,8
520,2026-05-17,422.0,2,9
521,2026-01-05,740.0,36,9
522,2026-05-18,18.0,65,5
523,2026-07-28,826.0,23,7
524,2026-01-28,537.0,20,2
525,2026-03-03,635.0,68,4
526,2026-03-06,274.0,51,6
527,2026-01-21,983.0,52,6
528,2026-04-28,250.0,90,10
529,2026-02-27,701.0,11,5
530,2026-06-17,96.0,52,1
531,2026-04-08,566.0,61,7
532,2026-01-15,720.0,22,1
533,2026-01-22,866.0,56,8
534,2026-06-15,580.0,13,6
535,2026-08-18,942.0,6,9
536,2026-02-28,923.0,89,4
537,2026-08-16,487.0,35,10
538,2026-01-12,701.0,36,2
539,2026-08-19,578.0,85,9
540,2026-01-09,952.0,41,3
541,2026-01-05,602.0,19,4
542,2026-07-12,952.0,10,7
543,2026-03-18,578.0,31,3
544,2026-05-26,694.0,70,7
545,2026-03-26,774.0,95,7
546,2026-02-05,513.0,96,2
547,2026-03-30,101.0,56,1
548,2026-03-01,349.0,78,2
549,2026-07-16,978.0,77,10
550,2026-04-12,31.0,82,6
551,2026-03-11,503.0,30,8
552,2026-04-02,964.0,49,9
553,2026-04-21,697.0,75,3
554,2026-06-19,88.0,99,7
555,2026-06-08,818.0,32,5
556,2026-07-02,85.0,35,2
557,2026-02-09,729.0,82,7
558,2026-02-09,325.0,47,7
559,2026-01-28,6.0,40,2
560,2026-04-24,780.0,35,6
561,2026-01-27,90.0,24,3
562,2026-04-21,571.0,72,8
563,2026-05-12,106.0,4,7
564,2026-01-23,568.0,12,6
565,2026-06-02,804.0,42,10
566,2026-08-10,13.0,38,7
567,2026-04-16,798.0,11,7
568,2026-07-05,927.0,32,9
569,2026-05-27,174.0,88,9
570,2026-04-08,143.0,35,3
571,2026-03-19,505.0,19,5
572,2026-01-17,446.0,36,3
573,2026-04-18,496.0,10,5
574,2026-04-03,967.0,32,5
575,2026-07-04,609.0,79,8
576,2026-02-20,110.0,18,8
577,2026-03-19,972.0,51,1
578,2026-03-27,390.0,43,10
579,2026-04-23,441.0,84,6
580,2026-06-02,308.0,42,3
581,2026-06-04,491.0,41,4
582,2026-02-15,992.0,41,7
583,2026-03-16,991.0,74,8
584,2026-07-20,334.0,49,4
585,2026-03-13,374.0,15,7
586,2026-08-27,205.0,76,10
587,2026-05-20,699.0,99,3
588,2026-05-21,976.0,94,1
589,2026-04-29,449.0,38,4
590,2026-08-01,839.0,53,2
591,2026-06-22,143.0,82,8
592,2026-03-19,259.0,85,4
593,2026-02-09,809.0,49,7
594,2026-01-19,613.0,62,8
595,2026-05-30,548.0,65,7
596,2026-08-25,557.0,5,7
597,2026-07-22,719.0,69,6
598,2026-06-02,112.0,99,2
599,2026-03-05,171.0,83,6
600,2026-06-06,577.0,83,1
601,2026-06-23,991.0,97,7
602,2026-03-26,109.0,2,7
603,2026-01-26,228.0,66,5
604,2026-07-11,572.0,75,9
605,2026-06-26,227.0,58,10
606,2026-04-06,475.0,99,7
607,2026-06-23,708.0,65,10
608,2026-02-08,26.0,62,6
609,2026-01-27,426.0,11,5
610,2026-01-30,357.0,40,3
611,2026-03-29,804.0,27,8
612,2026-05-14,357.0,61,8
613,2026-01-25,740.0,90,8
614,2026-04-26,69.0,39,6
615,2026-01-12,24.0,44,2
616,2026-06-15,694.0,22,2
617,2026-08-27,529.0,23,4
618,2026-05-22,339.0,72,3
619,2026-04-20,238.0,52,8
620,2026-06-11,191.0,82,3
621,2026-06-18,406.0,4,7
622,2026-07-08,905.0,26,10
623,2026-04-26,440.0,50,10
624,2026-01-02,211.0,36,4
625,2026-07-12,592.0,14,2
626,2026-07-24,192.0,47,9
627,2026-03-25,469.0,15,4
628,2026-03-09,541.0,82,8
629,2026-03-22,398.0,79,10
630,2026-04-11,117.0,45,10
631,2026-04-01,633.0,23,8
632,2026-07-28,941.0,79,5
633,2026-06-01,689.0,18,2
634,2026-03-22,245.0,40,2
635,2026-01-30,383.0,89,3
636,2026-02-06,398.0,54,9
637,2026-06-02,589.0,50,3
638,2026-04-19,499.0,82,3
639,2026-05-18,569.0,22,3
640,2026-05-06,144.0,24,5
641,2026-03-22,635.0,7,8
642,2026-08-10,975.0,2,6
643,2026-05-05,200.0,50,3
644,2026-05-24,669.0,64,9
645,2026-04-15,426.0,91,8
646,2026-08-04,501.0,22,8
647,2026-01-22,32.0,98,10
648,2026-02-26,34.0,36,5
649,2026-02-27,296.0,22,9
650,2026-07-19,580.0,96,8
651,2026-07-17,563.0,66,8
652,2026-01-29,117.0,35,10
653,2026-07-18,844.0,47,9
654,2026-05-19,779.0,93,1
655,2026-04-23,224.0,55,9
656,2026-01-27,305.0,5,4
657,2026-04-26,357.0,12,5
658,2026-04-23,795.0,31,2
659,2026-02-23,706.0,45,10
660,2026-08-09,648.0,55,10
661,2026-02-12,143.0,27,10
662,2026-07-28,825.0,8,4
663,2026-05-26,546.0,36,6
664,2026-06-02,173.0,42,9
665,2026-06-30,297.0,74,5
666,2026-03-10,922.0,87,9
667,2026-07-28,139.0,97,2
668,2026-07-21,941.0,8,7
669,2026-03-12,719.0,17,3
670,2026-03-05,729.0,42,3
671,2026-08-01,780.0,87,4
672,2026-04-11,146.0,74,8
673,2026-06-11,643.0,54,5
674,2026-04-07,78.0,82,8
675,2026-07-23,413.0,66,2
676,2026-07-11,712.0,48,5
677,2026-04-27,336.0,75,8
678,2026-01-01,749.0,59,2
679,2026-06-12,871.0,9,6
680,2026-07-23,408.0,28,9
681,2026-04-20,507.0,35,4
682,2026-03-24,346.0,71,5
683,2026-05-28,580.0,63,3
684,2026-07-21,916.0,88,6
685,2026-07-15,48.0,13,1
686,2026-06-10,17.0,16,8
687,2026-08-26,452.0,59,3
688,2026-01-01,208.0,89,7
689,2026-08-21,904.0,84,3
690,2026-03-19,896.0,36,3
691,2026-01-24,257.0,11,6
692,2026-04-06,54.0,51,3
693,2026-06-10,744.0,90,5
694,2026-07-13,440.0,84,4
695,2026-01-24,2.0,28,2
696,2026-05-03,136.0,76,2
697,2026-02-27,697.0,57,9
698,2026-01-03,713.0,44,1
699,2026-07-29,881.0,55,2
700,2026-06-27,490.0,10,3
701,2026-02-28,92.0,94,7
702,2026-07-26,106.0,41,2
703,2026-04-05,141.0,49,5
704,2026-07-18,657.0,87,3
705,2026-02-06,544.0,73,2
706,2026-01-03,666.0,22,10
707,2026-04-23,740.0,28,6
708,2026-06-10,942.0,53,3
709,2026-06-07,881.0,28,8
710,2026-01-23,144.0,97,2
711,2026-02-01,748.0,50,10
712,2026-03-31,323.0,18,7
713,2026-03-05,661.0,11,5
714,2026-03-05,616.0,77,9
715,2026-07-04,292.0,100,10
716,2026-08-29,869.0,85,1
717,2026-08-13,211.0,67,5
718,2026-06-05,194.0,96,9
719,2026-04-11,662.0,7,5
720,2026-07-20,507.0,50,4
721,2026-01-29,512.0,82,4
722,2026-06-02,541.0,2,2
723,2026-04-03,136.0,50,6
724,2026-08-09,431.0,47,10
725,2026-05-20,782.0,61,3
726,2026-07-17,18.0,76,2
727,2026-01-18,269.0,28,1
728,2026-01-11,972.0,51,1
729,2026-05-10,644.0,92,5
730,2026-05-09,434.0,90,7
731,2026-04-13,656.0,69,2
732,2026-05-18,157.0,36,10
733,2026-01-22,81.0,66,5
734,2026-08-24,998.0,20,4
735,2026-05-18,401.0,76,6
736,2026-06-12,318.0,90,2
737,2026-04-22,60.0,32,4
738,2026-01-23,119.0,59,7
739,2026-06-06,57.0,40,10
740,2026-06-20,123.0,2,3
741,2026-07-01,719.0,2,3
742,2026-02-11,976.0,45,8
743,2026-05-14,802.0,93,9
744,2026-03-08,381.0,17,3
745,2026-07-11,751.0,16,5
746,2026-07-17,344.0,55,1
747,2026-03-11,66.0,34,9
748,2026-07-02,643.0,10,10
749,2026-05-08,524.0,47,8
750,2026-01-15,880.0,73,8
751,2026-02-12,162.0,33,6
752,2026-07-17,916.0,74,2
753,2026-06-22,234.0,95,2
754,2026-05-11,46.0,2,1
755,2026-03-04,484.0,47,1
756,2026-04-09,184.0,5,3
757,2026-05-22,230.0,42,7
758,2026-03-05,938.0,93,7
759,2026-03-23,846.0,10,5
760,2026-05-27,123.0,65,6
761,2026-06-22,184.0,29,1
762,2026-07-25,48.0,52,9
763,2026-01-18,887.0,37,8
764,2026-07-18,336.0,12,5
765,2026-05-22,9.0,48,8
766,2026-02-21,578.0,39,5
767,2026-07-09,249.0,60,10
768,2026-04-05,996.0,64,10
769,2026-07-17,751.0,70,4
770,2026-07-14,155.0,1,4
771,2026-08-27,25.0,30,7
772,2026-05-19,652.0,89,6
773,2026-08-13,974.0,43,1
774,2026-01-01,870.0,95,7
775,2026-07-06,107.0,27,5
776,2026-05-16,430.0,63,4
777,2026-01-16,729.0,36,3
778,2026-01-24,944.0,30,1
779,2026-08-18,423.0,90,9
780,2026-08-18,470.0,96,6
781,2026-01-22,98.0,65,10
782,2026-02-04,77.0,76,7
783,2026-05-26,446.0,85,1
784,2026-02-03,299.0,34,4
785,2026-08-06,949.0,51,6
786,2026-06-29,326.0,58,6
787,2026-03-11,77.0,26,4
788,2026-02-04,112.0,20,10
789,2026-01-28,461.0,60,3
790,2026-03-22,124.0,69,7
791,2026-04-02,463.0,40,4
792,2026-04-29,873.0,16,5
793,2026-01-24,827.0,88,3
794,2026-03-19,42.0,28,10
795,2026-08-02,152.0,12,6
796,2026-07-02,992.0,46,4
797,2026-04-12,51.0,87,9
798,2026-03-18,840.0,23,5
799,2026-01-08,876.0,58,7
800,2026-05-23,256.0,13,9
801,2026-04-29,824.0,18,2
802,2026-02-01,64.0,100,1
803,2026-02-26,203.0,52,3
804,2026-04-06,597.0,76,2
805,2026-03-08,23.0,9,2
806,2026-02-20,829.0,17,8
807,2026-01-24,126.0,6,6
808,2026-04-29,173.0,74,1
809,2026-04-21,509.0,4,7
810,2026-04-08,177.0,46,7
811,2026-02-24,282.0,36,3
812,2026-04-25,36.0,79,3
813,2026-06-08,252.0,83,10
814,2026-03-17,422.0,71,8
815,2026-05-03,90.0,36,1
816,2026-04-09,430.0,26,3
817,2026-06-14,256.0,81,9
818,2026-07-25,814.0,3,9
819,2026-04-08,492.0,70,6
820,2026-07-20,353.0,73,8
821,2026-05-09,398.0,35,6
822,2026-02-16,327.0,77,1
823,2026-02-26,918.0,100,1
824,2026-03-13,829.0,61,1
825,2026-05-16,786.0,75,6
826,2026-03-01,103.0,32,3
827,2026-06-18,273.0,69,4
828,2026-07-28,783.0,29,1
829,2026-05-28,364.0,23,7
830,2026-02-15,607.0,41,4
831,2026-07-26,936.0,76,6
832,2026-01-08,971.0,73,6
833,2026-05-25,577.0,25,3
834,2026-08-03,556.0,40,8
835,2026-02-14,39.0,12,8
836,2026-01-15,617.0,29,4
837,2026-01-06,490.0,1,9
838,2026-03-26,207.0,17,10
839,2026-03-29,941.0,42,3
840,2026-01-16,152.0,76,1
841,2026-06-30,793.0,15,3
842,2026-08-05,882.0,47,9
843,2026-01-19,722.0,85,6
844,2026-04-12,104.0,44,10
845,2026-03-19,140.0,21,6
846,2026-07-07,811.0,82,7
847,2026-05-05,179.0,91,6
848,2026-05-24,806.0,46,10
849,2026-02-27,835.0,23,10
850,2026-04-07,752.0,89,5
851,2026-03-17,182.0,94,3
852,2026-01-01,401.0,99,10
853,2026-05-26,187.0,78,1
854,2026-03-23,227.0,82,10
855,2026-05-25,960.0,64,2
856,2026-02-06,764.0,10,6
857,2026-03-02,328.0,22,6
858,2026-06-12,842.0,91,2
859,2026-06-21,458.0,2,6
860,2026-03-09,256.0,89,4
861,2026-01-18,263.0,14,6
862,2026-07-04,50.0,50,1
863,2026-04-23,993.0,22,7
864,2026-08-15,505.0,49,7
865,2026-03-31,385.0,13,9
866,2026-08-01,808.0,74,8
867,2026-06-16,167.0,58,4
868,2026-01-19,302.0,3,1
869,2026-03-23,975.0,14,5
870,2026-01-19,175.0,49,6
871,2026-02-11,561.0,12,2
872,2026-03-28,629.0,62,10
873,2026-06-30,442.0,84,1
874,2026-02-12,912.0,56,10
875,2026-02-10,104.0,43,1
876,2026-02-22,420.0,90,4
877,2026-05-22,272.0,85,9
878,2026-03-14,244.0,13,5
879,2026-01-13,586.0,71,7
880,2026-08-04,158.0,7,8
881,2026-04-03,438.0,12,1
882,2026-03-17,492.0,26,10
883,2026-01-25,212.0,22,1
884,2026-06-13,84.0,61,5
885,2026-08-05,316.0,51,2
886,2026-05-01,917.0,85,8
887,2026-03-09,658.0,70,2
888,2026-04-10,380.0,49,3
889,2026-04-05,457.0,6,3
890,2026-03-09,477.0,34,8
891,2026-02-27,578.0,8,5
892,2026-02-08,88.0,86,2
893,2026-03-30,424.0,97,9
894,2026-05-31,567.0,8,4
895,2026-08-04,839.0,67,7
896,2026-04-18,704.0,61,9
897,2026-05-27,488.0,39,4
898,2026-01-21,925.0,92,7
899,2026-01-09,585.0,67,9
900,2026-07-24,694.0,80,10
901,2026-02-07,973.0,97,2
902,2026-04-25,972.0,22,3
903,2026-02-24,130.0,6,4
904,2026-04-19,700.0,56,2
905,2026-02-21,855.0,77,3
906,2026-03-08,933.0,94,6
907,2026-08-23,90.0,50,2
908,2026-05-23,566.0,42,7
909,2026-08-08,533.0,59,5
910,2026-08-23,806.0,90,1
911,2026-06-09,536.0,54,10
912,2026-01-29,154.0,19,7
913,2026-05-26,597.0,98,10
914,2026-08-29,948.0,14,2
915,2026-05-25,805.0,37,2
916,2026-08-11,902.0,45,9
917,2026-08-13,271.0,50,7
918,2026-06-17,586.0,78,8
919,2026-05-02,177.0,36,1
920,2026-04-14,634.0,78,3
921,2026-06-24,40.0,51,7
922,2026-08-16,708.0,31,6
923,2026-01-13,943.0,35,8
924,2026-08-18,21.0,44,6
925,2026-07-29,319.0,36,5
926,2026-08-04,879.0,90,8
927,2026-06-25,996.0,30,2
928,2026-02-04,998.0,96,5
929,2026-04-24,276.0,94,6
930,2026-04-17,662.0,12,10
931,2026-02-18,217.0,53,8
932,2026-07-09,778.0,67,8
933,2026-08-11,841.0,8,6
934,2026-05-12,68.0,40,3
935,2026-07-01,414.0,18,9
936,2026-07-19,901.0,73,9
937,2026-01-08,198.0,26,3
938,2026-08-03,256.0,5,1
939,2026-04-27,941.0,47,1
940,2026-06-30,281.0,48,4
941,2026-07-30,518.0,51,8
942,2026-06-12,698.0,4,2
943,2026-03-03,501.0,77,6
944,2026-04-25,984.0,61,3
945,2026-05-31,359.0,45,9
946,2026-02-11,767.0,89,5
947,2026-01-24,29.0,50,5
948,2026-01-13,875.0,74,3
949,2026-07-19,878.0,29,4
950,2026-06-15,694.0,27,4
951,2026-03-10,526.0,3,7
952,2026-08-10,486.0,17,1
953,2026-06-15,616.0,2,3
954,2026-02-27,623.0,40,5
955,2026-07-02,434.0,49,5
956,2026-08-07,471.0,33,6
957,2026-02-25,310.0,87,8
958,2026-05-14,407.0,75,10
959,2026-01-27,524.0,85,1
960,2026-08-04,575.0,83,6
961,2026-06-02,290.0,39,10
962,2026-06-25,494.0,9,2
963,2026-03-28,656.0,42,5
964,2026-08-09,268.0,84,5
965,2026-07-02,193.0,20,5
966,2026-05-13,922.0,8,4
967,2026-07-26,414.0,85,10
968,2026-03-23,739.0,4,3
969,2026-06-17,303.0,34,8
970,2026-08-21,415.0,50,7
971,2026-07-08,598.0,91,1
972,2026-05-27,352.0,93,4
973,2026-07-02,703.0,69,4
974,2026-06-13,929.0,86,8
975,2026-04-02,308.0,22,9
976,2026-08-04,186.0,38,9
977,2026-01-25,132.0,95,8
978,2026-03-08,782.0,24,9
979,2026-06-24,671.0,12,6
980,2026-02-26,229.0,96,6
981,2026-08-12,431.0,43,5
982,2026-04-06,600.0,38,5
983,2026-04-29,482.0,7,2
984,2026-08-10,595.0,80,10
985,2026-01-19,911.0,25,8
986,2026-05-09,889.0,88,2
987,2026-04-08,306.0,53,9
988,2026-01-14,141.0,26,3
989,2026-03-29,584.0,59,7
990,2026-02-06,884.0,92,6
991,2026-02-16,500.0,43,2
992,2026-06-11,321.0,82,3
993,2026-01-15,463.0,36,1
994,2026-02-23,591.0,98,3
995,2026-02-10,805.0,98,8
996,2026-07-19,133.0,79,2
997,2026-04-22,414.0,55,7
998,2026-05-03,5.0,5,7
999,2026-05-17,749.0,48,4
1000,2026-01-04,776.0,68,6
1001,2026-02-18,693.0,1,1
1002,2026-06-10,232.0,89,4
1003,2026-08-13,320.0,17,6
1004,2026-01-27,516.0,76,7
1005,2026-03-20,67.0,6,3
1006,2026-03-18,467.0,94,5
1007,2026-05-14,537.0,44,10
1008,2026-04-22,351.0,63,3
1009,2026-04-02,169.0,52,4
1010,2026-01-05,230.0,94,4
1011,2026-02-03,752.0,3,4
1012,2026-05-31,174.0,16,9
1013,2026-04-04,385.0,82,1
1014,2026-03-07,639.0,7,9
1015,2026-06-02,678.0,14,1
1016,2026-06-17,50.0,89,1
1017,2026-01-30,455.0,49,7
1018,2026-02-01,259.0,61,9
1019,2026-06-29,211.0,89,3
1020,2026-06-25,309.0,54,1
1021,2026-06-19,679.0,67,2
1022,2026-03-11,621.0,90,10
1023,2026-02-05,851.0,14,7
1024,2026-05-11,121.0,37,10
1025,2026-01-30,510.0,26,2
1026,2026-06-05,797.0,34,4
1027,2026-08-01,997.0,26,9
1028,2026-04-02,303.0,21,7
1029,2026-01-11,509.0,27,9
1030,2026-06-26,339.0,31,8
1031,2026-01-01,688.0,12,1
1032,2026-08-21,856.0,74,2
1033,2026-06-21,153.0,12,8
1034,2026-07-19,77.0,93,9
1035,2026-07-05,927.0,33,2
1036,2026-06-14,468.0,38,4
1037,2026-03-09,52.0,13,8
1038,2026-07-28,896.0,6,3
1039,2026-08-07,369.0,87,5
1040,2026-03-22,757.0,15,7
1041,2026-01-25,10.0,18,1
1042,2026-06-19,337.0,46,3
1043,2026-08-17,979.0,80,8
1044,2026-03-10,382.0,44,2
1045,2026-02-16,411.0,52,2
1046,2026-04-27,856.0,50,5
1047,2026-06-26,820.0,54,8
1048,2026-06-16,116.0,17,3
1049,2026-06-28,966.0,21,1
1050,2026-01-27,934.0,76,7
1051,2026-05-04,695.0,57,10
1052,2026-02-16,389.0,100,10
1053,2026-04-02,30.0,88,10
1054,2026-08-14,495.0,63,3
1055,2026-01-29,452.0,6,7
1056,2026-01-17,671.0,41,5
1057,2026-01-04,786.0,96,9
1058,2026-05-28,230.0,86,10
1059,2026-08-12,532.0,67,6
1060,2026-06-26,98.0,56,10
1061,2026-06-19,494.0,45,4
1062,2026-06-19,153.0,72,7
1063,2026-08-17,56.0,2,10
1064,2026-06-14,518.0,61,3
1065,2026-08-07,891.0,22,8
1066,2026-01-20,329.0,31,8
1067,2026-03-26,52.0,65,5
1068,2026-02-27,659.0,49,9
1069,2026-04-14,81.0,59,4
1070,2026-04-24,459.0,12,10
1071,2026-08-08,458.0,41,8
1072,2026-01-31,764.0,84,8
1073,2026-01-05,414.0,53,2
1074,2026-01-10,563.0,1,9
1075,2026-07-31,811.0,78,2
1076,2026-06-08,912.0,66,5
1077,2026-05-24,671.0,86,4
1078,2026-04-27,373.0,7,6
1079,2026-07-29,865.0,59,4
1080,2026-03-26,786.0,80,9
1081,2026-06-03,734.0,85,8
1082,2026-04-04,117.0,13,8
1083,2026-07-14,3.0,44,4
1084,2026-04-01,561.0,67,5
1085,2026-04-06,47.0,22,2
1086,2026-05-07,842.0,92,3
1087,2026-07-10,110.0,33,7
1088,2026-06-06,193.0,16,4
1089,2026-08-27,221.0,59,7
1090,2026-07-31,734.0,44,4
1091,2026-01-28,48.0,82,7
1092,2026-08-03,127.0,99,10
1093,2026-08-17,469.0,85,8
1094,2026-05-31,138.0,64,9
1095,2026-01-02,754.0,7,9
1096,2026-05-22,859.0,75,7
1097,2026-05-04,800.0,23,9
1098,2026-06-27,178.0,94,10
1099,2026-07-28,107.0,50,3
1100,2026-06-18,621.0,42,10
1101,2026-05-10,429.0,78,7
1102,2026-08-23,281.0,51,4
1103,2026-03-29,464.0,18,5
1104,2026-02-05,617.0,90,7
1105,2026-08-15,307.0,90,9
1106,2026-05-21,729.0,95,6
1107,2026-08-28,648.0,28,9
1108,2026-02-21,640.0,92,4
1109,2026-03-16,944.0,87,6
1110,2026-02-03,516.0,70,3
1111,2026-06-27,728.0,15,6
1112,2026-07-14,576.0,62,6
1113,2026-05-30,966.0,86,10
1114,2026-07-01,691.0,96,7
1115,2026-08-17,293.0,55,9
1116,2026-07-26,536.0,14,1
1117,2026-01-07,149.0,7,7
1118,2026-06-21,205.0,35,1
1119,2026-07-12,294.0,88,3
1120,2026-03-06,860.0,8,3
1121,2026-06-26,209.0,97,5
1122,2026-05-19,368.0,58,1
1123,2026-01-27,889.0,87,10
1124,2026-07-09,886.0,29,9
1125,2026-07-10,399.0,31,9
1126,2026-05-11,710.0,86,5
1127,2026-01-13,397.0,54,7
1128,2026-07-21,990.0,71,6
1129,2026-01-14,762.0,33,1
1130,2026-02-21,890.0,100,10
1131,2026-08-09,850.0,29,8
1132,2026-08-22,774.0,76,6
1133,2026-05-20,202.0,100,10
1134,2026-07-05,302.0,58,4
1135,2026-02-15,192.0,23,2
1136,2026-07-08,123.0,49,9
1137,2026-01-11,286.0,72,7
1138,2026-03-09,165.0,75,3
1139,2026-08-05,6.0,43,5
1140,2026-04-30,41.0,20,3
1141,2026-08-26,612.0,7,6
1142,2026-07-18,864.0,85,10
1143,2026-03-19,809.0,74,8
1144,2026-05-21,75.0,91,6
1145,2026-03-23,226.0,24,9
1146,2026-05-14,806.0,65,2
1147,2026-02-10,557.0,69,7
1148,2026-04-14,358.0,29,2
1149,2026-08-15,680.0,43,4
1150,2026-03-26,301.0,28,6
1151,2026-07-12,544.0,61,10
1152,2026-05-24,118.0,86,1
1153,2026-03-30,247.0,83,8
1154,2026-06-07,250.0,6,10
1155,2026-06-24,391.0,15,6
1156,2026-04-09,554.0,93,5
1157,2026-03-14,934.0,67,1
1158,2026-07-30,527.0,66,6
1159,2026-04-25,45.0,38,8
1160,2026-08-18,329.0,66,4
1161,2026-01-22,172.0,99,2
1162,2026-05-18,8.0,81,9
1163,2026-01-17,687.0,81,4
1164,2026-07-18,886.0,88,4
1165,2026-04-19,211.0,69,2
1166,2026-08-01,663.0,10,7
1167,2026-07-11,25.0,59,3
1168,2026-07-03,39.0,12,6
1169,2026-01-19,183.0,33,1
1170,2026-05-23,589.0,30,2
1171,2026-08-22,418.0,50,5
1172,2026-04-26,444.0,41,7
1173,2026-01-05,690.0,16,7
1174,2026-05-17,657.0,93,1
1175,2026-06-08,775.0,96,2
1176,2026-05-30,718.0,10,1
1177,2026-04-02,109.0,38,9
1178,2026-07-21,622.0,12,5
1179,2026-03-14,391.0,51,8
1180,2026-07-30,486.0,21,1
1181,2026-05-17,140.0,96,4
1182,2026-04-11,303.0,82,9
1183,2026-02-06,694.0,94,5
1184,2026-06-15,981.0,2,6
1185,2026-05-22,145.0,16,9
1186,2026-01-11,587.0,77,1
1187,2026-04-11,561.0,11,9
1188,2026-03-20,767.0,95,4
1189,2026-08-20,217.0,53,6
1190,2026-08-20,146.0,21,9
1191,2026-02-17,632.0,33,4
1192,2026-02-19,186.0,86,2
1193,2026-07-24,873.0,7,10
1194,2026-08-06,473.0,83,9
1195,2026-05-21,298.0,86,2
1196,2026-01-18,101.0,26,5
1197,2026-07-05,499.0,43,10
1198,2026-04-02,688.0,84,3
1199,2026-03-02,292.0,80,2
1200,2026-01-18,326.0,63,4
1201,2026-04-26,632.0,85,6
1202,2026-03-20,157.0,73,10
1203,2026-05-26,828.0,41,6
1204,2026-04-20,5.0,41,3
1205,2026-03-05,730.0,95,4
1206,2026-06-14,284.0,47,7
1207,2026-02-04,899.0,62,6
1208,2026-04-29,368.0,100,8
1209,2026-03-20,565.0,14,8
1210,2026-02-14,84.0,36,10
1211,2026-08-08,913.0,69,3
1212,2026-02-20,752.0,81,5
1213,2026-01-20,914.0,3,2
1214,2026-08-06,647.0,4,9
1215,2026-07-28,593.0,52,10
1216,2026-07-16,218.0,5,10
1217,2026-05-22,557.0,70,5
1218,2026-05-01,375.0,51,3
1219,2026-02-27,751.0,38,10
1220,2026-02-04,514.0,66,8
1221,2026-01-24,373.0,65,7
1222,2026-01-03,869.0,79,4
1223,2026-06-25,776.0,66,3
1224,2026-02-05,164.0,23,8
1225,2026-05-25,676.0,19,10
1226,2026-07-08,962.0,46,8
1227,2026-01-11,780.0,63,4
1228,2026-03-01,271.0,48,2
1229,2026-03-01,685.0,27,1
1230,2026-05-13,398.0,61,6
1231,2026-08-23,903.0,6,8
1232,2026-01-11,106.0,91,6
1233,2026-05-14,855.0,95,5
1234,2026-03-09,558.0,73,10
1235,2026-02-14,670.0,49,7
1236,2026-04-04,670.0,10,10
1237,2026-05-13,386.0,29,5
1238,2026-05-13,362.0,45,7
1239,2026-05-05,909.0,78,8
1240,2026-01-02,904.0,18,9
1241,2026-04-23,236.0,10,3
1242,2026-05-12,217.0,20,5
1243,2026-02-17,371.0,78,3
1244,2026-07-03,677.0,30,2
1245,2026-04-17,738.0,15,6
1246,2026-05-04,491.0,27,8
1247,2026-06-01,663.0,53,3
1248,2026-01-06,45.0,17,4
1249,2026-05-27,165.0,18,10
1250,2026-06-11,41.0,74,9
1251,2026-02-07,171.0,34,1
1252,2026-08-25,530.0,52,3
1253,2026-06-03,653.0,3,10
1254,2026-08-13,970.0,11,5
1255,2026-02-25,622.0,61,8
1256,2026-08-11,175.0,29,8
1257,2026-08-01,616.0,19,7
1258,2026-07-23,841.0,99,10
1259,2026-02-16,676.0,66,10
1260,2026-03-09,742.0,88,3
1261,2026-03-29,611.0,76,8
1262,2026-01-18,388.0,50,4
1263,2026-02-03,17.0,26,2
1264,2026-05-14,701.0,54,9
1265,2026-07-31,621.0,13,3
1266,2026-02-15,924.0,79,8
1267,2026-06-03,899.0,69,1
1268,2026-05-09,96.0,62,2
1269,2026-06-18,924.0,78,3
1270,2026-05-19,919.0,100,1
1271,2026-06-23,535.0,54,7
1272,2026-04-05,715.0,68,1
1273,2026-04-20,961.0,62,4
1274,2026-07-22,359.0,76,7
1275,2026-07-25,101.0,55,10
1276,2026-02-04,489.0,99,5
1277,2026-03-01,291.0,77,2
1278,2026-08-13,419.0,33,9
1279,2026-02-18,727.0,96,1
1280,2026-07-22,592.0,67,1
1281,2026-01-31,8.0,49,9
1282,2026-06-17,705.0,41,4
1283,2026-04-15,110.0,20,6
1284,2026-04-20,260.0,34,10
1285,2026-08-07,434.0,73,9
1286,2026-04-04,283.0,88,10
1287,2026-04-12,424.0,71,4
1288,2026-07-20,495.0,23,9
1289,2026-04-05,569.0,62,9
1290,2026-03-06,592.0,45,5
1291,2026-07-18,754.0,18,7
1292,2026-08-07,766.0,30,2
1293,2026-04-25,103.0,28,3
1294,2026-05-11,805.0,44,7
1295,2026-07-25,629.0,90,9
1296,2026-06-25,165.0,50,1
1297,2026-06-12,824.0,12,1
1298,2026-07-30,483.0,77,3
1299,2026-04-22,66.0,34,2
1300,2026-02-26,82.0,78,6
1301,2026-01-10,954.0,52,7
1302,2026-06-07,294.0,92,9
1303,2026-06-02,969.0,100,1
1304,2026-07-29,656.0,64,3
1305,2026-04-23,207.0,85,1
1306,2026-08-27,293.0,25,9
1307,2026-01-09,523.0,67,10
1308,2026-06-28,630.0,22,4
1309,2026-06-22,369.0,31,1
1310,2026-06-17,1000.0,21,1
1311,2026-01-23,799.0,52,5
1312,2026-04-01,416.0,76,7
1313,2026-02-21,16.0,95,9
1314,2026-06-30,942.0,12,2
1315,2026-05-21,744.0,72,5
1316,2026-08-23,357.0,45,10
1317,2026-07-28,232.0,78,5
1318,2026-02-19,953.0,52,8
1319,2026-05-28,268.0,23,1
1320,2026-04-15,110.0,72,9
1321,2026-01-19,302.0,44,9
1322,2026-01-30,980.0,33,9
1323,2026-08-13,833.0,74,9
1324,2026-03-06,990.0,49,8
1325,2026-05-25,789.0,32,8
1326,2026-07-13,985.0,100,6
1327,2026-04-28,919.0,76,8
1328,2026-08-09,494.0,15,1
1329,2026-03-08,392.0,82,2
1330,2026-07-21,694.0,90,4
1331,2026-02-28,423.0,46,6
1332,2026-05-13,10.0,90,9
1333,2026-08-02,255.0,37,5
1334,2026-01-24,690.0,96,7
1335,2026-07-30,78.0,71,6
1336,2026-08-27,488.0,41,3
1337,2026-04-01,916.0,74,4
1338,2026-03-10,970.0,96,3
1339,2026-06-24,511.0,95,4
1340,2026-02-21,754.0,31,4
1341,2026-08-12,212.0,30,5
1342,2026-02-21,857.0,80,4
1343,2026-04-02,798.0,14,3
1344,2026-01-31,693.0,85,2
1345,2026-05-07,7.0,98,10
1346,2026-08-08,981.0,6,9
1347,2026-08-06,381.0,80,8
1348,2026-03-22,920.0,74,8
1349,2026-08-11,503.0,24,5
1350,2026-07-15,287.0,51,9
1351,2026-02-26,132.0,7,10
1352,2026-05-15,490.0,70,7
1353,2026-01-09,356.0,51,9
1354,2026-08-09,469.0,16,3
1355,2026-06-28,472.0,41,9
1356,2026-06-26,13.0,87,1
1357,2026-02-23,595.0,13,7
1358,2026-03-25,628.0,34,6
1359,2026-02-17,270.0,31,9
1360,2026-03-10,982.0,79,8
1361,2026-03-29,189.0,64,6
1362,2026-04-19,430.0,90,4
1363,2026-07-12,374.0,52,6
1364,2026-03-13,185.0,74,8
1365,2026-02-03,703.0,30,10
1366,2026-07-28,739.0,35,2
1367,2026-07-25,569.0,56,4
1368,2026-08-08,201.0,19,7
1369,2026-07-24,485.0,2,3
1370,2026-02-15,512.0,18,7
1371,2026-08-17,547.0,93,9
1372,2026-03-22,308.0,33,8
1373,2026-05-24,49.0,51,10
1374,2026-01-26,62.0,28,3
1375,2026-07-28,488.0,81,5
1376,2026-01-25,763.0,43,8
1377,2026-03-08,369.0,72,6
1378,2026-05-23,353.0,3,5
1379,2026-04-16,360.0,87,2
1380,2026-06-05,591.0,74,4
1381,2026-06-16,179.0,100,9
1382,2026-03-14,333.0,87,6
1383,2026-05-11,794.0,95,8
1384,2026-04-25,391.0,79,2
1385,2026-03-15,647.0,19,8
1386,2026-08-11,656.0,44,3
1387,2026-04-18,586.0,52,10
1388,2026-08-06,82.0,21,2
1389,2026-03-29,322.0,41,4
1390,2026-06-17,728.0,35,5
1391,2026-06-04,278.0,57,7
1392,2026-07-19,766.0,76,6
1393,2026-05-14,424.0,22,8
1394,2026-02-17,129.0,94,1
1395,2026-03-02,964.0,96,5
1396,2026-06-29,216.0,22,2
1397,2026-04-12,98.0,9,2
1398,2026-08-28,562.0,7,8
1399,2026-01-07,537.0,98,7
1400,2026-01-22,269.0,80,2
1401,2026-02-09,671.0,50,2
1402,2026-03-21,254.0,95,4
1403,2026-03-14,642.0,17,8
1404,2026-02-03,859.0,22,9
1405,2026-01-08,680.0,46,1
1406,2026-08-09,885.0,61,6
1407,2026-04-30,958.0,35,9
1408,2026-05-21,139.0,90,8
1409,2026-05-19,606.0,77,3
1410,2026-04-27,446.0,68,10
1411,2026-06-13,318.0,45,9
1412,2026-05-04,233.0,12,9
1413,2026-04-24,375.0,53,5
1414,2026-03-08,311.0,2,3
1415,2026-01-01,835.0,98,9
1416,2026-08-06,353.0,37,3
1417,2026-05-01,9.0,89,9
1418,2026-08-25,970.0,97,8
1419,2026-05-03,10.0,99,5
1420,2026-04-21,612.0,30,5
1421,2026-07-23,562.0,48,1
1422,2026-02-18,904.0,72,7
1423,2026-04-22,256.0,21,7
1424,2026-07-03,849.0,49,7
1425,2026-02-26,82.0,55,5
1426,2026-06-10,530.0,98,4
1427,2026-07-24,827.0,89,10
1428,2026-06-25,292.0,84,5
1429,2026-07-10,829.0,35,9
1430,2026-04-16,874.0,9,4
1431,2026-02-16,297.0,15,3
1432,2026-06-13,633.0,58,8
1433,2026-03-11,504.0,25,10
1434,2026-03-24,156.0,7,1
1435,2026-05-17,191.0,14,1
1436,2026-03-14,129.0,92,5
1437,2026-04-23,239.0,12,1
1438,2026-02-08,506.0,28,1
1439,2026-03-29,320.0,64,7
1440,2026-04-06,714.0,5,8
1441,2026-03-26,864.0,97,2
1442,2026-02-07,273.0,100,1
1443,2026-04-11,557.0,61,2
1444,2026-02-16,918.0,33,4
1445,2026-07-29,849.0,2,7
1446,2026-02-01,395.0,99,4
1447,2026-04-24,756.0,5,4
1448,2026-02-20,753.0,99,8
1449,2026-01-25,682.0,27,9
1450,2026-05-02,698.0,40,7
1451,2026-08-28,163.0,81,6
1452,2026-07-06,763.0,71,1
1453,2026-05-14,260.0,62,2
1454,2026-06-13,204.0,47,5
1455,2026-08-16,885.0,86,1
1456,2026-02-25,242.0,82,2
1457,2026-04-22,16.0,22,6
1458,2026-07-23,599.0,16,5
1459,2026-04-12,10.0,6,4
1460,2026-05-29,705.0,77,8
1461,2026-02-09,790.0,12,6
1462,2026-03-05,512.0,12,3
1463,2026-06-25,347.0,98,10
1464,2026-06-10,62.0,46,1
1465,2026-06-15,719.0,69,3
1466,2026-07-22,129.0,63,2
1467,2026-03-01,572.0,83,6
1468,2026-07-13,825.0,57,6
1469,2026-07-07,22.0,89,4
1470,2026-04-07,742.0,18,6
1471,2026-03-06,497.0,91,1
1472,2026-04-23,302.0,70,9
1473,2026-06-28,195.0,73,8
1474,2026-02-17,357.0,42,9
1475,2026-07-07,282.0,77,8
1476,2026-08-23,165.0,9,9
1477,2026-05-16,461.0,38,3
1478,2026-07-29,555.0,47,5
1479,2026-04-27,795.0,82,1
1480,2026-05-10,752.0,24,7
1481,2026-08-15,635.0,47,1
1482,2026-07-18,245.0,42,10
1483,2026-07-04,675.0,69,2
1484,2026-07-29,195.0,68,7
1485,2026-06-24,785.0,71,8
1486,2026-02-09,290.0,42,10
1487,2026-04-15,114.0,13,6
1488,2026-05-14,45.0,17,2
1489,2026-02-15,207.0,14,1
1490,2026-05-05,102.0,5,4
1491,2026-05-27,674.0,63,7
1492,2026-05-15,719.0,76,10
1493,2026-03-07,376.0,29,1
1494,2026-06-05,14.0,27,2
1495,2026-06-17,951.0,11,8
1496,2026-04-30,370.0,72,1
1497,2026-07-10,842.0,48,7
1498,2026-07-23,844.0,79,1
1499,2026-03-10,42.0,94,9
1500,2026-01-19,80.0,28,5
1501,2026-05-13,104.0,93,2
1502,2026-03-01,395.0,25,9
1503,2026-02-19,673.0,32,9
1504,2026-05-26,572.0,96,3
1505,2026-05-23,765.0,14,7
1506,2026-07-16,367.0,87,10
1507,2026-04-28,905.0,14,7
1508,2026-02-12,564.0,52,3
1509,2026-05-10,674.0,21,6
1510,2026-05-17,454.0,46,10
1511,2026-08-20,564.0,42,6
1512,2026-08-05,423.0,98,6
1513,2026-06-12,846.0,93,7
1514,2026-03-24,247.0,73,10
1515,2026-05-20,385.0,99,4
1516,2026-05-21,369.0,58,5
1517,2026-04-25,1.0,93,7
1518,2026-01-09,611.0,3,5
1519,2026-05-13,912.0,39,3
1520,2026-01-02,228.0,28,5
1521,2026-08-08,23.0,99,6
1522,2026-07-30,942.0,71,5
1523,2026-05-11,585.0,74,9
1524,2026-02-09,39.0,59,2
1525,2026-04-02,142.0,34,3
1526,2026-04-04,256.0,30,10
1527,2026-03-07,95.0,74,5
1528,2026-04-13,940.0,28,10
1529,2026-07-07,741.0,42,2
1530,2026-07-22,178.0,63,8
1531,2026-07-31,840.0,13,10
1532,2026-06-02,39.0,94,5
1533,2026-07-26,391.0,11,10
1534,2026-07-19,944.0,99,1
1535,2026-03-27,901.0,56,6
1536,2026-04-17,891.0,99,2
1537,2026-02-28,951.0,2,10
1538,2026-06-12,56.0,40,7
1539,2026-05-15,327.0,70,1
1540,2026-05-25,335.0,65,3
1541,2026-06-28,157.0,7,4
1542,2026-06-22,995.0,58,7
1543,2026-07-12,590.0,65,10
1544,2026-01-24,443.0,38,4
1545,2026-07-21,152.0,17,7
1546,2026-03-28,488.0,74,2
1547,2026-07-10,562.0,52,1
1548,2026-03-09,409.0,65,2
1549,2026-04-22,781.0,18,3
1550,2026-05-04,203.0,63,9
1551,2026-04-12,201.0,72,10
1552,2026-06-07,253.0,32,9
1553,2026-01-19,796.0,56,5
1554,2026-03-24,92.0,15,10
1555,2026-06-21,434.0,47,7
1556,2026-03-31,329.0,45,4
1557,2026-06-02,789.0,40,1
1558,2026-02-13,632.0,57,6
1559,2026-06-09,452.0,6,3
1560,2026-08-25,205.0,88,4
1561,2026-04-06,776.0,94,3
1562,2026-08-07,116.0,95,2
1563,2026-01-14,972.0,80,4
1564,2026-08-26,890.0,37,3
1565,2026-01-04,711.0,15,6
1566,2026-03-20,483.0,3,8
1567,2026-03-26,758.0,69,4
1568,2026-02-24,560.0,67,4
1569,2026-07-12,562.0,62,5
1570,2026-06-09,712.0,90,3
1571,2026-06-21,386.0,75,1
1572,2026-08-20,45.0,33,9
1573,2026-02-13,291.0,26,1
1574,2026-07-22,278.0,7,10
1575,2026-04-30,69.0,50,1
1576,2026-06-19,679.0,85,5
1577,2026-04-03,20.0,38,2
1578,2026-08-11,237.0,49,7
1579,2026-05-11,926.0,41,2
1580,2026-05-05,545.0,12,10
1581,2026-02-17,513.0,59,4
1582,2026-05-24,41.0,32,1
1583,2026-08-25,313.0,43,9
1584,2026-05-06,763.0,21,7
1585,2026-01-05,701.0,46,6
1586,2026-04-01,242.0,65,5
1587,2026-03-12,641.0,33,1
1588,2026-08-13,912.0,4,7
1589,2026-05-23,231.0,20,5
1590,2026-03-29,673.0,18,7
1591,2026-01-23,534.0,87,7
1592,2026-06-06,428.0,31,4
1593,2026-05-27,437.0,40,3
1594,2026-08-21,338.0,58,10
1595,2026-05-19,212.0,84,3
1596,2026-02-05,555.0,88,10
1597,2026-07-24,884.0,18,4
1598,2026-03-21,932.0,18,9
1599,2026-04-21,672.0,73,3
1600,2026-08-23,326.0,9,3
1601,2026-05-23,972.0,93,9
1602,2026-01-31,326.0,19,3
1603,2026-07-06,784.0,41,1
1604,2026-08-14,985.0,53,7
1605,2026-03-19,764.0,82,8
1606,2026-08-27,156.0,100,5
1607,2026-02-18,135.0,24,2
1608,2026-01-07,632.0,35,10
1609,2026-06-05,628.0,30,10
1610,2026-06-02,237.0,88,4
1611,2026-01-07,82.0,89,6
1612,2026-07-19,138.0,65,8
1613,2026-08-05,481.0,92,10
1614,2026-06-16,189.0,50,6
1615,2026-05-06,141.0,21,8
1616,2026-02-19,34.0,53,4
1617,2026-07-15,948.0,35,1
1618,2026-04-16,761.0,86,4
1619,2026-02-21,68.0,23,4
1620,2026-08-26,888.0,79,8
1621,2026-05-06,888.0,59,6
1622,2026-08-16,438.0,52,4
1623,2026-07-18,623.0,95,1
1624,2026-07-31,738.0,41,7
1625,2026-04-11,962.0,96,10
1626,2026-05-27,550.0,68,10
1627,2026-06-14,534.0,14,1
1628,2026-04-26,847.0,6,8
1629,2026-08-13,532.0,69,4
1630,2026-04-12,572.0,50,1
1631,2026-05-13,195.0,38,1
1632,2026-04-23,906.0,39,7
1633,2026-07-18,473.0,22,5
1634,2026-04-19,628.0,7,5
1635,2026-06-26,926.0,19,9
1636,2026-04-29,93.0,93,8
1637,2026-05-09,185.0,100,2
1638,2026-05-30,139.0,51,9
1639,2026-04-16,462.0,4,6
1640,2026-02-15,605.0,92,8
1641,2026-08-18,904.0,59,4
1642,2026-01-24,332.0,89,5
1643,2026-06-16,736.0,94,3
1644,2026-02-01,117.0,91,2
1645,2026-04-26,88.0,68,6
1646,2026-07-01,745.0,66,7
1647,2026-06-06,388.0,71,3
1648,2026-04-08,787.0,22,1
1649,2026-08-22,580.0,85,6
1650,2026-08-09,167.0,19,3
1651,2026-02-15,430.0,40,1
1652,2026-03-21,296.0,81,8
1653,2026-02-16,921.0,17,2
1654,2026-02-21,638.0,98,1
1655,2026-03-06,470.0,64,1
1656,2026-08-07,557.0,1,8
1657,2026-06-05,244.0,28,8
1658,2026-05-31,465.0,53,8
1659,2026-04-24,616.0,77,2
1660,2026-01-02,904.0,71,4
1661,2026-03-13,644.0,72,10
1662,2026-07-29,51.0,24,4
1663,2026-02-07,669.0,45,1
1664,2026-01-10,875.0,5,3
1665,2026-06-20,859.0,78,10
1666,2026-03-18,943.0,12,6
1667,2026-01-13,427.0,23,2
1668,2026-02-11,626.0,85,5
1669,2026-06-27,587.0,72,10
1670,2026-02-15,768.0,75,8
1671,2026-04-03,96.0,99,1
1672,2026-03-18,378.0,49,6
1673,2026-07-29,777.0,55,2
1674,2026-08-04,67.0,38,9
1675,2026-05-01,125.0,89,3
1676,2026-08-09,338.0,68,5
1677,2026-04-16,215.0,90,9
1678,2026-02-23,60.0,14,10
1679,2026-05-27,90.0,62,9
1680,2026-07-05,957.0,91,10
1681,2026-03-15,624.0,41,7
1682,2026-03-08,589.0,80,9
1683,2026-04-01,630.0,73,3
1684,2026-05-08,747.0,81,9
1685,2026-05-08,828.0,24,8
1686,2026-08-15,239.0,91,10
1687,2026-03-16,2.0,16,4
1688,2026-01-07,641.0,16,8
1689,2026-07-08,819.0,79,4
1690,2026-04-17,47.0,43,7
1691,2026-03-31,826.0,82,9
1692,2026-02-24,656.0,26,1
1693,2026-06-26,261.0,9,5
1694,2026-03-20,519.0,71,5
1695,2026-03-24,117.0,88,1
1696,2026-03-27,406.0,93,6
1697,2026-05-26,984.0,4,10
1698,2026-08-02,199.0,43,3
1699,2026-08-02,945.0,87,6
1700,2026-05-03,817.0,5,8
1701,2026-06-15,494.0,20,3
1702,2026-06-10,914.0,69,8
1703,2026-08-18,474.0,53,6
1704,2026-08-26,856.0,67,1
1705,2026-03-18,743.0,87,10
1706,2026-03-22,549.0,3,9
1707,2026-02-23,702.0,43,10
1708,2026-07-24,68.0,20,6
1709,2026-03-13,348.0,49,1
1710,2026-06-10,863.0,22,9
1711,2026-05-27,399.0,24,10
1712,2026-06-02,886.0,97,2
1713,2026-03-20,727.0,5,6
1714,2026-03-11,89.0,64,7
1715,2026-08-13,381.0,58,4
1716,2026-08-01,222.0,68,5
1717,2026-03-19,115.0,48,3
1718,2026-07-20,797.0,26,1
1719,2026-08-22,455.0,65,2
1720,2026-01-07,927.0,65,8
1721,2026-02-09,349.0,62,4
1722,2026-07-07,318.0,100,9
1723,2026-03-25,788.0,13,3
1724,2026-07-30,693.0,17,9
1725,2026-02-22,471.0,50,1
1726,2026-07-02,119.0,1,9
1727,2026-03-21,704.0,77,1
1728,2026-08-12,342.0,60,2
1729,2026-08-16,106.0,67,1
1730,2026-07-16,24.0,74,5
1731,2026-07-14,655.0,27,5
1732,2026-03-24,198.0,37,4
1733,2026-03-12,327.0,99,9
1734,2026-04-23,280.0,20,2
1735,2026-02-10,118.0,2,5
1736,2026-06-09,527.0,14,9
1737,2026-02-22,359.0,71,9
1738,2026-03-23,145.0,91,5
1739,2026-07-25,588.0,32,5
1740,2026-02-13,319.0,79,2
1741,2026-08-17,554.0,57,6
1742,2026-01-13,30.0,61,3
1743,2026-08-20,109.0,50,1
1744,2026-01-14,437.0,51,2
1745,2026-02-15,913.0,76,10
1746,2026-06-11,632.0,46,8
1747,2026-03-21,838.0,26,6
1748,2026-07-02,81.0,97,9
1749,2026-07-15,582.0,17,8
1750,2026-01-24,100.0,59,8
1751,2026-03-21,482.0,30,8
1752,2026-02-27,882.0,79,3
1753,2026-03-08,402.0,24,6
1754,2026-06-29,808.0,42,6
1755,2026-04-27,31.0,9,8
1756,2026-05-02,360.0,62,2
1757,2026-04-29,290.0,99,3
1758,2026-03-31,589.0,17,10
1759,2026-05-11,416.0,92,2
1760,2026-07-23,334.0,72,2
1761,2026-06-16,812.0,39,2
1762,2026-05-17,411.0,76,8
1763,2026-04-16,636.0,32,4
1764,2026-05-21,998.0,62,3
1765,2026-04-09,349.0,27,2
1766,2026-07-28,442.0,56,10
1767,2026-05-26,558.0,89,6
1768,2026-03-02,679.0,86,3
1769,2026-01-20,857.0,63,10
1770,2026-01-30,611.0,60,10
1771,2026-03-25,100.0,57,9
1772,2026-02-15,979.0,52,5
1773,2026-01-18,112.0,88,10
1774,2026-07-28,790.0,49,10
1775,2026-03-25,661.0,85,8
1776,2026-01-16,223.0,18,2
1777,2026-08-16,925.0,97,10
1778,2026-06-12,776.0,19,1
1779,2026-06-19,464.0,69,3
1780,2026-03-16,631.0,74,7
1781,2026-04-25,211.0,88,4
1782,2026-08-13,307.0,73,6
1783,2026-07-23,941.0,56,5
1784,2026-07-03,92.0,75,6
1785,2026-01-03,523.0,52,10
1786,2026-08-05,873.0,38,3
1787,2026-01-16,923.0,71,6
1788,2026-01-14,721.0,72,1
1789,2026-07-30,113.0,37,6
1790,2026-08-10,241.0,56,1
1791,2026-06-29,404.0,81,10
1792,2026-03-23,416.0,49,7
1793,2026-04-22,217.0,85,9
1794,2026-02-14,143.0,25,8
1795,2026-05-23,864.0,47,7
1796,2026-08-04,158.0,37,7
1797,2026-08-12,138.0,2,3
1798,2026-01-19,148.0,93,1
1799,2026-08-15,674.0,56,8
1800,2026-02-04,141.0,83,2
1801,2026-07-26,881.0,59,7
1802,2026-08-17,953.0,55,10
1803,2026-06-09,466.0,66,3
1804,2026-04-19,840.0,58,9
1805,2026-04-09,232.0,24,6
1806,2026-04-19,8.0,74,10
1807,2026-05-08,730.0,65,4
1808,2026-03-10,949.0,70,7
1809,2026-05-28,35.0,5,6
1810,2026-05-26,722.0,48,8
1811,2026-01-29,494.0,89,10
1812,2026-01-21,748.0,94,3
1813,2026-05-15,477.0,67,5
1814,2026-01-21,912.0,79,9
1815,2026-01-23,484.0,81,4
1816,2026-07-09,701.0,82,2
1817,2026-05-19,320.0,79,10
1818,2026-01-14,548.0,100,6
1819,2026-01-03,465.0,66,8
1820,2026-08-20,588.0,94,8
1821,2026-03-26,362.0,38,7
1822,2026-03-16,37.0,89,3
1823,2026-08-25,768.0,39,10
1824,2026-07-06,267.0,8,10
1825,2026-06-11,593.0,22,8
1826,2026-05-27,673.0,38,1
1827,2026-07-27,28.0,37,10
1828,2026-05-05,130.0,65,2
1829,2026-01-20,259.0,17,5
1830,2026-06-07,282.0,33,5
1831,2026-01-04,619.0,23,2
1832,2026-08-21,757.0,20,10
1833,2026-06-18,379.0,23,8
1834,2026-03-08,497.0,24,4
1835,2026-07-24,883.0,5,9
1836,2026-03-29,991.0,19,2
1837,2026-06-02,858.0,64,3
1838,2026-07-12,789.0,50,7
1839,2026-03-02,744.0,82,8
1840,2026-02-12,592.0,94,4
1841,2026-08-04,56.0,83,6
1842,2026-03-09,54.0,22,2
1843,2026-04-29,488.0,39,7
1844,2026-05-02,240.0,49,9
1845,2026-06-24,486.0,34,7
1846,2026-02-07,892.0,56,9
1847,2026-01-04,950.0,58,5
1848,2026-04-08,985.0,68,6
1849,2026-06-24,100.0,69,1
1850,2026-06-13,980.0,56,6
1851,2026-06-06,344.0,35,5
1852,2026-03-10,262.0,84,2
1853,2026-05-30,473.0,99,7
1854,2026-06-22,752.0,87,4
1855,2026-05-31,533.0,44,4
1856,2026-06-23,321.0,71,3
1857,2026-01-03,852.0,9,1
1858,2026-01-04,101.0,68,7
1859,2026-01-27,360.0,29,8
1860,2026-07-05,258.0,25,5
1861,2026-01-09,635.0,12,1
1862,2026-01-15,673.0,28,10
1863,2026-06-03,726.0,16,2
1864,2026-01-23,134.0,49,10
1865,2026-06-18,823.0,24,10
1866,2026-08-18,713.0,24,2
1867,2026-03-06,479.0,85,5
1868,2026-08-28,655.0,59,2
1869,2026-08-25,788.0,55,5
1870,2026-06-27,264.0,21,6
1871,2026-07-19,284.0,100,2
1872,2026-01-16,398.0,43,7
1873,2026-01-16,979.0,34,5
1874,2026-02-15,72.0,63,8
1875,2026-08-26,625.0,51,4
1876,2026-02-15,112.0,19,8
1877,2026-05-19,224.0,79,7
1878,2026-06-14,935.0,57,2
1879,2026-07-03,106.0,5,5
1880,2026-01-19,586.0,94,2
1881,2026-03-06,20.0,64,8
1882,2026-02-08,956.0,5,1
1883,2026-06-20,273.0,20,7
1884,2026-06-29,927.0,51,6
1885,2026-05-28,528.0,91,1
1886,2026-08-29,490.0,56,8
1887,2026-04-14,554.0,29,2
1888,2026-01-01,978.0,89,7
1889,2026-07-29,125.0,73,8
1890,2026-05-18,342.0,88,6
1891,2026-03-19,57.0,81,7
1892,2026-06-15,375.0,69,2
1893,2026-08-07,83.0,59,6
1894,2026-07-14,664.0,26,5
1895,2026-02-15,41.0,50,9
1896,2026-06-19,307.0,90,4
1897,2026-04-10,646.0,89,2
1898,2026-04-02,87.0,81,8
1899,2026-04-23,144.0,5,4
1900,2026-02-19,738.0,76,1
1901,2026-03-03,399.0,9,8
1902,2026-07-22,659.0,40,9
1903,2026-05-08,989.0,58,9
1904,2026-01-05,348.0,8,1
1905,2026-03-28,416.0,16,1
1906,2026-02-24,470.0,87,9
1907,2026-08-11,153.0,95,9
1908,2026-05-29,948.0,10,4
1909,2026-01-10,501.0,84,3
1910,2026-01-05,929.0,80,8
1911,2026-01-12,719.0,84,4
1912,2026-02-03,177.0,81,1
1913,2026-01-13,841.0,13,5
1914,2026-04-27,175.0,76,10
1915,2026-01-17,117.0,64,2
1916,2026-06-02,226.0,9,10
1917,2026-07-25,437.0,44,4
1918,2026-07-27,333.0,16,7
1919,2026-06-25,559.0,18,10
1920,2026-03-24,783.0,6,4
1921,2026-06-01,344.0,9,3
1922,2026-01-31,145.0,97,5
1923,2026-04-17,714.0,48,3
1924,2026-05-22,450.0,32,3
1925,2026-08-25,42.0,18,10
1926,2026-01-26,386.0,100,10
1927,2026-02-10,901.0,63,1
1928,2026-01-21,8.0,23,1
1929,2026-08-26,724.0,84,2
1930,2026-06-01,427.0,89,5
1931,2026-07-26,709.0,17,8
1932,2026-02-22,656.0,35,3
1933,2026-05-14,422.0,31,8
1934,2026-08-29,626.0,89,3
1935,2026-01-10,185.0,92,10
1936,2026-05-08,974.0,12,10
1937,2026-06-10,357.0,54,5
1938,2026-01-02,242.0,25,9
1939,2026-01-31,98.0,80,9
1940,2026-04-03,520.0,29,9
1941,2026-04-29,284.0,7,4
1942,2026-02-19,816.0,20,2
1943,2026-06-25,510.0,23,8
1944,2026-02-10,56.0,83,1
1945,2026-04-04,215.0,56,5
1946,2026-03-06,632.0,98,6
1947,2026-04-27,107.0,95,1
1948,2026-01-14,181.0,21,9
1949,2026-07-21,497.0,66,1
1950,2026-01-30,917.0,31,2
1951,2026-07-04,607.0,75,8
1952,2026-03-25,204.0,96,7
1953,2026-06-23,236.0,100,6
1954,2026-01-29,234.0,13,6
1955,2026-03-02,891.0,26,7
1956,2026-04-07,76.0,61,4
1957,2026-05-30,56.0,56,8
1958,2026-02-07,951.0,79,4
1959,2026-04-27,397.0,48,3
1960,2026-02-04,738.0,25,8
1961,2026-06-11,999.0,35,6
1962,2026-02-21,131.0,5,6
1963,2026-06-27,62.0,36,10
1964,2026-02-04,873.0,60,2
1965,2026-04-28,176.0,98,7
1966,2026-03-29,908.0,38,4
1967,2026-06-04,809.0,82,3
1968,2026-06-06,592.0,71,3
1969,2026-08-07,89.0,53,4
1970,2026-08-08,501.0,28,9
1971,2026-06-01,858.0,60,8
1972,2026-03-13,748.0,55,1
1973,2026-07-08,254.0,42,4
1974,2026-04-22,228.0,76,10
1975,2026-02-08,920.0,1,10
1976,2026-04-17,42.0,61,1
1977,2026-07-07,35.0,55,9
1978,2026-05-16,491.0,90,7
1979,2026-07-30,464.0,64,2
1980,2026-03-03,572.0,97,2
1981,2026-01-04,973.0,28,7
1982,2026-02-03,303.0,31,6
1983,2026-06-15,17.0,62,2
1984,2026-06-21,166.0,91,5
1985,2026-04-28,766.0,75,10
1986,2026-01-07,475.0,99,8
1987,2026-02-05,190.0,48,7
1988,2026-06-10,721.0,82,8
1989,2026-01-01,395.0,89,2
1990,2026-03-27,34.0,38,9
1991,2026-04-20,715.0,79,5
1992,2026-05-19,814.0,27,10
1993,2026-07-21,636.0,43,2
1994,2026-07-08,528.0,87,1
1995,2026-04-04,114.0,50,1
1996,2026-04-04,634.0,6,8
1997,2026-04-04,180.0,83,6
1998,2026-05-24,575.0,91,2
1999,2026-07-18,142.0,43,4
2000,2026-03-03,117.0,84,9
2001,2026-05-03,893.0,90,10
2002,2026-02-23,329.0,46,4
2003,2026-08-18,516.0,88,5
2004,2026-04-19,56.0,9,5
2005,2026-04-06,464.0,63,6
2006,2026-05-09,850.0,16,9
2007,2026-05-01,695.0,69,9
2008,2026-08-19,463.0,80,5
2009,2026-04-05,193.0,59,2
2010,2026-01-23,401.0,23,2
2011,2026-03-15,112.0,22,2
2012,2026-03-12,714.0,19,2
2013,2026-05-08,896.0,27,3
2014,2026-05-14,301.0,54,1
2015,2026-06-24,955.0,17,9
2016,2026-05-02,431.0,57,6
2017,2026-07-08,299.0,25,1
2018,2026-01-17,893.0,30,1
2019,2026-08-02,661.0,43,9
2020,2026-04-16,352.0,84,10
2021,2026-06-15,498.0,76,6
2022,2026-06-20,863.0,71,9
2023,2026-04-24,312.0,73,8
2024,2026-02-03,176.0,34,5
2025,2026-02-28,381.0,37,8
2026,2026-07-17,152.0,46,1
2027,2026-03-14,980.0,22,8
2028,2026-06-08,729.0,69,3
2029,2026-03-15,997.0,23,3
2030,2026-08-03,166.0,31,3
2031,2026-01-30,325.0,74,1
2032,2026-02-02,267.0,48,8
2033,2026-02-17,576.0,91,4
2034,2026-01-09,353.0,19,6
2035,2026-04-06,553.0,21,8
2036,2026-05-17,125.0,4,5
2037,2026-04-14,787.0,19,8
2038,2026-04-28,160.0,1,6
2039,2026-07-09,1000.0,65,9
2040,2026-03-26,486.0,38,5
2041,2026-07-13,683.0,19,10
2042,2026-07-24,747.0,57,10
2043,2026-03-28,750.0,62,2
2044,2026-08-19,143.0,87,1
2045,2026-05-22,316.0,4,2
2046,2026-04-13,862.0,29,10
2047,2026-04-25,95.0,42,6
2048,2026-01-15,657.0,25,10
2049,2026-05-30,228.0,99,9
2050,2026-03-13,24.0,11,4
2051,2026-05-18,694.0,86,8
2052,2026-01-23,404.0,25,9
2053,2026-05-06,618.0,78,6
2054,2026-05-11,931.0,86,1
2055,2026-04-03,152.0,92,7
2056,2026-08-07,379.0,50,7
2057,2026-04-06,292.0,45,1
2058,2026-03-31,457.0,72,5
2059,2026-01-23,746.0,57,4
2060,2026-07-09,823.0,57,7
2061,2026-03-15,826.0,94,3
2062,2026-08-18,747.0,54,7
2063,2026-02-05,613.0,12,10
2064,2026-02-06,311.0,61,4
2065,2026-08-11,344.0,9,9
2066,2026-08-27,775.0,49,10
2067,2026-01-23,420.0,82,1
2068,2026-08-23,425.0,23,5
2069,2026-05-23,728.0,73,8
2070,2026-07-13,205.0,24,3
2071,2026-08-02,297.0,71,7
2072,2026-05-06,843.0,39,1
2073,2026-08-02,312.0,64,10
2074,2026-05-24,230.0,4,8
2075,2026-07-22,158.0,34,1
2076,2026-03-18,128.0,84,8
2077,2026-06-20,428.0,23,5
2078,2026-05-06,30.0,16,4
2079,2026-07-15,505.0,9,5
2080,2026-06-03,596.0,62,6
2081,2026-05-25,890.0,34,7
2082,2026-06-10,998.0,89,8
2083,2026-07-29,383.0,66,2
2084,2026-07-07,18.0,34,10
2085,2026-02-11,60.0,19,10
2086,2026-03-23,900.0,89,8
2087,2026-02-04,168.0,7,6
2088,2026-03-11,430.0,82,6
2089,2026-08-22,50.0,38,6
2090,2026-03-16,655.0,10,9
2091,2026-05-12,785.0,81,4
2092,2026-02-16,614.0,97,2
2093,2026-02-12,331.0,41,9
2094,2026-07-31,278.0,88,5
2095,2026-06-28,99.0,69,6
2096,2026-05-29,844.0,19,6
2097,2026-01-04,531.0,37,3
2098,2026-04-06,422.0,44,8
2099,2026-08-24,105.0,28,3
2100,2026-02-09,227.0,25,9
2101,2026-07-23,629.0,89,9
2102,2026-08-01,867.0,69,9
2103,2026-07-02,720.0,97,9
2104,2026-07-25,428.0,59,2
2105,2026-08-23,120.0,17,2
2106,2026-08-25,492.0,45,1
2107,2026-03-21,143.0,57,6
2108,2026-08-16,536.0,98,10
2109,2026-03-29,727.0,39,3
2110,2026-01-08,228.0,17,2
2111,2026-08-08,705.0,30,3
2112,2026-03-20,215.0,17,3
2113,2026-01-21,708.0,98,7
2114,2026-07-20,80.0,3,2
2115,2026-07-18,776.0,56,8
2116,2026-01-11,111.0,5,4
2117,2026-07-23,608.0,8,9
2118,2026-05-01,931.0,33,2
2119,2026-01-12,309.0,86,2
2120,2026-01-03,802.0,16,2
2121,2026-08-24,211.0,76,10
2122,2026-08-19,190.0,86,4
2123,2026-03-31,93.0,19,1
2124,2026-08-05,972.0,75,5
2125,2026-03-31,165.0,65,6
2126,2026-07-19,248.0,65,10
2127,2026-05-26,102.0,75,2
2128,2026-07-15,542.0,28,1
2129,2026-07-03,988.0,37,4
2130,2026-02-13,5.0,93,9
2131,2026-01-26,943.0,65,4
2132,2026-08-06,376.0,90,8
2133,2026-05-31,451.0,87,3
2134,2026-01-28,855.0,46,3
2135,2026-04-08,220.0,66,7
2136,2026-02-28,116.0,98,7
2137,2026-03-22,478.0,15,2
2138,2026-05-14,508.0,98,3
2139,2026-04-03,571.0,93,5
2140,2026-01-11,336.0,64,2
2141,2026-01-30,291.0,59,7
2142,2026-06-03,704.0,57,5
2143,2026-02-27,418.0,38,9
2144,2026-08-07,194.0,9,7
2145,2026-08-18,962.0,87,8
2146,2026-04-05,14.0,87,3
2147,2026-05-06,406.0,57,2
2148,2026-05-14,123.0,19,2
2149,2026-04-12,712.0,76,7
2150,2026-01-27,67.0,47,3
2151,2026-02-20,206.0,77,6
2152,2026-08-05,126.0,30,7
2153,2026-08-03,743.0,64,7
2154,2026-03-13,608.0,35,10
2155,2026-07-13,365.0,61,7
2156,2026-06-20,973.0,52,10
2157,2026-05-05,286.0,19,9
2158,2026-07-16,111.0,16,8
2159,2026-03-06,510.0,30,8
2160,2026-06-10,31.0,13,3
2161,2026-07-08,851.0,9,1
2162,2026-05-08,996.0,23,1
2163,2026-04-08,696.0,42,10
2164,2026-02-09,637.0,80,5
2165,2026-01-25,677.0,97,2
2166,2026-05-14,812.0,60,8
2167,2026-02-21,678.0,64,5
2168,2026-05-06,268.0,70,9
2169,2026-03-29,560.0,3,9
2170,2026-07-15,441.0,16,1
2171,2026-04-09,323.0,49,8
2172,2026-04-24,37.0,5,8
2173,2026-02-15,676.0,100,9
2174,2026-03-19,504.0,56,3
2175,2026-02-04,733.0,50,5
2176,2026-05-05,583.0,87,2
2177,2026-05-06,702.0,70,9
2178,2026-05-27,488.0,72,8
2179,2026-08-07,519.0,8,3
2180,2026-04-11,507.0,76,5
2181,2026-04-07,693.0,46,10
2182,2026-07-16,329.0,8,5
2183,2026-01-08,47.0,17,10
2184,2026-08-03,358.0,95,6
2185,2026-05-30,784.0,81,1
2186,2026-03-29,100.0,55,7
2187,2026-03-30,422.0,45,6
2188,2026-01-15,254.0,31,4
2189,2026-06-15,607.0,11,5
2190,2026-08-22,890.0,40,2
2191,2026-01-30,174.0,3,6
2192,2026-05-18,39.0,59,6
2193,2026-06-18,582.0,66,7
2194,2026-08-19,274.0,3,7
2195,2026-06-28,603.0,3,8
2196,2026-03-23,585.0,50,7
2197,2026-03-24,101.0,63,10
2198,2026-01-26,345.0,64,4
2199,2026-05-09,171.0,79,6
2200,2026-03-18,993.0,56,6
2201,2026-02-21,651.0,10,8
2202,2026-08-04,220.0,37,9
2203,2026-03-09,305.0,74,1
2204,2026-04-13,640.0,96,4
2205,2026-01-24,98.0,76,10
2206,2026-03-28,69.0,73,5
2207,2026-07-25,487.0,55,9
2208,2026-02-23,815.0,10,6
2209,2026-06-16,517.0,39,5
2210,2026-04-21,321.0,26,9
2211,2026-04-17,258.0,80,7
2212,2026-05-12,688.0,98,8
2213,2026-05-21,903.0,3,3
2214,2026-06-10,884.0,24,9
2215,2026-05-28,219.0,85,8
2216,2026-07-30,275.0,82,8
2217,2026-05-17,874.0,99,10
2218,2026-08-21,958.0,73,7
2219,2026-07-06,535.0,26,1
2220,2026-04-04,152.0,31,8
2221,2026-02-08,865.0,56,5
2222,2026-04-16,881.0,9,6
2223,2026-06-12,867.0,53,4
2224,2026-03-10,662.0,21,5
2225,2026-03-07,242.0,52,10
2226,2026-03-03,154.0,25,2
2227,2026-01-08,817.0,40,4
2228,2026-04-29,574.0,56,8
2229,2026-04-19,207.0,21,1
2230,2026-03-11,30.0,34,3
2231,2026-07-22,675.0,71,5
2232,2026-02-15,987.0,93,1
2233,2026-05-05,57.0,11,1
2234,2026-03-22,306.0,9,10
2235,2026-08-19,919.0,47,7
2236,2026-06-21,407.0,93,2
2237,2026-08-04,242.0,15,3
2238,2026-05-27,956.0,16,9
2239,2026-05-14,973.0,100,10
2240,2026-08-27,258.0,64,9
2241,2026-08-15,244.0,77,2
2242,2026-02-01,338.0,75,6
2243,2026-07-08,826.0,96,7
2244,2026-07-10,958.0,55,4
2245,2026-02-25,110.0,23,3
2246,2026-02-24,451.0,53,5
2247,2026-03-07,58.0,63,10
2248,2026-05-17,717.0,15,6
2249,2026-03-23,434.0,61,9
2250,2026-06-24,987.0,36,4
2251,2026-08-14,372.0,61,3
2252,2026-07-03,842.0,40,6
2253,2026-01-06,36.0,95,10
2254,2026-06-19,708.0,86,1
2255,2026-03-03,566.0,50,5
2256,2026-03-21,925.0,88,6
2257,2026-02-01,888.0,31,9
2258,2026-08-08,398.0,2,8
2259,2026-08-21,950.0,33,7
2260,2026-03-19,959.0,97,2
2261,2026-03-02,216.0,21,5
2262,2026-08-23,647.0,41,8
2263,2026-08-14,809.0,5,7
2264,2026-03-12,843.0,100,2
2265,2026-08-29,483.0,95,8
2266,2026-04-16,735.0,55,6
2267,2026-08-13,845.0,21,2
2268,2026-06-28,519.0,9,5
2269,2026-04-01,617.0,94,7
2270,2026-07-28,756.0,42,9
2271,2026-04-27,781.0,7,1
2272,2026-06-14,646.0,57,3
2273,2026-07-22,4.0,52,3
2274,2026-02-21,322.0,74,5
2275,2026-01-22,162.0,32,2
2276,2026-05-13,868.0,77,3
2277,2026-06-25,812.0,41,7
2278,2026-04-26,895.0,95,8
2279,2026-02-04,178.0,88,5
2280,2026-06-01,819.0,37,6
2281,2026-02-20,425.0,48,2
2282,2026-02-16,898.0,49,7
2283,2026-08-02,230.0,3,10
2284,2026-01-06,663.0,79,9
2285,2026-06-10,929.0,12,4
2286,2026-04-29,269.0,90,4
2287,2026-08-07,51.0,52,3
2288,2026-06-08,615.0,34,7
2289,2026-02-08,982.0,48,2
2290,2026-02-13,121.0,2,10
2291,2026-07-03,446.0,99,9
2292,2026-08-24,848.0,87,8
2293,2026-05-07,230.0,92,2
2294,2026-02-22,969.0,35,4
2295,2026-03-15,392.0,17,8
2296,2026-04-21,615.0,28,4
2297,2026-07-30,745.0,87,5
2298,2026-02-18,185.0,53,7
2299,2026-07-22,30.0,38,3
2300,2026-03-09,633.0,58,4
2301,2026-08-21,379.0,75,4
2302,2026-06-25,88.0,2,8
2303,2026-05-01,893.0,42,3
2304,2026-06-27,704.0,28,7
2305,2026-07-02,726.0,55,7
2306,2026-07-08,263.0,10,10
2307,2026-01-25,61.0,7,9
2308,2026-03-27,483.0,46,4
2309,2026-06-05,727.0,96,10
2310,2026-07-27,6.0,33,1
2311,2026-05-10,391.0,39,10
2312,2026-04-12,136.0,72,6
2313,2026-01-11,184.0,34,10
2314,2026-02-13,505.0,44,9
2315,2026-08-13,136.0,12,8
2316,2026-03-23,444.0,19,9
2317,2026-03-08,321.0,6,2
2318,2026-02-02,893.0,36,8
2319,2026-07-11,949.0,56,6
2320,2026-03-14,628.0,98,5
2321,2026-08-26,530.0,41,5
2322,2026-04-22,324.0,95,3
2323,2026-05-06,570.0,85,3
2324,2026-06-12,55.0,25,8
2325,2026-02-08,236.0,24,1
2326,2026-01-10,267.0,21,8
2327,2026-06-30,447.0,15,8
2328,2026-08-18,42.0,57,8
2329,2026-04-02,497.0,59,9
2330,2026-05-07,867.0,93,2
2331,2026-08-10,127.0,45,3
2332,2026-01-24,890.0,37,4
2333,2026-02-16,768.0,66,3
2334,2026-07-30,577.0,85,5
2335,2026-05-30,598.0,1,4
2336,2026-05-15,185.0,54,10
2337,2026-08-24,253.0,99,2
2338,2026-05-08,909.0,43,2
2339,2026-01-07,698.0,88,5
2340,2026-02-01,383.0,76,7
2341,2026-08-26,858.0,42,2
2342,2026-02-09,84.0,59,1
2343,2026-08-01,465.0,81,8
2344,2026-03-10,674.0,1,10
2345,2026-03-26,672.0,80,1
2346,2026-04-26,971.0,94,6
2347,2026-07-07,133.0,28,10
2348,2026-08-09,821.0,83,1
2349,2026-03-14,818.0,8,6
2350,2026-07-10,561.0,78,2
2351,2026-04-08,409.0,33,2
2352,2026-02-15,989.0,99,4
2353,2026-08-10,92.0,3,7
2354,2026-08-07,167.0,50,4
2355,2026-07-19,292.0,83,7
2356,2026-07-12,124.0,39,3
2357,2026-05-06,754.0,40,7
2358,2026-08-20,135.0,46,10
2359,2026-06-20,853.0,48,2
2360,2026-05-12,502.0,58,4
2361,2026-08-15,488.0,35,7
2362,2026-05-25,434.0,12,10
2363,2026-07-13,831.0,48,7
2364,2026-06-07,445.0,81,3
2365,2026-04-20,42.0,66,2
2366,2026-03-29,693.0,29,8
2367,2026-06-15,954.0,64,3
2368,2026-05-15,86.0,38,9
2369,2026-04-30,82.0,62,7
2370,2026-03-18,131.0,88,3
2371,2026-08-20,862.0,32,5
2372,2026-05-14,303.0,73,7
2373,2026-01-13,79.0,6,9
2374,2026-05-12,523.0,55,2
2375,2026-04-16,476.0,85,2
2376,2026-07-04,833.0,33,10
2377,2026-04-01,600.0,11,5
2378,2026-07-16,17.0,15,9
2379,2026-07-09,184.0,24,8
2380,2026-08-04,47.0,11,7
2381,2026-04-17,322.0,76,5
2382,2026-07-05,776.0,86,8
2383,2026-04-26,828.0,34,10
2384,2026-03-29,217.0,24,3
2385,2026-01-21,266.0,87,10
2386,2026-01-28,548.0,3,7
2387,2026-01-02,120.0,2,7
2388,2026-02-13,472.0,89,8
2389,2026-04-14,744.0,63,10
2390,2026-03-19,833.0,79,10
2391,2026-04-03,824.0,39,7
2392,2026-01-23,139.0,2,3
2393,2026-02-18,836.0,3,2
2394,2026-06-28,880.0,4,4
2395,2026-02-23,665.0,19,8
2396,2026-06-16,447.0,81,4
2397,2026-08-08,196.0,12,9
2398,2026-03-19,152.0,61,8
2399,2026-04-19,120.0,22,1
2400,2026-08-20,757.0,90,3
2401,2026-04-24,483.0,3,8
2402,2026-08-09,600.0,32,8
2403,2026-02-21,584.0,51,5
2404,2026-01-14,9.0,14,6
2405,2026-06-11,426.0,64,7
2406,2026-07-08,611.0,94,10
2407,2026-05-22,38.0,63,5
2408,2026-04-13,526.0,76,8
2409,2026-07-05,958.0,87,10
2410,2026-08-20,238.0,92,8
2411,2026-01-16,20.0,55,9
2412,2026-05-28,567.0,9,6
2413,2026-03-10,911.0,61,7
2414,2026-01-30,638.0,83,8
2415,2026-03-30,715.0,56,8
2416,2026-01-06,295.0,93,3
2417,2026-02-19,353.0,57,8
2418,2026-03-01,225.0,76,9
2419,2026-08-21,944.0,78,6
2420,2026-08-07,135.0,38,8
2421,2026-07-05,983.0,54,7
2422,2026-08-02,816.0,61,6
2423,2026-07-24,637.0,27,3
2424,2026-03-14,684.0,62,2
2425,2026-02-03,205.0,21,3
2426,2026-06-05,104.0,54,8
2427,2026-05-07,241.0,27,5
2428,2026-05-23,19.0,46,1
2429,2026-08-14,366.0,87,5
2430,2026-02-10,848.0,65,3
2431,2026-01-09,346.0,56,2
2432,2026-01-30,233.0,16,10
2433,2026-05-24,499.0,34,4
2434,2026-03-29,788.0,6,6
2435,2026-07-17,274.0,20,9
2436,2026-08-07,619.0,86,9
2437,2026-01-27,949.0,57,1
2438,2026-07-24,986.0,97,8
2439,2026-01-29,801.0,79,2
2440,2026-06-06,844.0,72,2
2441,2026-01-11,108.0,22,9
2442,2026-06-11,892.0,27,2
2443,2026-08-22,161.0,94,6
2444,2026-03-16,781.0,65,8
2445,2026-05-08,158.0,83,2
2446,2026-04-04,839.0,18,6
2447,2026-02-01,450.0,54,4
2448,2026-07-16,252.0,61,1
2449,2026-03-29,518.0,22,5
2450,2026-01-22,382.0,92,5
2451,2026-07-13,370.0,81,7
2452,2026-06-20,156.0,97,4
2453,2026-07-12,432.0,30,9
2454,2026-02-05,424.0,53,7
2455,2026-08-18,975.0,67,8
2456,2026-07-23,967.0,4,6
2457,2026-04-24,789.0,2,3
2458,2026-07-03,967.0,9,9
2459,2026-01-22,323.0,52,6
2460,2026-07-17,445.0,8,3
2461,2026-04-11,677.0,83,1
2462,2026-02-08,60.0,81,10
2463,2026-07-02,997.0,38,9
2464,2026-04-18,908.0,88,7
2465,2026-06-29,895.0,39,9
2466,2026-07-04,932.0,45,6
2467,2026-01-03,922.0,68,5
2468,2026-06-06,718.0,52,3
2469,2026-04-25,909.0,70,4
2470,2026-06-09,668.0,57,10
2471,2026-06-28,909.0,84,6
2472,2026-04-14,903.0,39,4
2473,2026-01-22,551.0,43,1
2474,2026-04-10,533.0,70,3
2475,2026-03-14,96.0,66,4
2476,2026-05-22,534.0,44,5
2477,2026-07-13,24.0,4,3
2478,2026-08-16,607.0,34,9
2479,2026-03-03,744.0,55,5
2480,2026-05-10,750.0,8,2
2481,2026-08-04,266.0,81,6
2482,2026-05-10,127.0,7,6
2483,2026-07-13,460.0,39,2
2484,2026-05-27,465.0,44,1
2485,2026-03-02,580.0,92,10
2486,2026-08-17,865.0,77,9
2487,2026-03-01,307.0,37,6
2488,2026-06-20,689.0,18,10
2489,2026-07-02,533.0,95,7
2490,2026-03-05,336.0,67,2
2491,2026-05-30,843.0,100,4
2492,2026-04-03,101.0,19,8
2493,2026-07-02,849.0,53,7
2494,2026-01-21,64.0,55,2
2495,2026-08-16,488.0,28,3
2496,2026-04-25,379.0,87,2
2497,2026-05-15,603.0,72,7
2498,2026-05-13,893.0,34,7
2499,2026-05-30,652.0,55,8
2500,2026-04-23,750.0,54,8
2501,2026-07-30,148.0,65,3
2502,2026-02-02,729.0,59,8
2503,2026-02-03,884.0,68,9
2504,2026-01-31,467.0,61,4
2505,2026-01-09,967.0,72,3
2506,2026-04-05,617.0,53,2
2507,2026-01-29,379.0,74,2
2508,2026-03-16,536.0,20,1
2509,2026-01-31,313.0,48,6
2510,2026-03-19,498.0,4,5
2511,2026-07-22,146.0,76,3
2512,2026-04-18,960.0,40,1
2513,2026-08-16,221.0,24,5
2514,2026-07-29,3.0,16,8
2515,2026-05-21,70.0,6,6
2516,2026-04-17,587.0,40,8
2517,2026-05-25,922.0,44,8
2518,2026-07-20,487.0,93,7
2519,2026-08-02,136.0,98,10
2520,2026-02-05,652.0,59,9
2521,2026-07-14,684.0,58,8
2522,2026-02-08,92.0,80,6
2523,2026-06-20,420.0,50,10
2524,2026-03-01,348.0,70,7
2525,2026-01-12,754.0,36,8
2526,2026-06-15,887.0,22,2
2527,2026-07-01,586.0,81,1
2528,2026-07-23,575.0,83,5
2529,2026-02-01,88.0,25,9
2530,2026-06-08,591.0,97,9
2531,2026-01-14,535.0,25,10
2532,2026-07-12,515.0,3,8
2533,2026-01-31,185.0,3,9
2534,2026-03-12,252.0,91,4
2535,2026-08-03,455.0,11,10
2536,2026-07-26,622.0,42,9
2537,2026-04-13,47.0,63,10
2538,2026-08-09,349.0,56,1
2539,2026-02-16,25.0,68,7
2540,2026-03-23,264.0,12,7
2541,2026-01-30,555.0,22,2
2542,2026-03-15,188.0,33,3
2543,2026-07-16,158.0,40,2
2544,2026-04-15,61.0,79,3
2545,2026-03-25,28.0,92,3
2546,2026-01-15,400.0,13,5
2547,2026-03-23,423.0,42,3
2548,2026-03-08,965.0,16,7
2549,2026-01-14,246.0,97,4
2550,2026-06-02,243.0,64,10
2551,2026-05-11,395.0,15,9
2552,2026-03-10,326.0,60,1
2553,2026-05-22,68.0,62,7
2554,2026-01-08,649.0,30,7
2555,2026-08-22,276.0,71,1
2556,2026-05-31,253.0,98,2
2557,2026-05-23,312.0,73,3
2558,2026-04-15,86.0,82,8
2559,2026-05-09,802.0,19,4
2560,2026-04-06,173.0,32,9
2561,2026-05-18,985.0,72,7
2562,2026-04-26,2.0,60,1
2563,2026-08-01,297.0,84,10
2564,2026-02-12,62.0,62,1
2565,2026-03-11,257.0,88,10
2566,2026-04-08,863.0,81,6
2567,2026-02-24,861.0,66,10
2568,2026-03-14,166.0,95,1
2569,2026-05-17,72.0,39,10
2570,2026-01-23,716.0,16,7
2571,2026-08-01,743.0,72,3
2572,2026-03-13,216.0,79,7
2573,2026-05-10,906.0,88,6
2574,2026-03-29,771.0,91,5
2575,2026-04-26,252.0,85,5
2576,2026-03-24,216.0,59,6
2577,2026-06-03,17.0,89,6
2578,2026-02-04,624.0,61,1
2579,2026-01-02,689.0,23,1
2580,2026-04-16,917.0,90,9
2581,2026-06-30,781.0,51,8
2582,2026-05-18,807.0,84,2
2583,2026-06-16,552.0,4,2
2584,2026-08-17,689.0,16,8
2585,2026-04-01,848.0,77,7
2586,2026-04-02,182.0,99,7
2587,2026-07-27,128.0,60,1
2588,2026-04-05,456.0,2,4
2589,2026-02-26,777.0,36,1
2590,2026-06-24,197.0,12,6
2591,2026-07-28,641.0,39,10
2592,2026-07-26,240.0,64,4
2593,2026-04-03,288.0,64,1
2594,2026-08-20,215.0,1,10
2595,2026-02-20,114.0,36,7
2596,2026-05-26,506.0,22,9
2597,2026-05-22,676.0,95,4
2598,2026-05-25,579.0,23,10
2599,2026-01-17,132.0,96,10
2600,2026-01-17,266.0,73,3
2601,2026-08-08,903.0,67,4
2602,2026-07-06,197.0,87,5
2603,2026-01-06,630.0,33,9
2604,2026-06-24,905.0,59,9
2605,2026-01-01,657.0,87,7
2606,2026-06-16,875.0,42,1
2607,2026-04-21,281.0,16,7
2608,2026-06-24,478.0,64,9
2609,2026-04-03,778.0,6,9
2610,2026-08-15,49.0,36,4
2611,2026-08-24,546.0,58,7
2612,2026-03-22,402.0,25,1
2613,2026-03-27,902.0,74,2
2614,2026-07-26,756.0,29,1
2615,2026-06-26,981.0,10,7
2616,2026-08-23,202.0,22,4
2617,2026-03-26,65.0,81,5
2618,2026-06-10,29.0,62,2
2619,2026-04-21,607.0,81,1
2620,2026-08-28,861.0,33,6
2621,2026-03-05,485.0,31,2
2622,2026-03-29,842.0,43,1
2623,2026-05-14,967.0,10,4
2624,2026-07-18,635.0,57,10
2625,2026-07-15,641.0,58,2
2626,2026-05-29,88.0,8,2
2627,2026-08-23,387.0,41,1
2628,2026-08-16,802.0,17,2
2629,2026-01-16,57.0,39,8
2630,2026-06-06,68.0,14,7
2631,2026-06-23,573.0,7,1
2632,2026-03-17,412.0,13,7
2633,2026-06-08,239.0,77,7
2634,2026-07-21,11.0,59,10
2635,2026-04-09,815.0,55,8
2636,2026-08-14,635.0,13,10
2637,2026-03-28,465.0,67,1
2638,2026-03-26,198.0,14,10
2639,2026-01-27,610.0,92,1
2640,2026-01-18,809.0,25,10
2641,2026-08-20,130.0,82,10
2642,2026-05-11,364.0,54,5
2643,2026-05-04,456.0,24,10
2644,2026-03-04,817.0,6,3
2645,2026-01-16,320.0,75,3
2646,2026-04-22,983.0,84,9
2647,2026-07-13,319.0,75,6
2648,2026-08-15,795.0,19,9
2649,2026-02-07,317.0,78,8
2650,2026-03-29,378.0,2,5
2651,2026-05-13,674.0,87,10
2652,2026-02-07,244.0,65,1
2653,2026-07-29,880.0,7,9
2654,2026-04-19,201.0,26,6
2655,2026-06-13,805.0,9,4
2656,2026-03-29,684.0,61,4
2657,2026-06-27,615.0,89,8
2658,2026-03-26,580.0,43,10
2659,2026-06-07,429.0,43,5
2660,2026-02-11,466.0,6,2
2661,2026-05-07,943.0,1,4
2662,2026-06-13,710.0,30,4
2663,2026-04-30,219.0,31,10
2664,2026-05-04,827.0,95,6
2665,2026-04-07,410.0,24,4
2666,2026-07-31,372.0,2,1
2667,2026-01-19,31.0,72,6
2668,2026-01-30,298.0,57,3
2669,2026-02-19,935.0,98,10
2670,2026-04-03,999.0,4,1
2671,2026-02-20,291.0,23,4
2672,2026-02-26,737.0,23,5
2673,2026-03-28,252.0,23,9
2674,2026-02-20,181.0,34,1
2675,2026-08-22,22.0,87,2
2676,2026-02-05,671.0,15,7
2677,2026-03-28,313.0,59,4
2678,2026-03-03,829.0,48,6
2679,2026-06-19,964.0,68,3
2680,2026-07-24,903.0,56,10
2681,2026-08-13,122.0,19,2
2682,2026-08-14,814.0,25,3
2683,2026-02-19,388.0,89,9
2684,2026-04-06,614.0,55,6
2685,2026-06-12,944.0,6,4
2686,2026-07-15,602.0,25,10
2687,2026-08-07,302.0,20,9
2688,2026-03-25,55.0,81,4
2689,2026-07-23,894.0,17,5
2690,2026-08-06,992.0,75,9
2691,2026-08-15,215.0,94,8
2692,2026-01-21,810.0,85,8
2693,2026-06-07,172.0,66,2
2694,2026-04-10,384.0,64,9
2695,2026-05-13,184.0,42,8
2696,2026-07-02,539.0,89,6
2697,2026-05-04,486.0,35,8
2698,2026-05-29,654.0,75,7
2699,2026-06-16,213.0,29,1
2700,2026-08-18,463.0,31,4
2701,2026-04-12,314.0,55,4
2702,2026-08-16,586.0,21,7
2703,2026-08-28,261.0,71,6
2704,2026-01-22,770.0,11,3
2705,2026-03-17,532.0,46,8
2706,2026-02-28,43.0,60,10
2707,2026-05-12,345.0,55,10
2708,2026-04-26,443.0,53,8
2709,2026-04-05,325.0,35,8
2710,2026-04-08,184.0,57,1
2711,2026-03-01,661.0,10,5
2712,2026-04-02,302.0,65,2
2713,2026-05-12,660.0,11,9
2714,2026-07-21,949.0,30,5
2715,2026-01-26,74.0,47,2
2716,2026-01-10,206.0,43,9
2717,2026-02-20,257.0,39,6
2718,2026-07-10,196.0,91,5
2719,2026-06-04,876.0,97,3
2720,2026-07-03,935.0,34,9
2721,2026-01-03,289.0,45,5
2722,2026-07-20,969.0,52,7
2723,2026-07-30,776.0,84,10
2724,2026-01-04,670.0,66,8
2725,2026-07-14,887.0,51,3
2726,2026-02-28,741.0,96,4
2727,2026-02-23,240.0,67,8
2728,2026-05-31,776.0,60,9
2729,2026-07-04,349.0,11,8
2730,2026-03-22,440.0,99,4
2731,2026-06-28,215.0,57,7
2732,2026-04-26,31.0,48,9
2733,2026-02-05,895.0,17,10
2734,2026-03-20,512.0,85,1
2735,2026-08-02,348.0,29,6
2736,2026-04-18,703.0,97,7
2737,2026-04-14,307.0,42,9
2738,2026-05-31,582.0,5,1
2739,2026-08-25,158.0,43,3
2740,2026-05-26,936.0,78,10
2741,2026-05-27,391.0,27,7
2742,2026-04-11,548.0,50,2
2743,2026-02-18,112.0,43,8
2744,2026-05-26,655.0,39,8
2745,2026-01-24,107.0,87,3
2746,2026-05-22,33.0,89,3
2747,2026-06-04,28.0,24,8
2748,2026-02-20,934.0,50,2
2749,2026-03-14,239.0,38,4
2750,2026-06-18,72.0,59,9
2751,2026-01-15,531.0,2,6
2752,2026-02-13,881.0,53,6
2753,2026-04-11,114.0,17,3
2754,2026-05-18,490.0,96,7
2755,2026-01-18,979.0,27,7
2756,2026-02-03,318.0,56,4
2757,2026-07-29,163.0,78,8
2758,2026-05-28,602.0,26,5
2759,2026-05-09,283.0,26,8
2760,2026-01-02,457.0,9,3
2761,2026-07-31,620.0,32,7
2762,2026-05-15,933.0,73,6
2763,2026-08-14,472.0,60,8
2764,2026-05-28,755.0,12,1
2765,2026-03-15,356.0,90,8
2766,2026-08-04,401.0,79,5
2767,2026-07-30,426.0,32,3
2768,2026-02-15,751.0,56,10
2769,2026-04-28,933.0,85,7
2770,2026-02-16,98.0,51,10
2771,2026-06-28,246.0,21,1
2772,2026-03-12,299.0,86,9
2773,2026-08-23,715.0,93,2
2774,2026-07-04,931.0,64,4
2775,2026-04-16,125.0,48,9
2776,2026-01-20,517.0,99,2
2777,2026-07-19,420.0,58,6
2778,2026-02-12,213.0,65,5
2779,2026-01-12,28.0,10,8
2780,2026-06-13,391.0,44,8
2781,2026-07-10,877.0,25,7
2782,2026-04-12,11.0,33,1
2783,2026-01-30,335.0,86,3
2784,2026-07-11,497.0,60,8
2785,2026-01-18,562.0,85,2
2786,2026-03-04,144.0,61,8
2787,2026-07-30,862.0,21,5
2788,2026-02-13,622.0,13,1
2789,2026-02-15,128.0,69,5
2790,2026-07-09,173.0,10,7
2791,2026-06-21,694.0,35,1
2792,2026-02-09,367.0,23,8
2793,2026-02-25,915.0,87,1
2794,2026-05-17,453.0,90,4
2795,2026-01-13,657.0,85,9
2796,2026-07-03,400.0,89,2
2797,2026-03-20,54.0,77,8
2798,2026-01-02,791.0,49,1
2799,2026-07-16,952.0,32,4
2800,2026-04-06,205.0,12,4
2801,2026-01-05,29.0,2,7
2802,2026-03-28,697.0,86,4
2803,2026-01-17,982.0,13,4
2804,2026-07-24,742.0,22,3
2805,2026-01-12,525.0,14,7
2806,2026-07-28,331.0,72,6
2807,2026-06-10,640.0,27,4
2808,2026-08-28,405.0,55,9
2809,2026-01-31,219.0,14,4
2810,2026-04-02,178.0,2,6
2811,2026-04-13,13.0,50,6
2812,2026-02-24,226.0,9,8
2813,2026-06-18,666.0,80,5
2814,2026-04-05,69.0,28,1
2815,2026-04-16,786.0,77,5
2816,2026-05-08,730.0,69,2
2817,2026-07-22,176.0,33,10
2818,2026-01-25,333.0,81,10
2819,2026-06-28,695.0,99,7
2820,2026-06-27,341.0,23,3
2821,2026-06-12,872.0,86,6
2822,2026-05-04,344.0,3,2
2823,2026-06-05,460.0,49,10
2824,2026-05-11,516.0,76,4
2825,2026-06-30,239.0,3,1
2826,2026-06-07,317.0,31,2
2827,2026-07-08,776.0,32,7
2828,2026-06-08,62.0,18,2
2829,2026-04-06,304.0,26,8
2830,2026-02-08,210.0,83,7
2831,2026-01-10,946.0,93,4
2832,2026-06-03,757.0,43,8
2833,2026-02-04,326.0,83,5
2834,2026-07-21,534.0,54,1
2835,2026-06-15,769.0,4,5
2836,2026-02-28,351.0,32,6
2837,2026-02-22,56.0,86,9
2838,2026-03-05,623.0,49,4
2839,2026-05-14,188.0,57,6
2840,2026-06-11,67.0,63,1
2841,2026-01-18,54.0,82,4
2842,2026-02-06,129.0,12,4
2843,2026-02-14,563.0,27,10
2844,2026-03-02,81.0,55,9
2845,2026-07-05,319.0,22,8
2846,2026-07-04,251.0,55,4
2847,2026-02-15,255.0,39,10
2848,2026-03-15,460.0,82,10
2849,2026-02-21,884.0,62,5
2850,2026-01-21,408.0,49,6
2851,2026-02-12,452.0,55,8
2852,2026-05-10,753.0,56,10
2853,2026-07-14,840.0,62,3
2854,2026-01-06,438.0,11,7
2855,2026-07-14,610.0,69,5
2856,2026-02-09,745.0,23,9
2857,2026-03-07,475.0,40,7
2858,2026-04-27,385.0,72,5
2859,2026-06-05,74.0,43,8
2860,2026-02-04,201.0,20,8
2861,2026-08-23,5.0,2,4
2862,2026-08-09,748.0,93,9
2863,2026-04-06,415.0,54,8
2864,2026-08-29,994.0,96,7
2865,2026-04-06,502.0,40,7
2866,2026-06-14,73.0,53,10
2867,2026-08-15,944.0,16,1
2868,2026-04-09,167.0,25,10
2869,2026-07-15,981.0,33,7
2870,2026-07-17,522.0,91,6
2871,2026-05-06,714.0,8,6
2872,2026-06-16,949.0,55,7
2873,2026-07-08,249.0,62,4
2874,2026-01-09,647.0,91,6
2875,2026-06-23,715.0,86,1
2876,2026-06-15,268.0,78,3
2877,2026-04-27,261.0,32,3
2878,2026-06-04,975.0,85,10
2879,2026-08-04,13.0,15,3
2880,2026-07-17,660.0,92,2
2881,2026-08-23,408.0,91,7
2882,2026-05-31,531.0,25,2
2883,2026-08-13,170.0,55,7
2884,2026-03-06,513.0,69,5
2885,2026-06-18,601.0,40,7
2886,2026-07-07,771.0,94,7
2887,2026-08-11,112.0,82,2
2888,2026-05-27,834.0,19,6
2889,2026-03-10,953.0,96,4
2890,2026-04-12,7.0,22,5
2891,2026-07-28,2.0,13,8
2892,2026-01-18,538.0,54,7
2893,2026-06-17,751.0,56,5
2894,2026-02-13,384.0,24,3
2895,2026-06-30,203.0,63,3
2896,2026-02-16,972.0,15,9
2897,2026-04-26,834.0,28,10
2898,2026-02-17,61.0,96,4
2899,2026-02-16,266.0,53,4
2900,2026-04-23,112.0,82,10
2901,2026-02-12,301.0,11,2
2902,2026-04-07,284.0,9,2
2903,2026-03-29,600.0,31,1
2904,2026-05-03,689.0,98,8
2905,2026-01-26,63.0,35,1
2906,2026-07-12,682.0,75,1
2907,2026-07-22,100.0,28,1
2908,2026-05-14,385.0,78,1
2909,2026-05-14,955.0,63,5
2910,2026-05-02,619.0,55,6
2911,2026-03-28,699.0,44,6
2912,2026-03-22,964.0,47,4
2913,2026-06-20,388.0,79,7
2914,2026-01-15,895.0,43,6
2915,2026-07-26,4.0,59,2
2916,2026-08-11,743.0,18,7
2917,2026-01-07,126.0,68,10
2918,2026-03-13,378.0,58,4
2919,2026-06-08,528.0,53,8
2920,2026-06-19,4.0,82,4
2921,2026-07-28,18.0,82,6
2922,2026-04-03,993.0,95,1
2923,2026-03-25,240.0,78,8
2924,2026-05-05,757.0,79,7
2925,2026-07-23,357.0,55,2
2926,2026-08-29,675.0,90,8
2927,2026-08-20,752.0,50,2
2928,2026-03-17,200.0,92,10
2929,2026-02-06,898.0,74,9
2930,2026-07-20,33.0,17,9
2931,2026-05-08,309.0,87,2
2932,2026-05-21,173.0,58,8
2933,2026-01-30,679.0,70,8
2934,2026-03-03,217.0,22,4
2935,2026-07-12,109.0,56,2
2936,2026-07-03,165.0,42,1
2937,2026-08-20,785.0,36,7
2938,2026-02-26,682.0,61,5
2939,2026-08-18,682.0,18,2
2940,2026-08-25,649.0,93,9
2941,2026-05-06,815.0,89,2
2942,2026-03-27,955.0,74,4
2943,2026-07-16,67.0,83,10
2944,2026-03-29,933.0,92,7
2945,2026-07-10,670.0,83,7
2946,2026-07-20,990.0,56,9
2947,2026-07-26,229.0,34,4
2948,2026-01-30,90.0,15,5
2949,2026-01-23,759.0,76,6
2950,2026-08-28,763.0,15,4
2951,2026-05-27,131.0,41,6
2952,2026-04-08,755.0,1,10
2953,2026-03-21,605.0,69,1
2954,2026-02-18,434.0,41,7
2955,2026-07-17,817.0,87,6
2956,2026-08-28,533.0,85,3
2957,2026-06-04,228.0,14,10
2958,2026-04-12,552.0,59,1
2959,2026-03-22,836.0,38,3
2960,2026-08-03,512.0,88,4
2961,2026-04-27,616.0,37,3
2962,2026-02-07,614.0,41,1
2963,2026-03-21,706.0,16,9
2964,2026-03-12,490.0,81,10
2965,2026-08-01,507.0,38,4
2966,2026-06-30,61.0,43,7
2967,2026-02-09,869.0,94,4
2968,2026-08-28,718.0,95,4
2969,2026-01-14,878.0,63,3
2970,2026-07-06,307.0,85,7
2971,2026-08-22,23.0,71,3
2972,2026-04-11,433.0,87,6
2973,2026-05-02,776.0,51,6
2974,2026-04-11,541.0,94,2
2975,2026-03-14,714.0,25,5
2976,2026-06-29,404.0,13,9
2977,2026-02-03,771.0,75,6
2978,2026-08-10,871.0,91,1
2979,2026-03-19,671.0,21,8
2980,2026-05-28,453.0,90,3
2981,2026-05-04,919.0,19,5
2982,2026-02-23,824.0,96,4
2983,2026-02-20,371.0,93,1
2984,2026-08-08,105.0,87,10
2985,2026-07-21,386.0,55,3
2986,2026-06-23,949.0,8,3
2987,2026-01-25,998.0,61,6
2988,2026-02-15,121.0,66,1
2989,2026-06-16,608.0,56,6
2990,2026-02-08,251.0,5,7
2991,2026-01-31,407.0,63,4
2992,2026-03-19,978.0,23,10
2993,2026-06-17,795.0,89,7
2994,2026-07-23,797.0,60,2
2995,2026-08-10,282.0,81,7
2996,2026-06-17,377.0,2,8
2997,2026-01-31,85.0,16,2
2998,2026-05-06,231.0,3,9
2999,2026-05-31,587.0,62,10
3000,2026-03-12,814.0,76,2
3001,2026-02-16,496.0,83,7
3002,2026-06-29,306.0,74,7
3003,2026-02-02,334.0,9,2
3004,2026-07-02,190.0,52,9
3005,2026-07-28,404.0,72,1
3006,2026-07-29,803.0,68,9
3007,2026-05-06,532.0,75,2
3008,2026-05-18,772.0,97,2
3009,2026-02-23,186.0,77,2
3010,2026-06-27,6.0,72,3
3011,2026-04-25,126.0,6,6
3012,2026-02-02,212.0,84,10
3013,2026-02-11,576.0,33,2
3014,2026-08-06,87.0,16,1
3015,2026-05-10,373.0,70,5
3016,2026-02-13,968.0,85,7
3017,2026-01-01,308.0,6,4
3018,2026-05-13,675.0,69,5
3019,2026-04-24,591.0,63,3
3020,2026-06-27,536.0,46,6
3021,2026-06-05,523.0,27,9
3022,2026-06-26,679.0,6,2
3023,2026-03-02,193.0,19,1
3024,2026-03-18,981.0,18,4
3025,2026-06-04,222.0,76,9
3026,2026-04-02,132.0,94,5
3027,2026-06-09,77.0,71,7
3028,2026-03-07,391.0,84,5
3029,2026-08-20,410.0,59,3
3030,2026-01-22,693.0,55,5
3031,2026-08-29,549.0,27,3
3032,2026-01-19,649.0,90,5
3033,2026-06-15,732.0,48,4
3034,2026-05-25,620.0,21,9
3035,2026-04-18,324.0,56,3
3036,2026-04-08,988.0,78,1
3037,2026-03-05,277.0,16,2
3038,2026-05-17,701.0,71,2
3039,2026-04-15,338.0,82,2
3040,2026-01-23,932.0,43,6
3041,2026-07-19,150.0,29,5
3042,2026-03-12,101.0,49,1
3043,2026-02-26,975.0,14,7
3044,2026-07-20,180.0,68,2
3045,2026-07-06,603.0,63,5
3046,2026-01-25,358.0,90,9
3047,2026-05-27,565.0,35,5
3048,2026-06-05,919.0,7,2
3049,2026-02-13,970.0,97,6
3050,2026-04-10,354.0,95,3
3051,2026-06-23,565.0,77,9
3052,2026-08-14,489.0,76,7
3053,2026-02-02,10.0,88,5
3054,2026-05-12,674.0,17,3
3055,2026-02-06,582.0,95,7
3056,2026-03-10,941.0,93,1
3057,2026-06-13,725.0,100,6
3058,2026-03-05,429.0,91,10
3059,2026-04-28,450.0,46,3
3060,2026-07-24,515.0,37,8
3061,2026-03-12,534.0,92,7
3062,2026-08-14,313.0,82,4
3063,2026-08-08,971.0,40,2
3064,2026-04-15,866.0,12,6
3065,2026-06-12,79.0,94,2
3066,2026-03-03,170.0,74,2
3067,2026-01-15,762.0,37,2
3068,2026-05-22,828.0,2,8
3069,2026-04-19,955.0,94,9
3070,2026-02-04,510.0,66,8
3071,2026-06-25,715.0,16,9
3072,2026-04-14,632.0,25,1
3073,2026-08-22,732.0,55,1
3074,2026-06-29,768.0,45,9
3075,2026-03-04,701.0,78,9
3076,2026-01-11,460.0,22,10
3077,2026-06-22,926.0,29,9
3078,2026-02-14,376.0,18,2
3079,2026-05-12,976.0,7,6
3080,2026-04-19,389.0,22,8
3081,2026-04-06,347.0,87,2
3082,2026-03-05,872.0,99,9
3083,2026-08-08,298.0,39,2
3084,2026-05-04,272.0,28,5
3085,2026-01-01,404.0,28,10
3086,2026-08-25,952.0,83,5
3087,2026-05-12,958.0,60,1
3088,2026-08-17,869.0,63,10
3089,2026-01-15,7.0,79,6
3090,2026-04-28,306.0,46,6
3091,2026-01-28,359.0,93,1
3092,2026-02-17,364.0,2,7
3093,2026-01-26,504.0,26,7
3094,2026-01-22,527.0,20,9
3095,2026-04-16,936.0,63,2
3096,2026-01-02,788.0,85,3
3097,2026-03-06,482.0,51,4
3098,2026-04-06,374.0,55,5
3099,2026-08-17,550.0,35,3
3100,2026-01-28,673.0,57,8
3101,2026-02-11,363.0,96,3
3102,2026-04-22,368.0,91,1
3103,2026-02-20,195.0,37,2
3104,2026-01-11,405.0,54,3
3105,2026-07-10,923.0,5,6
3106,2026-02-11,972.0,62,4
3107,2026-06-20,122.0,54,5
3108,2026-05-06,508.0,88,9
3109,2026-07-02,333.0,97,3
3110,2026-07-15,514.0,93,7
3111,2026-08-25,135.0,15,7
3112,2026-01-28,130.0,20,1
3113,2026-03-30,14.0,99,9
3114,2026-06-25,54.0,87,4
3115,2026-08-01,440.0,77,6
3116,2026-07-08,445.0,62,1
3117,2026-03-16,498.0,11,5
3118,2026-07-14,254.0,80,7
3119,2026-02-09,192.0,32,9
3120,2026-03-13,885.0,34,2
3121,2026-06-29,683.0,55,4
3122,2026-02-20,724.0,14,8
3123,2026-06-29,626.0,24,9
3124,2026-02-18,645.0,82,10
3125,2026-02-08,124.0,17,4
3126,2026-04-13,281.0,25,1
3127,2026-08-26,437.0,3,3
3128,2026-06-07,94.0,7,4
3129,2026-04-08,538.0,40,7
3130,2026-06-29,228.0,44,4
3131,2026-04-20,63.0,66,8
3132,2026-04-20,312.0,15,1
3133,2026-03-10,288.0,45,6
3134,2026-07-02,253.0,41,7
3135,2026-08-18,187.0,6,1
3136,2026-01-01,677.0,96,1
3137,2026-03-24,293.0,61,4
3138,2026-03-13,104.0,56,10
3139,2026-02-17,972.0,63,5
3140,2026-04-04,312.0,15,6
3141,2026-01-25,700.0,71,1
3142,2026-07-17,340.0,47,3
3143,2026-07-09,761.0,100,6
3144,2026-05-31,620.0,48,9
3145,2026-03-02,216.0,75,5
3146,2026-04-09,909.0,14,2
3147,2026-02-03,124.0,6,10
3148,2026-05-31,198.0,91,4
3149,2026-04-25,77.0,70,2
3150,2026-06-08,309.0,93,6
3151,2026-05-02,547.0,93,4
3152,2026-02-09,131.0,25,1
3153,2026-04-18,729.0,33,9
3154,2026-08-17,999.0,45,9
3155,2026-08-18,460.0,81,6
3156,2026-07-03,933.0,56,2
3157,2026-01-18,430.0,68,8
3158,2026-08-27,810.0,3,9
3159,2026-02-12,281.0,90,10
3160,2026-02-03,47.0,73,5
3161,2026-01-16,759.0,51,4
3162,2026-05-07,892.0,66,9
3163,2026-01-20,449.0,97,3
3164,2026-05-11,576.0,100,7
3165,2026-04-10,622.0,35,7
3166,2026-02-22,4.0,21,3
3167,2026-05-27,607.0,90,4
3168,2026-01-03,467.0,65,9
3169,2026-07-01,266.0,39,9
3170,2026-08-07,304.0,91,4
3171,2026-03-10,122.0,22,9
3172,2026-02-27,547.0,31,1
3173,2026-03-16,655.0,19,1
3174,2026-08-15,950.0,18,5
3175,2026-03-11,658.0,32,1
3176,2026-07-30,548.0,15,4
3177,2026-01-01,648.0,78,6
3178,2026-04-05,86.0,91,6
3179,2026-08-15,271.0,93,9
3180,2026-02-04,920.0,79,7
3181,2026-03-17,59.0,81,6
3182,2026-07-28,844.0,46,1
3183,2026-02-26,181.0,33,5
3184,2026-01-05,674.0,100,9
3185,2026-08-29,109.0,93,10
3186,2026-07-10,969.0,84,7
3187,2026-03-07,565.0,27,10
3188,2026-07-29,226.0,42,8
3189,2026-03-10,596.0,81,4
3190,2026-07-26,160.0,58,7
3191,2026-03-01,378.0,19,7
3192,2026-08-19,96.0,64,8
3193,2026-02-16,190.0,23,8
3194,2026-02-18,503.0,94,10
3195,2026-02-16,22.0,40,5
3196,2026-02-11,838.0,51,3
3197,2026-06-25,193.0,9,10
3198,2026-02-06,437.0,32,2
3199,2026-04-27,103.0,93,7
3200,2026-05-15,745.0,97,3
3201,2026-07-26,618.0,13,1
3202,2026-04-07,22.0,15,7
3203,2026-07-31,782.0,83,1
3204,2026-08-28,136.0,32,1
3205,2026-07-17,275.0,19,2
3206,2026-08-29,14.0,2,10
3207,2026-07-22,556.0,95,2
3208,2026-07-29,874.0,91,6
3209,2026-01-22,143.0,62,4
3210,2026-07-14,914.0,57,10
3211,2026-07-28,315.0,43,3
3212,2026-05-03,250.0,8,3
3213,2026-05-20,643.0,70,5
3214,2026-02-01,845.0,6,1
3215,2026-01-27,304.0,14,9
3216,2026-05-11,146.0,1,7
3217,2026-08-22,25.0,30,4
3218,2026-04-20,151.0,46,7
3219,2026-06-17,232.0,88,5
3220,2026-04-09,504.0,22,2
3221,2026-01-29,105.0,37,4
3222,2026-04-02,631.0,43,2
3223,2026-01-31,946.0,11,6
3224,2026-08-18,620.0,20,1
3225,2026-02-15,544.0,43,7
3226,2026-06-03,696.0,55,3
3227,2026-02-08,640.0,37,5
3228,2026-03-31,278.0,64,2
3229,2026-06-19,956.0,34,6
3230,2026-07-27,808.0,1,2
3231,2026-08-09,797.0,84,3
3232,2026-02-07,152.0,50,6
3233,2026-04-25,835.0,9,8
3234,2026-01-29,438.0,94,10
3235,2026-03-13,93.0,42,3
3236,2026-02-02,786.0,50,3
3237,2026-04-01,507.0,55,6
3238,2026-05-04,617.0,82,7
3239,2026-03-27,822.0,84,3
3240,2026-08-24,393.0,54,4
3241,2026-05-21,552.0,69,8
3242,2026-05-07,550.0,30,9
3243,2026-04-09,595.0,92,2
3244,2026-04-18,592.0,100,9
3245,2026-06-27,720.0,12,4
3246,2026-03-02,3.0,27,6
3247,2026-08-06,372.0,72,1
3248,2026-05-02,944.0,15,3
3249,2026-01-16,370.0,100,6
3250,2026-07-29,302.0,59,3
3251,2026-02-06,996.0,54,9
3252,2026-03-04,848.0,29,4
3253,2026-01-15,121.0,90,3
3254,2026-06-30,387.0,94,3
3255,2026-01-07,381.0,7,7
3256,2026-06-29,679.0,75,2
3257,2026-01-19,858.0,77,8
3258,2026-08-11,31.0,19,3
3259,2026-04-04,81.0,32,3
3260,2026-01-20,583.0,54,1
3261,2026-02-08,482.0,96,3
3262,2026-02-05,716.0,39,9
3263,2026-05-01,740.0,44,7
3264,2026-04-24,294.0,15,1
3265,2026-02-09,903.0,83,1
3266,2026-01-09,770.0,23,10
3267,2026-05-09,12.0,51,3
3268,2026-08-02,697.0,59,7
3269,2026-05-22,942.0,74,5
3270,2026-05-09,727.0,30,5
3271,2026-04-19,279.0,12,3
3272,2026-05-14,974.0,17,7
3273,2026-07-10,411.0,80,4
3274,2026-01-15,402.0,24,4
3275,2026-07-30,620.0,10,9
3276,2026-07-29,489.0,41,8
3277,2026-06-17,848.0,49,7
3278,2026-02-12,823.0,48,1
3279,2026-06-15,200.0,35,7
3280,2026-01-28,80.0,47,2
3281,2026-06-04,29.0,31,6
3282,2026-03-14,555.0,14,3
3283,2026-01-17,612.0,2,4
3284,2026-07-13,193.0,71,5
3285,2026-02-21,247.0,35,1
3286,2026-01-22,579.0,6,10
3287,2026-05-25,47.0,7,8
3288,2026-03-22,967.0,40,2
3289,2026-01-03,770.0,37,6
3290,2026-04-12,200.0,41,9
3291,2026-07-12,744.0,46,7
3292,2026-02-03,340.0,53,2
3293,2026-08-18,104.0,65,9
3294,2026-07-26,25.0,76,3
3295,2026-07-23,489.0,76,7
3296,2026-08-11,298.0,21,1
3297,2026-02-08,81.0,81,8
3298,2026-01-24,906.0,28,4
3299,2026-07-26,788.0,92,3
3300,2026-02-11,529.0,94,9
3301,2026-06-05,953.0,99,9
3302,2026-03-29,805.0,17,8
3303,2026-03-28,369.0,80,5
3304,2026-08-08,41.0,92,7
3305,2026-07-18,245.0,27,7
3306,2026-06-06,77.0,20,10
3307,2026-05-26,100.0,2,8
3308,2026-02-06,561.0,12,5
3309,2026-05-08,466.0,41,2
3310,2026-02-13,166.0,9,5
3311,2026-03-13,373.0,46,10
3312,2026-01-23,184.0,91,2
3313,2026-07-17,265.0,61,8
3314,2026-03-07,666.0,18,8
3315,2026-08-29,996.0,73,2
3316,2026-05-05,373.0,37,1
3317,2026-04-13,878.0,80,7
3318,2026-08-23,452.0,47,3
3319,2026-05-12,975.0,41,10
3320,2026-04-06,699.0,53,2
3321,2026-05-10,270.0,88,8
3322,2026-01-11,660.0,8,10
3323,2026-07-09,717.0,72,4
3324,2026-01-03,874.0,14,3
3325,2026-03-16,163.0,73,7
3326,2026-04-13,229.0,50,2
3327,2026-08-12,686.0,12,8
3328,2026-03-31,480.0,83,8
3329,2026-05-17,112.0,11,8
3330,2026-02-16,940.0,51,2
3331,2026-07-16,205.0,52,7
3332,2026-03-26,325.0,44,2
3333,2026-06-04,218.0,90,8
3334,2026-07-09,118.0,36,8
3335,2026-04-27,559.0,20,1
3336,2026-05-01,656.0,28,3
3337,2026-03-23,33.0,77,10
3338,2026-07-18,64.0,47,7
3339,2026-07-22,485.0,28,7
3340,2026-01-14,889.0,3,4
3341,2026-07-14,277.0,33,7
3342,2026-06-12,86.0,19,3
3343,2026-01-18,415.0,11,5
3344,2026-03-18,893.0,54,8
3345,2026-05-15,686.0,34,4
3346,2026-02-17,95.0,55,1
3347,2026-03-29,169.0,26,5
3348,2026-03-31,494.0,61,7
3349,2026-05-18,989.0,90,3
3350,2026-04-22,935.0,89,6
3351,2026-05-27,843.0,2,7
3352,2026-05-24,204.0,10,10
3353,2026-07-05,632.0,19,10
3354,2026-03-24,15.0,20,6
3355,2026-08-18,957.0,19,8
3356,2026-05-08,117.0,87,6
3357,2026-04-15,534.0,93,5
3358,2026-01-01,966.0,17,8
3359,2026-06-12,655.0,75,8
3360,2026-01-25,224.0,96,1
3361,2026-02-18,714.0,70,7
3362,2026-07-18,616.0,49,3
3363,2026-02-25,215.0,25,6
3364,2026-06-23,979.0,2,10
3365,2026-04-05,17.0,39,6
3366,2026-08-18,515.0,16,5
3367,2026-06-29,665.0,59,8
3368,2026-04-16,361.0,46,7
3369,2026-08-01,437.0,67,9
3370,2026-07-15,117.0,23,6
3371,2026-04-28,383.0,23,7
3372,2026-05-22,167.0,70,10
3373,2026-04-22,292.0,85,7
3374,2026-06-26,650.0,37,7
3375,2026-06-29,961.0,13,10
3376,2026-01-23,92.0,84,2
3377,2026-01-05,955.0,53,10
3378,2026-01-27,768.0,97,8
3379,2026-06-09,103.0,82,9
3380,2026-04-24,596.0,5,9
3381,2026-06-20,873.0,54,5
3382,2026-02-24,796.0,59,4
3383,2026-05-22,118.0,26,7
3384,2026-08-08,974.0,16,8
3385,2026-03-31,423.0,83,8
3386,2026-06-30,8.0,48,7
3387,2026-07-20,520.0,37,4
3388,2026-03-10,315.0,54,5
3389,2026-06-22,5.0,54,4
3390,2026-01-09,27.0,20,1
3391,2026-07-22,861.0,67,6
3392,2026-07-29,326.0,43,10
3393,2026-02-13,441.0,31,10
3394,2026-05-23,198.0,79,7
3395,2026-06-14,849.0,7,7
3396,2026-07-25,440.0,17,10
3397,2026-08-29,746.0,23,7
3398,2026-04-14,530.0,21,6
3399,2026-04-22,102.0,91,4
3400,2026-07-25,517.0,16,3
3401,2026-06-11,804.0,51,10
3402,2026-08-04,858.0,71,5
3403,2026-02-10,209.0,12,6
3404,2026-01-24,448.0,2,1
3405,2026-06-10,157.0,4,10
3406,2026-06-08,943.0,11,9
3407,2026-05-27,26.0,96,7
3408,2026-07-07,465.0,82,3
3409,2026-06-11,192.0,31,6
3410,2026-06-17,305.0,25,4
3411,2026-05-18,744.0,100,4
3412,2026-07-26,789.0,34,7
3413,2026-06-18,282.0,11,1
3414,2026-08-28,643.0,3,3
3415,2026-06-13,888.0,14,10
3416,2026-01-29,950.0,77,8
3417,2026-02-01,146.0,37,2
3418,2026-03-09,96.0,10,3
3419,2026-05-07,935.0,27,6
3420,2026-04-11,503.0,3,2
3421,2026-04-16,499.0,81,2
3422,2026-01-20,704.0,54,4
3423,2026-04-07,649.0,58,6
3424,2026-07-26,185.0,39,3
3425,2026-01-03,676.0,73,3
3426,2026-06-11,876.0,5,10
3427,2026-01-31,356.0,62,6
3428,2026-06-07,560.0,1,10
3429,2026-02-10,760.0,33,9
3430,2026-08-26,198.0,78,2
3431,2026-01-08,24.0,67,9
3432,2026-05-12,222.0,47,3
3433,2026-01-30,31.0,42,4
3434,2026-02-05,86.0,94,4
3435,2026-06-27,275.0,36,3
3436,2026-05-04,977.0,12,4
3437,2026-03-31,668.0,38,9
3438,2026-04-30,447.0,66,8
3439,2026-04-13,257.0,23,4
3440,2026-02-20,985.0,51,5
3441,2026-01-27,813.0,99,10
3442,2026-05-31,170.0,27,5
3443,2026-07-04,444.0,58,8
3444,2026-04-19,766.0,35,10
3445,2026-07-28,638.0,14,6
3446,2026-06-05,440.0,26,7
3447,2026-05-26,383.0,81,6
3448,2026-07-29,461.0,22,2
3449,2026-08-16,982.0,66,1
3450,2026-03-06,420.0,38,10
3451,2026-06-04,361.0,51,9
3452,2026-01-08,185.0,42,2
3453,2026-04-20,367.0,32,3
3454,2026-01-19,673.0,48,4
3455,2026-04-06,799.0,41,3
3456,2026-02-01,327.0,89,1
3457,2026-01-03,219.0,60,6
3458,2026-05-26,921.0,30,6
3459,2026-05-24,395.0,37,2
3460,2026-06-04,540.0,28,4
3461,2026-01-27,285.0,92,9
3462,2026-06-05,588.0,83,2
3463,2026-04-18,326.0,41,7
3464,2026-02-20,51.0,64,4
3465,2026-05-08,282.0,54,1
3466,2026-01-31,464.0,22,2
3467,2026-06-03,606.0,50,6
3468,2026-03-02,22.0,37,10
3469,2026-01-05,5.0,60,10
3470,2026-03-14,862.0,52,3
3471,2026-01-10,941.0,68,9
3472,2026-01-11,661.0,3,6
3473,2026-01-18,98.0,54,8
3474,2026-07-05,282.0,41,5
3475,2026-07-12,410.0,11,6
3476,2026-05-23,506.0,79,6
3477,2026-01-13,306.0,90,7
3478,2026-04-27,870.0,83,8
3479,2026-08-22,864.0,48,2
3480,2026-08-29,106.0,4,10
3481,2026-02-27,846.0,2,1
3482,2026-02-05,331.0,89,2
3483,2026-07-05,232.0,22,7
3484,2026-01-23,742.0,48,4
3485,2026-07-28,6.0,89,9
3486,2026-08-11,266.0,6,1
3487,2026-01-29,970.0,39,1
3488,2026-01-20,338.0,89,5
3489,2026-06-06,277.0,90,7
3490,2026-02-13,598.0,59,3
3491,2026-01-31,327.0,19,3
3492,2026-07-12,910.0,53,10
3493,2026-06-13,685.0,16,8
3494,2026-05-14,247.0,74,9
3495,2026-05-03,1000.0,36,8
3496,2026-03-24,232.0,12,8
3497,2026-03-09,729.0,11,5
3498,2026-04-01,856.0,32,9
3499,2026-06-18,712.0,10,4
3500,2026-01-20,62.0,28,8
3501,2026-01-04,480.0,50,4
3502,2026-02-18,108.0,44,8
3503,2026-02-23,780.0,68,10
3504,2026-05-12,779.0,40,6
3505,2026-07-01,672.0,20,8
3506,2026-08-06,109.0,17,9
3507,2026-02-26,395.0,58,6
3508,2026-08-11,526.0,26,10
3509,2026-07-19,193.0,9,7
3510,2026-03-13,169.0,88,7
3511,2026-03-20,664.0,14,10
3512,2026-02-07,898.0,14,8
3513,2026-07-10,247.0,3,2
3514,2026-08-17,192.0,35,8
3515,2026-01-08,678.0,68,8
3516,2026-04-26,272.0,16,6
3517,2026-08-26,87.0,46,9
3518,2026-04-21,155.0,51,4
3519,2026-05-09,521.0,43,7
3520,2026-01-14,280.0,48,8
3521,2026-01-26,665.0,49,1
3522,2026-07-07,199.0,38,7
3523,2026-02-18,181.0,77,7
3524,2026-03-12,623.0,64,9
3525,2026-05-13,112.0,88,7
3526,2026-01-13,982.0,15,4
3527,2026-02-26,55.0,5,2
3528,2026-05-28,245.0,9,5
3529,2026-05-17,283.0,29,2
3530,2026-08-14,717.0,92,10
3531,2026-04-14,403.0,13,7
3532,2026-02-26,508.0,27,5
3533,2026-02-13,356.0,82,4
3534,2026-03-15,295.0,94,10
3535,2026-01-01,190.0,65,2
3536,2026-08-21,489.0,95,10
3537,2026-03-20,175.0,41,4
3538,2026-06-24,171.0,24,2
3539,2026-03-27,146.0,2,8
3540,2026-06-20,439.0,43,8
3541,2026-01-06,998.0,34,3
3542,2026-08-14,175.0,87,2
3543,2026-07-14,609.0,46,1
3544,2026-05-02,2.0,63,10
3545,2026-08-12,484.0,15,4
3546,2026-01-12,581.0,88,1
3547,2026-03-16,538.0,65,4
3548,2026-02-12,794.0,13,3
3549,2026-01-26,824.0,95,5
3550,2026-03-27,503.0,95,8
3551,2026-03-31,264.0,85,9
3552,2026-05-05,374.0,59,5
3553,2026-01-04,309.0,91,6
3554,2026-03-27,794.0,85,9
3555,2026-08-08,496.0,15,10
3556,2026-03-11,746.0,82,9
3557,2026-01-06,421.0,29,3
3558,2026-06-18,366.0,64,3
3559,2026-01-08,592.0,95,4
3560,2026-06-28,369.0,27,7
3561,2026-07-10,199.0,49,2
3562,2026-06-13,989.0,36,2
3563,2026-08-13,921.0,58,9
3564,2026-08-13,180.0,34,9
3565,2026-08-22,910.0,43,6
3566,2026-04-11,428.0,36,10
3567,2026-03-21,43.0,75,4
3568,2026-05-14,855.0,79,6
3569,2026-02-01,815.0,59,7
3570,2026-05-26,296.0,15,6
3571,2026-01-03,950.0,88,8
3572,2026-02-07,698.0,20,8
3573,2026-05-14,639.0,72,5
3574,2026-06-20,311.0,63,3
3575,2026-03-15,819.0,38,2
3576,2026-01-04,42.0,28,8
3577,2026-03-14,127.0,7,10
3578,2026-05-06,6.0,56,5
3579,2026-04-01,52.0,33,1
3580,2026-02-05,900.0,37,6
3581,2026-07-21,682.0,99,9
3582,2026-05-24,977.0,12,3
3583,2026-07-02,147.0,94,5
3584,2026-02-20,600.0,11,7
3585,2026-03-16,33.0,61,4
3586,2026-08-27,255.0,87,6
3587,2026-06-13,433.0,52,7
3588,2026-08-20,915.0,34,2
3589,2026-08-24,612.0,40,5
3590,2026-02-14,447.0,87,10
3591,2026-08-13,824.0,75,6
3592,2026-02-05,257.0,18,4
3593,2026-04-17,205.0,39,9
3594,2026-03-20,305.0,73,2
3595,2026-08-26,559.0,24,8
3596,2026-04-07,99.0,18,7
3597,2026-05-15,711.0,41,8
3598,2026-05-09,480.0,46,6
3599,2026-04-20,431.0,53,8
3600,2026-04-29,935.0,72,1
3601,2026-01-07,91.0,97,7
3602,2026-02-05,929.0,39,10
3603,2026-07-21,595.0,66,4
3604,2026-04-06,636.0,70,3
3605,2026-08-19,899.0,38,10
3606,2026-01-14,129.0,52,7
3607,2026-06-21,474.0,98,1
3608,2026-08-12,472.0,7,9
3609,2026-01-22,277.0,84,1
3610,2026-01-28,609.0,13,6
3611,2026-07-30,580.0,62,5
3612,2026-06-26,886.0,8,6
3613,2026-02-01,691.0,66,10
3614,2026-07-09,719.0,27,1
3615,2026-05-13,576.0,95,3
3616,2026-05-07,229.0,87,3
3617,2026-06-13,309.0,81,3
3618,2026-03-21,825.0,63,1
3619,2026-06-09,118.0,9,4
3620,2026-01-01,619.0,16,3
3621,2026-05-14,254.0,27,2
3622,2026-01-27,26.0,65,8
3623,2026-04-24,57.0,16,7
3624,2026-03-18,496.0,24,7
3625,2026-07-29,862.0,70,4
3626,2026-03-08,698.0,57,10
3627,2026-08-08,127.0,56,10
3628,2026-02-07,190.0,19,1
3629,2026-07-29,175.0,66,4
3630,2026-07-09,206.0,61,9
3631,2026-05-03,297.0,86,5
3632,2026-01-26,505.0,48,10
3633,2026-06-20,401.0,50,5
3634,2026-06-28,476.0,54,2
3635,2026-07-28,152.0,4,7
3636,2026-03-14,124.0,73,8
3637,2026-04-10,595.0,39,1
3638,2026-01-09,456.0,6,10
3639,2026-08-21,986.0,18,6
3640,2026-04-30,284.0,2,8
3641,2026-02-10,513.0,65,6
3642,2026-02-23,925.0,91,6
3643,2026-05-15,526.0,9,7
3644,2026-02-14,361.0,84,3
3645,2026-07-04,348.0,59,10
3646,2026-07-03,286.0,98,3
3647,2026-06-18,946.0,51,5
3648,2026-01-18,386.0,61,8
3649,2026-06-05,590.0,91,3
3650,2026-08-26,795.0,85,9
3651,2026-05-15,133.0,90,5
3652,2026-03-24,979.0,75,10
3653,2026-03-31,633.0,52,10
3654,2026-01-18,31.0,94,1
3655,2026-02-10,99.0,86,4
3656,2026-01-28,957.0,87,8
3657,2026-05-02,779.0,30,6
3658,2026-07-17,108.0,23,4
3659,2026-07-06,774.0,54,7
3660,2026-08-25,64.0,79,2
3661,2026-03-06,39.0,96,2
3662,2026-01-19,782.0,48,8
3663,2026-06-05,946.0,23,1
3664,2026-03-24,716.0,58,2
3665,2026-04-07,653.0,74,3
3666,2026-05-23,201.0,33,4
3667,2026-05-06,696.0,37,8
3668,2026-02-27,760.0,21,4
3669,2026-04-22,829.0,25,9
3670,2026-01-23,25.0,81,10
3671,2026-06-21,209.0,5,2
3672,2026-07-27,915.0,1,3
3673,2026-04-03,582.0,70,7
3674,2026-08-10,349.0,24,2
3675,2026-06-24,509.0,25,9
3676,2026-08-02,585.0,61,4
3677,2026-05-09,366.0,80,6
3678,2026-08-19,874.0,18,9
3679,2026-07-25,450.0,55,2
3680,2026-06-10,895.0,10,7
3681,2026-05-26,131.0,67,2
3682,2026-03-18,121.0,64,2
3683,2026-03-01,616.0,70,1
3684,2026-03-26,230.0,38,1
3685,2026-08-25,400.0,91,5
3686,2026-04-02,894.0,21,2
3687,2026-03-15,548.0,74,2
3688,2026-03-03,955.0,79,9
3689,2026-05-09,409.0,80,5
3690,2026-01-15,715.0,15,9
3691,2026-05-30,960.0,34,8
3692,2026-06-17,34.0,44,1
3693,2026-04-18,206.0,43,5
3694,2026-08-16,143.0,27,1
3695,2026-05-21,947.0,97,6
3696,2026-06-19,242.0,64,1
3697,2026-01-19,927.0,79,10
3698,2026-06-29,355.0,10,1
3699,2026-04-17,758.0,79,10
3700,2026-08-26,909.0,71,2
3701,2026-05-03,278.0,93,3
3702,2026-01-11,37.0,64,2
3703,2026-05-10,666.0,45,4
3704,2026-04-21,311.0,30,8
3705,2026-01-06,27.0,100,1
3706,2026-07-20,548.0,78,4
3707,2026-08-09,699.0,88,7
3708,2026-07-08,566.0,62,1
3709,2026-01-14,785.0,49,7
3710,2026-06-28,441.0,90,3
3711,2026-04-20,142.0,15,9
3712,2026-04-23,919.0,79,2
3713,2026-08-20,361.0,25,6
3714,2026-03-29,941.0,8,7
3715,2026-03-02,95.0,76,4
3716,2026-01-03,423.0,96,4
3717,2026-07-12,582.0,6,9
3718,2026-07-25,895.0,93,1
3719,2026-03-05,79.0,8,1
3720,2026-02-02,185.0,37,8
3721,2026-01-12,359.0,78,6
3722,2026-06-17,300.0,17,4
3723,2026-06-05,491.0,85,7
3724,2026-02-01,79.0,33,2
3725,2026-08-29,211.0,64,9
3726,2026-06-30,920.0,29,6
3727,2026-04-24,965.0,47,5
3728,2026-07-19,300.0,84,9
3729,2026-03-04,915.0,35,9
3730,2026-03-23,516.0,14,9
3731,2026-01-14,923.0,53,6
3732,2026-06-30,498.0,36,10
3733,2026-01-21,934.0,18,4
3734,2026-08-04,237.0,40,9
3735,2026-07-09,216.0,16,9
3736,2026-04-06,37.0,31,3
3737,2026-06-28,666.0,98,8
3738,2026-04-27,22.0,64,2
3739,2026-08-03,277.0,36,1
3740,2026-05-31,308.0,11,7
3741,2026-01-16,876.0,79,5
3742,2026-04-09,20.0,49,8
3743,2026-04-09,46.0,29,8
3744,2026-02-22,189.0,85,7
3745,2026-04-21,54.0,85,9
3746,2026-03-20,555.0,98,1
3747,2026-03-31,932.0,78,1
3748,2026-07-13,945.0,34,6
3749,2026-07-27,222.0,97,10
3750,2026-01-08,744.0,80,6
3751,2026-04-22,802.0,94,7
3752,2026-08-26,827.0,14,1
3753,2026-05-22,976.0,93,7
3754,2026-08-27,880.0,69,5
3755,2026-04-29,587.0,93,7
3756,2026-05-26,267.0,21,9
3757,2026-04-08,764.0,31,8
3758,2026-02-03,288.0,88,1
3759,2026-03-12,256.0,99,2
3760,2026-05-19,346.0,74,5
3761,2026-04-12,631.0,36,1
3762,2026-04-03,676.0,33,5
3763,2026-07-20,13.0,16,10
3764,2026-03-20,677.0,42,10
3765,2026-08-03,868.0,23,5
3766,2026-04-24,18.0,57,8
3767,2026-01-03,38.0,46,8
3768,2026-05-03,224.0,53,9
3769,2026-01-15,962.0,11,10
3770,2026-03-12,565.0,41,10
3771,2026-01-17,185.0,34,8
3772,2026-07-16,266.0,64,5
3773,2026-02-02,646.0,23,4
3774,2026-02-07,672.0,7,10
3775,2026-03-01,671.0,5,2
3776,2026-02-17,882.0,57,9
3777,2026-05-29,43.0,71,6
3778,2026-07-03,63.0,92,4
3779,2026-03-08,17.0,87,5
3780,2026-08-05,554.0,92,6
3781,2026-01-12,241.0,45,10
3782,2026-01-28,520.0,57,2
3783,2026-01-29,80.0,31,9
3784,2026-02-22,585.0,48,6
3785,2026-08-01,74.0,83,7
3786,2026-04-20,147.0,4,5
3787,2026-03-25,808.0,47,10
3788,2026-03-27,919.0,84,7
3789,2026-04-06,966.0,38,8
3790,2026-06-09,165.0,48,1
3791,2026-01-12,953.0,20,5
3792,2026-08-22,27.0,14,10
3793,2026-06-05,828.0,41,4
3794,2026-05-11,803.0,75,9
3795,2026-07-02,963.0,28,6
3796,2026-04-07,34.0,85,10
3797,2026-07-05,391.0,98,3
3798,2026-06-16,979.0,10,2
3799,2026-08-28,579.0,65,4
3800,2026-05-28,752.0,54,9
3801,2026-05-18,868.0,68,2
3802,2026-07-24,622.0,61,1
3803,2026-06-18,533.0,57,9
3804,2026-03-23,200.0,74,5
3805,2026-03-17,337.0,32,4
3806,2026-07-24,237.0,59,6
3807,2026-03-22,710.0,31,2
3808,2026-04-24,371.0,11,7
3809,2026-04-01,518.0,10,9
3810,2026-08-23,670.0,62,6
3811,2026-06-04,460.0,54,4
3812,2026-02-28,848.0,17,10
3813,2026-08-25,251.0,100,9
3814,2026-08-21,691.0,75,7
3815,2026-06-20,621.0,34,3
3816,2026-07-23,350.0,41,5
3817,2026-01-31,419.0,54,2
3818,2026-05-10,590.0,64,3
3819,2026-06-11,922.0,24,4
3820,2026-08-13,16.0,22,8
3821,2026-01-31,270.0,98,7
3822,2026-05-22,761.0,13,8
3823,2026-02-02,854.0,56,1
3824,2026-01-07,75.0,17,3
3825,2026-05-12,941.0,50,9
3826,2026-08-20,363.0,17,7
3827,2026-04-13,248.0,92,9
3828,2026-03-17,345.0,44,2
3829,2026-06-01,632.0,14,10
3830,2026-07-04,76.0,95,1
3831,2026-08-24,973.0,58,6
3832,2026-08-22,646.0,58,7
3833,2026-07-09,297.0,97,7
3834,2026-05-03,752.0,24,3
3835,2026-07-05,939.0,66,10
3836,2026-01-22,918.0,1,3
3837,2026-06-01,379.0,87,10
3838,2026-06-16,389.0,42,8
3839,2026-04-23,521.0,93,3
3840,2026-05-31,968.0,99,5
3841,2026-01-25,305.0,64,4
3842,2026-03-29,578.0,67,1
3843,2026-08-18,594.0,66,9
3844,2026-08-05,293.0,42,7
3845,2026-04-09,776.0,23,6
3846,2026-02-06,834.0,95,1
3847,2026-08-14,441.0,67,4
3848,2026-03-13,901.0,79,10
3849,2026-03-22,356.0,37,2
3850,2026-02-12,295.0,36,2
3851,2026-05-05,230.0,22,8
3852,2026-03-15,621.0,97,5
3853,2026-01-28,683.0,36,4
3854,2026-02-06,212.0,71,2
3855,2026-08-03,773.0,22,9
3856,2026-01-08,925.0,6,10
3857,2026-08-17,551.0,25,9
3858,2026-01-02,853.0,4,8
3859,2026-04-05,289.0,74,4
3860,2026-04-20,534.0,17,8
3861,2026-08-01,303.0,15,8
3862,2026-07-03,456.0,56,2
3863,2026-05-07,89.0,18,5
3864,2026-03-13,992.0,46,2
3865,2026-07-25,763.0,29,2
3866,2026-07-06,335.0,21,2
3867,2026-05-10,283.0,59,6
3868,2026-06-11,689.0,100,9
3869,2026-01-19,914.0,5,6
3870,2026-04-21,955.0,91,2
3871,2026-07-23,326.0,25,9
3872,2026-08-04,677.0,81,9
3873,2026-01-10,252.0,18,1
3874,2026-05-31,894.0,29,7
3875,2026-06-22,272.0,61,4
3876,2026-02-08,834.0,24,8
3877,2026-07-07,290.0,17,8
3878,2026-02-20,974.0,67,2
3879,2026-08-08,4.0,56,4
3880,2026-01-18,572.0,79,8
3881,2026-02-23,40.0,54,3
3882,2026-06-26,629.0,49,5
3883,2026-06-11,241.0,82,10
3884,2026-03-31,544.0,85,8
3885,2026-02-16,861.0,30,5
3886,2026-08-13,685.0,63,5
3887,2026-05-06,613.0,46,7
3888,2026-05-20,303.0,13,8
3889,2026-02-26,987.0,97,2
3890,2026-07-15,430.0,58,5
3891,2026-03-25,679.0,55,4
3892,2026-01-30,476.0,41,3
3893,2026-06-19,356.0,90,2
3894,2026-04-12,793.0,62,3
3895,2026-08-04,616.0,53,8
3896,2026-06-25,30.0,38,4
3897,2026-03-10,221.0,53,9
3898,2026-01-16,791.0,42,9
3899,2026-03-08,422.0,51,6
3900,2026-07-27,436.0,52,8
3901,2026-03-08,275.0,63,1
3902,2026-07-06,348.0,82,4
3903,2026-07-29,316.0,58,1
3904,2026-04-15,587.0,22,4
3905,2026-05-18,799.0,81,4
3906,2026-01-29,626.0,43,10
3907,2026-02-03,553.0,3,10
3908,2026-07-04,822.0,49,1
3909,2026-01-24,935.0,46,6
3910,2026-07-16,65.0,84,9
3911,2026-01-13,216.0,47,9
3912,2026-05-18,161.0,69,4
3913,2026-04-12,298.0,21,4
3914,2026-08-22,340.0,53,6
3915,2026-02-25,751.0,32,9
3916,2026-08-29,37.0,3,1
3917,2026-07-13,105.0,65,9
3918,2026-04-12,44.0,21,8
3919,2026-03-14,25.0,30,5
3920,2026-06-11,35.0,35,4
3921,2026-07-11,833.0,49,2
3922,2026-06-17,135.0,95,7
3923,2026-08-13,883.0,11,5
3924,2026-01-20,517.0,93,2
3925,2026-06-30,21.0,2,7
3926,2026-07-10,620.0,20,9
3927,2026-01-25,812.0,51,10
3928,2026-02-19,880.0,40,10
3929,2026-07-20,436.0,66,6
3930,2026-07-10,310.0,36,1
3931,2026-04-28,103.0,34,4
3932,2026-06-17,483.0,49,10
3933,2026-03-16,96.0,29,7
3934,2026-04-15,286.0,62,9
3935,2026-03-14,519.0,32,9
3936,2026-04-08,509.0,94,1
3937,2026-04-11,782.0,70,6
3938,2026-07-02,464.0,29,2
3939,2026-05-28,407.0,99,1
3940,2026-03-01,379.0,62,8
3941,2026-05-25,659.0,40,2
3942,2026-03-27,830.0,81,3
3943,2026-01-22,575.0,22,2
3944,2026-02-23,608.0,32,8
3945,2026-01-22,413.0,79,3
3946,2026-08-03,536.0,93,8
3947,2026-08-03,779.0,30,10
3948,2026-01-16,259.0,53,8
3949,2026-03-21,855.0,20,6
3950,2026-01-10,706.0,73,6
3951,2026-06-03,893.0,1,7
3952,2026-03-10,774.0,72,4
3953,2026-07-23,559.0,64,8
3954,2026-03-22,330.0,60,4
3955,2026-07-01,527.0,72,8
3956,2026-08-08,944.0,14,2
3957,2026-04-19,385.0,17,2
3958,2026-07-13,166.0,67,1
3959,2026-07-11,171.0,26,2
3960,2026-04-23,40.0,55,2
3961,2026-05-07,642.0,68,3
3962,2026-05-05,767.0,71,3
3963,2026-04-18,10.0,38,7
3964,2026-01-31,302.0,93,7
3965,2026-08-25,536.0,42,5
3966,2026-06-07,578.0,84,6
3967,2026-02-12,298.0,67,3
3968,2026-06-25,823.0,79,4
3969,2026-07-02,532.0,78,6
3970,2026-03-06,474.0,27,8
3971,2026-08-28,950.0,96,6
3972,2026-07-04,169.0,68,3
3973,2026-07-03,11.0,41,8
3974,2026-04-17,154.0,61,3
3975,2026-01-18,320.0,90,1
3976,2026-02-18,711.0,13,4
3977,2026-05-18,339.0,13,8
3978,2026-01-16,480.0,77,10
3979,2026-02-10,359.0,82,2
3980,2026-05-24,354.0,81,4
3981,2026-01-04,282.0,37,4
3982,2026-07-30,599.0,94,7
3983,2026-03-20,640.0,99,6
3984,2026-04-14,575.0,70,5
3985,2026-06-14,80.0,76,4
3986,2026-02-09,749.0,28,2
3987,2026-03-13,270.0,73,3
3988,2026-01-27,817.0,67,3
3989,2026-05-31,339.0,74,7
3990,2026-07-17,620.0,36,10
3991,2026-07-26,685.0,61,10
3992,2026-02-23,3.0,30,3
3993,2026-02-25,952.0,79,2
3994,2026-02-07,169.0,61,3
3995,2026-08-12,332.0,10,1
3996,2026-08-18,141.0,66,1
3997,2026-07-26,436.0,86,8
3998,2026-05-01,310.0,65,6
3999,2026-07-14,247.0,72,2
4000,2026-04-11,793.0,50,7
4001,2026-06-30,364.0,40,8
4002,2026-08-03,325.0,68,9
4003,2026-01-21,863.0,28,10
4004,2026-02-12,729.0,19,5
4005,2026-08-04,574.0,57,7
4006,2026-05-06,702.0,16,5
4007,2026-05-23,668.0,45,7
4008,2026-02-15,887.0,47,1
4009,2026-08-07,790.0,86,8
4010,2026-03-30,219.0,79,7
4011,2026-05-24,392.0,48,4
4012,2026-02-15,201.0,57,1
4013,2026-04-03,200.0,1,9
4014,2026-05-31,337.0,13,5
4015,2026-08-22,938.0,33,6
4016,2026-05-09,622.0,35,1
4017,2026-01-09,658.0,62,5
4018,2026-04-12,713.0,91,1
4019,2026-03-06,641.0,8,5
4020,2026-05-27,884.0,92,1
4021,2026-08-26,623.0,81,8
4022,2026-04-27,178.0,61,8
4023,2026-07-11,827.0,14,9
4024,2026-01-10,30.0,79,6
4025,2026-08-17,723.0,95,3
4026,2026-02-15,85.0,54,3
4027,2026-08-02,58.0,57,2
4028,2026-06-13,322.0,13,1
4029,2026-08-08,285.0,25,9
4030,2026-06-17,756.0,3,10
4031,2026-03-27,920.0,91,6
4032,2026-02-13,740.0,47,10
4033,2026-05-13,964.0,86,1
4034,2026-04-14,858.0,86,7
4035,2026-06-21,67.0,25,1
4036,2026-07-31,152.0,94,9
4037,2026-03-10,177.0,57,2
4038,2026-01-12,624.0,26,5
4039,2026-06-26,420.0,23,9
4040,2026-06-12,319.0,36,1
4041,2026-05-24,121.0,44,6
4042,2026-04-30,857.0,90,10
4043,2026-01-23,953.0,60,10
4044,2026-01-23,941.0,12,2
4045,2026-02-16,191.0,41,2
4046,2026-06-01,786.0,22,1
4047,2026-07-21,223.0,82,1
4048,2026-04-06,84.0,93,8
4049,2026-03-05,858.0,88,5
4050,2026-06-14,766.0,97,4
4051,2026-07-08,318.0,7,3
4052,2026-04-08,183.0,36,5
4053,2026-02-05,324.0,53,10
4054,2026-02-27,280.0,26,4
4055,2026-02-15,266.0,90,5
4056,2026-04-23,95.0,63,5
4057,2026-04-01,373.0,45,10
4058,2026-07-17,461.0,81,9
4059,2026-06-25,38.0,75,3
4060,2026-04-09,551.0,73,3
4061,2026-02-23,356.0,83,7
4062,2026-07-27,213.0,44,5
4063,2026-06-29,565.0,96,9
4064,2026-07-23,93.0,66,5
4065,2026-07-17,265.0,28,4
4066,2026-04-30,33.0,15,5
4067,2026-05-13,487.0,18,3
4068,2026-04-30,331.0,48,10
4069,2026-05-25,675.0,76,7
4070,2026-08-19,331.0,90,1
4071,2026-01-27,891.0,2,6
4072,2026-02-10,487.0,43,7
4073,2026-03-28,192.0,46,2
4074,2026-03-20,479.0,70,3
4075,2026-02-17,450.0,79,1
4076,2026-04-27,590.0,89,10
4077,2026-04-22,485.0,32,7
4078,2026-03-06,616.0,44,6
4079,2026-05-04,308.0,6,7
4080,2026-08-26,782.0,65,4
4081,2026-01-28,437.0,100,7
4082,2026-03-10,411.0,76,10
4083,2026-01-08,525.0,22,3
4084,2026-08-25,908.0,77,5
4085,2026-06-28,204.0,73,9
4086,2026-07-12,134.0,85,3
4087,2026-03-27,994.0,12,1
4088,2026-03-21,821.0,45,3
4089,2026-04-28,170.0,59,7
4090,2026-01-01,206.0,23,3
4091,2026-03-19,83.0,24,5
4092,2026-03-02,448.0,12,4
4093,2026-07-05,158.0,88,4
4094,2026-05-23,6.0,62,6
4095,2026-02-10,103.0,61,6
4096,2026-05-21,716.0,28,7
4097,2026-08-22,685.0,49,8
4098,2026-08-01,724.0,32,8
4099,2026-07-15,397.0,17,2
4100,2026-03-23,410.0,99,3
4101,2026-03-25,840.0,87,5
4102,2026-07-06,612.0,51,7
4103,2026-05-17,356.0,63,2
4104,2026-06-21,28.0,29,10
4105,2026-08-15,183.0,99,10
4106,2026-03-02,371.0,44,6
4107,2026-05-09,626.0,77,1
4108,2026-07-12,937.0,10,7
4109,2026-06-15,142.0,64,4
4110,2026-02-18,217.0,39,1
4111,2026-04-22,348.0,50,2
4112,2026-06-17,436.0,20,3
4113,2026-03-14,397.0,87,5
4114,2026-07-30,36.0,34,8
4115,2026-04-18,168.0,51,3
4116,2026-06-24,855.0,14,9
4117,2026-04-30,355.0,88,2
4118,2026-07-07,672.0,52,2
4119,2026-07-25,165.0,41,1
4120,2026-02-02,520.0,50,10
4121,2026-06-25,12.0,63,8
4122,2026-06-17,433.0,99,7
4123,2026-01-14,436.0,34,5
4124,2026-07-09,619.0,58,2
4125,2026-05-09,800.0,61,6
4126,2026-07-02,865.0,69,6
4127,2026-04-04,805.0,23,2
4128,2026-04-19,778.0,50,9
4129,2026-08-11,154.0,1,2
4130,2026-03-28,265.0,26,10
4131,2026-05-12,746.0,59,10
4132,2026-04-22,476.0,37,1
4133,2026-01-11,889.0,63,2
4134,2026-04-28,52.0,77,6
4135,2026-06-25,259.0,55,6
4136,2026-03-28,786.0,4,5
4137,2026-05-19,184.0,38,5
4138,2026-04-02,18.0,58,7
4139,2026-03-25,652.0,5,5
4140,2026-06-02,366.0,94,2
4141,2026-01-10,757.0,51,9
4142,2026-03-05,87.0,69,3
4143,2026-01-25,745.0,19,3
4144,2026-06-12,442.0,36,8
4145,2026-03-30,706.0,80,8
4146,2026-03-04,583.0,59,9
4147,2026-01-11,335.0,48,2
4148,2026-01-10,624.0,93,3
4149,2026-06-13,392.0,66,2
4150,2026-07-05,346.0,82,2
4151,2026-07-11,433.0,52,5
4152,2026-01-06,974.0,96,3
4153,2026-03-07,857.0,56,2
4154,2026-01-30,585.0,34,4
4155,2026-03-19,527.0,70,10
4156,2026-08-07,711.0,7,4
4157,2026-04-06,485.0,28,10
4158,2026-07-14,282.0,96,7
4159,2026-06-26,284.0,65,3
4160,2026-06-21,620.0,52,1
4161,2026-08-21,695.0,37,3
4162,2026-03-11,417.0,27,1
4163,2026-01-05,673.0,17,7
4164,2026-03-12,474.0,77,5
4165,2026-07-22,100.0,29,6
4166,2026-02-27,727.0,42,1
4167,2026-02-26,627.0,37,2
4168,2026-07-06,847.0,59,10
4169,2026-05-31,651.0,77,7
4170,2026-03-26,399.0,61,9
4171,2026-08-27,13.0,44,9
4172,2026-03-29,355.0,57,6
4173,2026-02-08,875.0,96,8
4174,2026-05-08,546.0,90,4
4175,2026-02-13,262.0,52,7
4176,2026-01-09,991.0,11,10
4177,2026-06-11,575.0,45,8
4178,2026-01-22,766.0,68,4
4179,2026-04-05,299.0,97,5
4180,2026-03-22,691.0,60,8
4181,2026-01-08,640.0,75,3
4182,2026-02-12,361.0,73,10
4183,2026-04-21,784.0,3,7
4184,2026-07-12,570.0,96,5
4185,2026-05-06,385.0,69,4
4186,2026-02-03,622.0,16,7
4187,2026-01-25,224.0,28,7
4188,2026-01-29,297.0,23,10
4189,2026-08-10,786.0,100,3
4190,2026-07-08,564.0,53,7
4191,2026-04-01,429.0,77,4
4192,2026-03-13,789.0,47,6
4193,2026-06-11,681.0,88,2
4194,2026-06-12,515.0,69,6
4195,2026-05-17,231.0,52,7
4196,2026-05-07,294.0,58,8
4197,2026-02-10,410.0,37,3
4198,2026-01-01,850.0,43,9
4199,2026-07-15,672.0,23,8
4200,2026-06-24,393.0,75,2
4201,2026-06-17,998.0,54,7
4202,2026-04-16,652.0,4,4
4203,2026-06-08,142.0,79,4
4204,2026-06-08,83.0,77,9
4205,2026-05-27,969.0,3,7
4206,2026-03-25,256.0,22,10
4207,2026-05-26,701.0,12,8
4208,2026-04-05,761.0,77,1
4209,2026-08-15,566.0,66,7
4210,2026-08-10,871.0,21,4
4211,2026-04-28,741.0,31,6
4212,2026-02-14,960.0,92,8
4213,2026-08-24,331.0,17,4
4214,2026-03-17,916.0,4,2
4215,2026-02-22,473.0,59,10
4216,2026-03-04,455.0,31,10
4217,2026-07-23,997.0,60,3
4218,2026-05-09,823.0,78,2
4219,2026-08-03,894.0,21,6
4220,2026-03-04,740.0,9,8
4221,2026-01-02,699.0,87,1
4222,2026-04-15,482.0,50,9
4223,2026-01-19,981.0,34,7
4224,2026-08-15,124.0,92,9
4225,2026-07-18,663.0,69,10
4226,2026-07-02,450.0,62,1
4227,2026-07-31,300.0,51,1
4228,2026-08-01,373.0,52,1
4229,2026-07-03,645.0,84,9
4230,2026-04-23,807.0,16,7
4231,2026-01-27,868.0,34,3
4232,2026-07-14,772.0,15,10
4233,2026-07-04,376.0,53,3
4234,2026-06-18,146.0,32,6
4235,2026-07-23,216.0,34,8
4236,2026-01-25,658.0,89,6
4237,2026-01-19,921.0,91,8
4238,2026-05-06,776.0,34,4
4239,2026-03-29,706.0,57,5
4240,2026-03-26,717.0,34,8
4241,2026-05-26,609.0,5,5
4242,2026-07-14,152.0,67,3
4243,2026-03-15,227.0,48,1
4244,2026-05-25,731.0,38,6
4245,2026-03-20,582.0,82,3
4246,2026-03-20,731.0,57,8
4247,2026-06-22,159.0,96,5
4248,2026-07-26,151.0,78,3
4249,2026-03-16,264.0,82,7
4250,2026-02-28,872.0,28,1
4251,2026-05-30,152.0,75,5
4252,2026-01-04,373.0,93,5
4253,2026-05-11,416.0,62,9
4254,2026-06-08,996.0,45,3
4255,2026-06-14,602.0,65,3
4256,2026-03-22,384.0,49,9
4257,2026-08-10,664.0,22,8
4258,2026-08-11,494.0,23,9
4259,2026-05-04,15.0,86,7
4260,2026-01-17,231.0,40,6
4261,2026-02-22,154.0,36,4
4262,2026-06-05,666.0,26,2
4263,2026-04-02,471.0,73,8
4264,2026-08-22,861.0,96,1
4265,2026-08-05,920.0,30,9
4266,2026-07-09,373.0,86,4
4267,2026-01-09,642.0,13,7
4268,2026-03-26,69.0,35,9
4269,2026-05-22,867.0,95,9
4270,2026-05-18,994.0,8,2
4271,2026-04-25,536.0,32,10
4272,2026-03-04,817.0,95,5
4273,2026-02-16,234.0,89,4
4274,2026-07-03,182.0,6,8
4275,2026-06-05,566.0,36,5
4276,2026-01-24,751.0,9,4
4277,2026-08-20,536.0,39,3
4278,2026-01-16,234.0,32,4
4279,2026-05-30,489.0,60,10
4280,2026-01-26,903.0,7,9
4281,2026-03-23,202.0,62,2
4282,2026-01-30,86.0,61,8
4283,2026-02-20,556.0,76,2
4284,2026-02-25,499.0,39,10
4285,2026-05-26,596.0,56,1
4286,2026-08-09,738.0,57,2
4287,2026-07-19,604.0,82,4
4288,2026-06-07,1.0,33,8
4289,2026-07-13,616.0,35,7
4290,2026-05-07,337.0,65,3
4291,2026-05-04,291.0,83,9
4292,2026-03-18,889.0,69,5
4293,2026-03-05,282.0,87,6
4294,2026-05-24,317.0,81,9
4295,2026-04-23,775.0,24,2
4296,2026-05-05,327.0,66,1
4297,2026-05-01,168.0,23,8
4298,2026-01-17,690.0,39,7
4299,2026-01-25,351.0,82,8
4300,2026-06-25,843.0,24,9
4301,2026-02-19,782.0,30,2
4302,2026-02-24,514.0,40,5
4303,2026-03-23,484.0,14,9
4304,2026-06-25,950.0,79,5
4305,2026-02-23,689.0,20,10
4306,2026-03-24,197.0,99,3
4307,2026-04-12,873.0,21,3
4308,2026-06-06,334.0,67,3
4309,2026-05-02,808.0,54,10
4310,2026-07-19,235.0,34,5
4311,2026-05-01,380.0,19,5
4312,2026-03-20,745.0,46,6
4313,2026-08-01,461.0,40,6
4314,2026-04-19,403.0,98,10
4315,2026-04-17,781.0,52,1
4316,2026-01-15,363.0,83,7
4317,2026-07-26,999.0,59,3
4318,2026-07-16,20.0,91,5
4319,2026-02-21,678.0,92,4
4320,2026-03-07,853.0,48,5
4321,2026-01-07,438.0,49,6
4322,2026-03-25,574.0,95,9
4323,2026-02-21,633.0,65,4
4324,2026-04-23,110.0,10,5
4325,2026-03-04,334.0,93,3
4326,2026-05-03,482.0,6,10
4327,2026-07-19,705.0,91,7
4328,2026-05-05,287.0,78,4
4329,2026-05-31,61.0,13,7
4330,2026-01-15,283.0,69,6
4331,2026-04-05,946.0,37,8
4332,2026-01-29,138.0,96,8
4333,2026-01-19,794.0,94,6
4334,2026-04-16,895.0,20,3
4335,2026-05-31,588.0,26,5
4336,2026-05-24,449.0,32,2
4337,2026-03-25,560.0,98,10
4338,2026-06-19,571.0,68,5
4339,2026-07-29,707.0,3,5
4340,2026-02-05,892.0,90,2
4341,2026-07-02,981.0,47,6
4342,2026-08-20,766.0,28,8
4343,2026-02-17,480.0,30,6
4344,2026-04-28,342.0,26,6
4345,2026-06-23,262.0,78,5
4346,2026-07-11,144.0,16,1
4347,2026-06-14,438.0,51,7
4348,2026-07-26,818.0,7,8
4349,2026-08-01,62.0,66,9
4350,2026-04-06,580.0,56,1
4351,2026-01-09,895.0,42,9
4352,2026-07-22,504.0,37,9
4353,2026-05-28,650.0,9,6
4354,2026-07-08,579.0,12,2
4355,2026-05-23,545.0,21,2
4356,2026-07-24,867.0,12,9
4357,2026-05-27,625.0,84,8
4358,2026-02-18,786.0,88,2
4359,2026-04-21,477.0,58,5
4360,2026-08-16,667.0,43,3
4361,2026-01-19,664.0,74,3
4362,2026-03-28,541.0,100,8
4363,2026-06-27,911.0,3,7
4364,2026-04-13,301.0,1,10
4365,2026-06-09,20.0,2,7
4366,2026-02-27,438.0,20,6
4367,2026-03-08,599.0,87,4
4368,2026-07-16,546.0,59,6
4369,2026-06-17,789.0,74,4
4370,2026-08-25,915.0,92,6
4371,2026-08-11,157.0,25,10
4372,2026-07-17,212.0,40,3
4373,2026-02-16,27.0,69,2
4374,2026-06-04,799.0,17,1
4375,2026-05-19,978.0,9,6
4376,2026-03-25,951.0,30,6
4377,2026-06-18,207.0,39,4
4378,2026-02-11,278.0,30,7
4379,2026-08-28,791.0,46,4
4380,2026-01-07,899.0,57,3
4381,2026-02-01,27.0,57,7
4382,2026-08-11,390.0,7,4
4383,2026-04-25,409.0,26,8
4384,2026-02-22,605.0,16,7
4385,2026-01-24,519.0,75,3
4386,2026-07-05,125.0,21,9
4387,2026-07-13,124.0,63,4
4388,2026-07-09,367.0,96,10
4389,2026-03-23,196.0,27,7
4390,2026-01-24,369.0,62,9
4391,2026-03-07,115.0,59,9
4392,2026-01-05,390.0,54,1
4393,2026-04-13,364.0,47,2
4394,2026-03-21,445.0,84,2
4395,2026-03-18,719.0,11,4
4396,2026-06-16,897.0,61,7
4397,2026-01-05,748.0,83,5
4398,2026-08-18,47.0,19,6
4399,2026-08-05,182.0,73,4
4400,2026-01-03,532.0,20,3
4401,2026-02-05,781.0,5,8
4402,2026-01-16,822.0,27,10
4403,2026-08-10,381.0,80,5
4404,2026-04-17,430.0,23,3
4405,2026-02-14,989.0,20,9
4406,2026-07-09,374.0,15,3
4407,2026-07-21,31.0,64,3
4408,2026-02-22,414.0,81,5
4409,2026-04-06,637.0,42,5
4410,2026-01-08,340.0,4,1
4411,2026-08-16,36.0,95,8
4412,2026-08-12,936.0,53,3
4413,2026-01-12,387.0,98,9
4414,2026-06-03,174.0,21,9
4415,2026-01-26,358.0,29,1
4416,2026-01-24,68.0,15,7
4417,2026-05-02,426.0,69,8
4418,2026-04-23,878.0,78,3
4419,2026-07-27,319.0,61,1
4420,2026-05-01,132.0,42,5
4421,2026-06-18,375.0,79,9
4422,2026-06-21,490.0,64,2
4423,2026-07-11,201.0,17,10
4424,2026-02-26,133.0,19,9
4425,2026-02-27,762.0,13,2
4426,2026-07-03,290.0,79,7
4427,2026-01-27,232.0,33,4
4428,2026-02-17,337.0,91,5
4429,2026-04-29,533.0,67,10
4430,2026-05-28,779.0,17,5
4431,2026-03-25,384.0,85,7
4432,2026-02-07,755.0,5,10
4433,2026-07-11,648.0,7,7
4434,2026-07-23,187.0,2,4
4435,2026-02-06,856.0,31,1
4436,2026-02-11,331.0,2,7
4437,2026-05-27,496.0,45,8
4438,2026-02-18,416.0,58,10
4439,2026-02-24,637.0,34,8
4440,2026-05-20,121.0,96,8
4441,2026-03-13,947.0,44,9
4442,2026-03-28,262.0,44,3
4443,2026-07-26,791.0,71,8
4444,2026-04-27,685.0,44,2
4445,2026-07-15,270.0,9,9
4446,2026-07-20,437.0,83,6
4447,2026-01-07,130.0,13,9
4448,2026-02-28,850.0,15,8
4449,2026-01-31,730.0,38,9
4450,2026-02-02,315.0,58,6
4451,2026-04-22,963.0,11,9
4452,2026-08-10,187.0,51,9
4453,2026-07-29,200.0,19,9
4454,2026-08-04,795.0,3,4
4455,2026-02-20,539.0,77,6
4456,2026-07-19,577.0,68,3
4457,2026-05-15,820.0,69,1
4458,2026-04-03,236.0,89,9
4459,2026-05-16,384.0,21,3
4460,2026-01-26,651.0,82,3
4461,2026-08-08,232.0,97,10
4462,2026-07-03,554.0,79,3
4463,2026-04-19,286.0,7,4
4464,2026-04-13,400.0,67,5
4465,2026-04-18,480.0,42,8
4466,2026-02-04,1.0,10,5
4467,2026-03-06,685.0,40,9
4468,2026-02-23,609.0,9,10
4469,2026-01-16,144.0,19,7
4470,2026-05-04,783.0,32,3
4471,2026-04-11,662.0,54,3
4472,2026-04-11,199.0,32,10
4473,2026-08-02,73.0,29,6
4474,2026-03-12,915.0,52,3
4475,2026-02-01,968.0,87,10
4476,2026-02-08,455.0,19,4
4477,2026-06-22,779.0,42,5
4478,2026-01-03,534.0,40,2
4479,2026-05-15,791.0,81,2
4480,2026-06-03,238.0,85,8
4481,2026-04-23,842.0,16,5
4482,2026-05-19,466.0,20,10
4483,2026-01-19,897.0,35,6
4484,2026-01-11,859.0,33,7
4485,2026-01-29,437.0,75,8
4486,2026-02-13,777.0,38,8
4487,2026-02-27,106.0,12,9
4488,2026-07-07,983.0,77,10
4489,2026-08-10,248.0,86,6
4490,2026-05-07,432.0,8,7
4491,2026-06-13,886.0,99,2
4492,2026-03-13,927.0,33,5
4493,2026-06-13,337.0,54,9
4494,2026-06-20,366.0,11,5
4495,2026-01-04,731.0,63,2
4496,2026-03-04,507.0,29,10
4497,2026-06-01,682.0,35,7
4498,2026-01-27,575.0,78,8
4499,2026-08-03,385.0,78,10
4500,2026-05-13,44.0,78,7
4501,2026-01-28,859.0,83,10
4502,2026-01-26,98.0,16,10
4503,2026-07-15,370.0,75,4
4504,2026-06-22,432.0,51,10
4505,2026-07-03,356.0,83,1
4506,2026-07-21,873.0,59,8
4507,2026-05-27,39.0,52,9
4508,2026-07-28,686.0,4,7
4509,2026-02-25,186.0,4,10
4510,2026-06-11,102.0,38,6
4511,2026-08-24,822.0,4,7
4512,2026-07-06,870.0,33,8
4513,2026-04-02,361.0,32,6
4514,2026-03-12,803.0,7,8
4515,2026-03-25,716.0,82,8
4516,2026-03-09,215.0,72,3
4517,2026-07-17,664.0,42,9
4518,2026-07-09,772.0,45,7
4519,2026-07-19,865.0,64,3
4520,2026-08-08,342.0,46,2
4521,2026-06-07,758.0,30,9
4522,2026-03-23,104.0,93,5
4523,2026-01-24,321.0,80,7
4524,2026-05-08,775.0,49,3
4525,2026-02-21,877.0,91,5
4526,2026-05-05,346.0,57,6
4527,2026-08-18,773.0,21,6
4528,2026-02-13,17.0,15,6
4529,2026-02-18,318.0,65,10
4530,2026-06-29,304.0,97,9
4531,2026-05-24,183.0,51,9
4532,2026-06-08,204.0,12,2
4533,2026-01-24,937.0,85,10
4534,2026-04-14,150.0,92,5
4535,2026-03-29,363.0,51,9
4536,2026-02-04,107.0,95,7
4537,2026-07-28,629.0,73,5
4538,2026-01-22,231.0,57,6
4539,2026-07-31,252.0,71,1
4540,2026-02-09,27.0,64,5
4541,2026-02-27,252.0,29,4
4542,2026-04-23,149.0,2,4
4543,2026-03-17,988.0,3,4
4544,2026-08-08,495.0,57,10
4545,2026-04-17,565.0,73,9
4546,2026-02-19,191.0,67,7
4547,2026-05-29,643.0,74,7
4548,2026-08-16,765.0,34,7
4549,2026-06-30,823.0,34,6
4550,2026-04-21,374.0,31,6
4551,2026-03-23,366.0,10,9
4552,2026-06-27,330.0,90,3
4553,2026-03-05,593.0,17,9
4554,2026-01-25,726.0,61,9
4555,2026-05-18,108.0,78,6
4556,2026-02-28,735.0,90,6
4557,2026-06-15,841.0,29,9
4558,2026-04-30,589.0,7,5
4559,2026-04-28,449.0,64,10
4560,2026-06-01,67.0,22,7
4561,2026-01-06,460.0,72,9
4562,2026-06-16,918.0,45,1
4563,2026-05-03,66.0,88,3
4564,2026-04-01,978.0,93,2
4565,2026-03-12,259.0,94,10
4566,2026-01-08,503.0,56,10
4567,2026-06-30,406.0,28,3
4568,2026-06-19,318.0,69,8
4569,2026-06-28,339.0,30,5
4570,2026-05-26,969.0,53,9
4571,2026-02-06,698.0,76,9
4572,2026-03-22,995.0,79,1
4573,2026-01-14,602.0,16,6
4574,2026-07-18,629.0,9,2
4575,2026-05-16,748.0,21,7
4576,2026-07-07,255.0,77,4
4577,2026-07-18,856.0,24,3
4578,2026-01-08,747.0,16,8
4579,2026-03-26,97.0,52,2
4580,2026-05-27,825.0,53,7
4581,2026-04-08,142.0,44,8
4582,2026-02-16,319.0,46,2
4583,2026-02-15,901.0,33,7
4584,2026-05-08,189.0,34,2
4585,2026-04-13,233.0,45,4
4586,2026-06-15,348.0,58,2
4587,2026-07-12,537.0,33,2
4588,2026-01-06,63.0,72,10
4589,2026-01-16,98.0,22,6
4590,2026-01-01,13.0,1,9
4591,2026-03-25,314.0,4,7
4592,2026-07-24,577.0,48,10
4593,2026-08-08,979.0,23,2
4594,2026-02-18,511.0,24,10
4595,2026-05-18,1000.0,45,4
4596,2026-01-25,615.0,48,3
4597,2026-05-27,913.0,57,3
4598,2026-06-30,520.0,20,3
4599,2026-07-28,32.0,80,8
4600,2026-01-10,910.0,16,9
4601,2026-07-26,958.0,38,5
4602,2026-01-28,700.0,24,6
4603,2026-06-01,172.0,13,9
4604,2026-05-08,618.0,20,4
4605,2026-06-06,961.0,59,6
4606,2026-08-26,852.0,50,9
4607,2026-07-20,967.0,15,8
4608,2026-06-21,68.0,44,9
4609,2026-03-05,145.0,31,6
4610,2026-07-29,193.0,52,8
4611,2026-01-11,61.0,62,6
4612,2026-07-27,102.0,67,10
4613,2026-01-24,934.0,68,6
4614,2026-05-25,720.0,69,10
4615,2026-05-14,776.0,70,7
4616,2026-06-14,290.0,42,4
4617,2026-02-04,782.0,26,8
4618,2026-03-16,414.0,56,7
4619,2026-04-07,503.0,4,2
4620,2026-05-06,330.0,72,2
4621,2026-05-04,399.0,40,10
4622,2026-05-08,790.0,88,5
4623,2026-06-28,541.0,6,1
4624,2026-02-18,315.0,76,2
4625,2026-07-11,556.0,23,10
4626,2026-06-14,757.0,7,6
4627,2026-05-17,49.0,39,1
4628,2026-04-09,361.0,69,4
4629,2026-01-14,757.0,66,7
4630,2026-05-15,521.0,48,3
4631,2026-06-24,933.0,28,1
4632,2026-01-26,973.0,24,8
4633,2026-08-17,730.0,41,4
4634,2026-01-19,508.0,27,4
4635,2026-05-27,16.0,6,10
4636,2026-08-25,211.0,89,7
4637,2026-01-30,5.0,31,5
4638,2026-06-18,182.0,50,6
4639,2026-07-31,381.0,52,4
4640,2026-01-12,146.0,77,3
4641,2026-03-05,685.0,34,10
4642,2026-08-14,697.0,74,7
4643,2026-07-01,210.0,84,5
4644,2026-07-08,420.0,89,5
4645,2026-01-03,844.0,53,7
4646,2026-04-07,863.0,25,5
4647,2026-07-29,260.0,77,8
4648,2026-01-03,43.0,90,7
4649,2026-07-16,132.0,85,8
4650,2026-06-26,73.0,82,4
4651,2026-01-30,163.0,63,2
4652,2026-01-18,550.0,42,3
4653,2026-02-12,979.0,88,5
4654,2026-07-03,292.0,69,7
4655,2026-03-15,877.0,73,5
4656,2026-03-08,780.0,16,2
4657,2026-04-12,974.0,12,4
4658,2026-05-23,206.0,17,8
4659,2026-05-13,481.0,62,1
4660,2026-01-28,235.0,5,2
4661,2026-08-02,189.0,11,7
4662,2026-07-15,248.0,56,2
4663,2026-06-07,449.0,95,6
4664,2026-02-06,612.0,99,8
4665,2026-01-11,786.0,25,9
4666,2026-07-16,743.0,41,4
4667,2026-01-12,15.0,20,10
4668,2026-03-29,944.0,23,5
4669,2026-03-31,206.0,83,8
4670,2026-01-15,390.0,20,7
4671,2026-03-16,66.0,29,9
4672,2026-02-17,344.0,85,4
4673,2026-07-04,26.0,57,8
4674,2026-01-18,617.0,68,4
4675,2026-03-15,165.0,19,9
4676,2026-05-21,59.0,15,6
4677,2026-06-25,420.0,67,2
4678,2026-05-17,634.0,93,1
4679,2026-02-13,380.0,5,6
4680,2026-02-06,701.0,30,2
4681,2026-01-02,4.0,73,7
4682,2026-01-15,788.0,73,7
4683,2026-01-31,781.0,81,4
4684,2026-01-10,559.0,10,10
4685,2026-01-06,960.0,74,8
4686,2026-06-15,290.0,88,7
4687,2026-06-07,461.0,96,7
4688,2026-03-02,628.0,33,8
4689,2026-03-30,491.0,20,8
4690,2026-04-27,901.0,47,9
4691,2026-02-27,294.0,82,3
4692,2026-07-07,987.0,50,3
4693,2026-03-07,377.0,95,3
4694,2026-01-06,825.0,39,7
4695,2026-02-06,471.0,53,1
4696,2026-07-01,873.0,30,9
4697,2026-04-13,861.0,81,3
4698,2026-04-01,965.0,52,4
4699,2026-04-18,472.0,94,7
4700,2026-04-26,976.0,50,8
4701,2026-04-29,346.0,42,6
4702,2026-06-20,137.0,93,7
4703,2026-05-16,252.0,28,4
4704,2026-07-02,583.0,25,4
4705,2026-08-12,373.0,60,10
4706,2026-05-21,384.0,83,7
4707,2026-03-20,403.0,19,4
4708,2026-05-01,556.0,84,2
4709,2026-04-26,927.0,100,5
4710,2026-08-11,423.0,7,10
4711,2026-02-21,346.0,71,4
4712,2026-08-16,676.0,50,3
4713,2026-08-28,443.0,24,9
4714,2026-04-24,711.0,27,1
4715,2026-04-09,684.0,23,10
4716,2026-03-11,788.0,20,10
4717,2026-06-14,589.0,26,7
4718,2026-02-08,325.0,60,7
4719,2026-03-04,781.0,63,3
4720,2026-03-22,956.0,98,10
4721,2026-06-06,753.0,81,9
4722,2026-08-13,693.0,13,1
4723,2026-07-21,88.0,3,2
4724,2026-01-03,340.0,12,1
4725,2026-03-22,208.0,96,6
4726,2026-02-08,315.0,9,4
4727,2026-04-03,932.0,41,10
4728,2026-05-30,487.0,44,8
4729,2026-06-30,297.0,39,3
4730,2026-01-26,164.0,20,9
4731,2026-02-11,122.0,69,7
4732,2026-08-22,420.0,21,10
4733,2026-05-24,644.0,61,9
4734,2026-06-29,707.0,32,5
4735,2026-01-30,932.0,57,3
4736,2026-01-25,139.0,49,1
4737,2026-05-02,489.0,22,7
4738,2026-07-16,601.0,89,1
4739,2026-07-29,954.0,57,6
4740,2026-05-30,187.0,58,10
4741,2026-08-17,994.0,63,1
4742,2026-06-21,353.0,44,10
4743,2026-01-22,71.0,23,6
4744,2026-02-04,308.0,87,10
4745,2026-04-11,114.0,86,3
4746,2026-02-20,300.0,92,6
4747,2026-07-22,364.0,78,2
4748,2026-07-24,17.0,80,8
4749,2026-08-17,428.0,22,10
4750,2026-04-04,197.0,66,5
4751,2026-03-13,926.0,4,9
4752,2026-05-06,928.0,22,6
4753,2026-01-14,718.0,40,4
4754,2026-03-09,444.0,44,8
4755,2026-01-11,768.0,98,5
4756,2026-06-18,676.0,11,8
4757,2026-03-27,33.0,17,9
4758,2026-08-12,11.0,95,10
4759,2026-05-27,310.0,49,1
4760,2026-02-21,390.0,50,8
4761,2026-01-10,714.0,49,5
4762,2026-03-27,823.0,66,6
4763,2026-08-07,417.0,91,7
4764,2026-03-29,966.0,45,3
4765,2026-07-04,566.0,25,5
4766,2026-05-06,274.0,11,5
4767,2026-08-22,941.0,86,8
4768,2026-01-22,883.0,66,6
4769,2026-08-18,24.0,17,2
4770,2026-07-26,249.0,10,2
4771,2026-02-15,67.0,20,6
4772,2026-05-27,798.0,12,4
4773,2026-08-10,10.0,93,2
4774,2026-01-04,892.0,80,6
4775,2026-01-19,597.0,81,3
4776,2026-08-12,647.0,43,8
4777,2026-07-21,628.0,16,2
4778,2026-01-15,205.0,96,3
4779,2026-08-26,191.0,12,2
4780,2026-07-03,4.0,56,2
4781,2026-07-22,216.0,7,4
4782,2026-07-03,397.0,42,2
4783,2026-06-10,198.0,61,9
4784,2026-07-29,726.0,64,4
4785,2026-06-04,481.0,37,3
4786,2026-07-07,886.0,8,10
4787,2026-04-24,520.0,1,3
4788,2026-01-21,998.0,26,3
4789,2026-03-09,900.0,70,3
4790,2026-05-28,717.0,16,4
4791,2026-06-29,193.0,24,2
4792,2026-08-06,775.0,30,6
4793,2026-02-11,651.0,76,7
4794,2026-03-17,423.0,65,10
4795,2026-06-13,224.0,55,5
4796,2026-03-06,754.0,31,6
4797,2026-05-16,671.0,88,1
4798,2026-03-06,773.0,21,5
4799,2026-01-17,65.0,64,1
4800,2026-03-30,635.0,97,1
4801,2026-07-29,82.0,87,7
4802,2026-07-15,13.0,96,8
4803,2026-06-22,327.0,76,2
4804,2026-07-17,715.0,88,6
4805,2026-06-05,583.0,34,2
4806,2026-07-06,462.0,46,6
4807,2026-07-10,380.0,64,8
4808,2026-03-18,321.0,70,8
4809,2026-07-10,234.0,76,4
4810,2026-02-13,708.0,46,1
4811,2026-04-15,902.0,60,8
4812,2026-03-25,475.0,60,7
4813,2026-04-26,146.0,95,3
4814,2026-07-12,430.0,4,7
4815,2026-08-12,808.0,41,3
4816,2026-04-08,410.0,47,3
4817,2026-01-04,811.0,85,7
4818,2026-08-20,155.0,76,3
4819,2026-02-17,98.0,3,4
4820,2026-04-11,154.0,35,8
4821,2026-03-28,23.0,64,4
4822,2026-04-11,311.0,71,3
4823,2026-03-13,195.0,63,4
4824,2026-06-05,444.0,56,8
4825,2026-08-07,500.0,86,3
4826,2026-01-16,985.0,14,6
4827,2026-01-18,723.0,62,6
4828,2026-06-05,145.0,31,5
4829,2026-05-13,823.0,28,8
4830,2026-04-17,14.0,40,8
4831,2026-06-11,347.0,81,3
4832,2026-03-21,440.0,79,10
4833,2026-02-01,133.0,68,10
4834,2026-03-14,743.0,48,6
4835,2026-07-26,379.0,73,3
4836,2026-05-02,19.0,58,2
4837,2026-04-05,253.0,27,7
4838,2026-03-25,932.0,41,4
4839,2026-06-12,806.0,36,8
4840,2026-05-23,592.0,43,6
4841,2026-06-28,924.0,17,4
4842,2026-03-24,995.0,30,10
4843,2026-07-01,625.0,31,10
4844,2026-07-28,501.0,73,4
4845,2026-05-01,321.0,66,1
4846,2026-08-14,394.0,97,2
4847,2026-02-07,330.0,11,10
4848,2026-05-16,474.0,78,8
4849,2026-08-19,69.0,58,5
4850,2026-04-10,811.0,99,4
4851,2026-03-12,373.0,100,3
4852,2026-01-16,253.0,29,8
4853,2026-06-12,336.0,46,1
4854,2026-07-31,495.0,72,10
4855,2026-02-07,980.0,41,5
4856,2026-05-05,620.0,69,6
4857,2026-02-21,981.0,77,4
4858,2026-06-04,303.0,94,2
4859,2026-01-16,537.0,65,4
4860,2026-03-14,810.0,49,4
4861,2026-04-19,306.0,34,1
4862,2026-02-22,304.0,4,3
4863,2026-01-08,81.0,48,7
4864,2026-04-30,458.0,81,3
4865,2026-04-08,161.0,77,9
4866,2026-04-24,111.0,36,6
4867,2026-04-27,203.0,91,5
4868,2026-06-05,292.0,21,8
4869,2026-05-31,331.0,3,3
4870,2026-02-01,889.0,42,1
4871,2026-05-22,378.0,19,8
4872,2026-03-22,564.0,4,7
4873,2026-06-10,662.0,42,7
4874,2026-04-12,335.0,79,3
4875,2026-08-03,660.0,37,1
4876,2026-03-24,775.0,73,10
4877,2026-01-11,58.0,93,9
4878,2026-07-03,509.0,9,3
4879,2026-08-26,144.0,20,2
4880,2026-01-27,168.0,92,9
4881,2026-03-02,773.0,47,2
4882,2026-04-02,84.0,53,6
4883,2026-03-29,505.0,52,2
4884,2026-05-20,538.0,54,1
4885,2026-06-14,712.0,20,7
4886,2026-05-21,834.0,27,2
4887,2026-04-25,119.0,98,3
4888,2026-08-22,233.0,31,5
4889,2026-01-15,25.0,7,9
4890,2026-06-14,491.0,6,4
4891,2026-01-11,777.0,30,4
4892,2026-02-09,513.0,41,3
4893,2026-03-24,775.0,82,7
4894,2026-06-21,20.0,66,7
4895,2026-07-15,505.0,4,5
4896,2026-06-21,564.0,9,7
4897,2026-01-11,604.0,5,4
4898,2026-02-23,597.0,63,4
4899,2026-01-02,719.0,11,6
4900,2026-05-29,522.0,22,6
4901,2026-04-12,156.0,69,4
4902,2026-01-02,289.0,35,10
4903,2026-05-23,524.0,50,6
4904,2026-02-10,773.0,78,4
4905,2026-03-07,201.0,42,6
4906,2026-08-18,403.0,16,5
4907,2026-06-16,463.0,4,5
4908,2026-04-25,991.0,84,10
4909,2026-06-21,789.0,52,9
4910,2026-02-22,116.0,6,3
4911,2026-04-10,761.0,27,2
4912,2026-02-21,754.0,96,10
4913,2026-03-18,908.0,76,4
4914,2026-07-29,370.0,60,5
4915,2026-01-14,581.0,33,4
4916,2026-02-25,25.0,40,9
4917,2026-01-04,850.0,24,4
4918,2026-08-09,212.0,64,6
4919,2026-07-04,738.0,42,7
4920,2026-04-28,617.0,97,7
4921,2026-02-12,492.0,72,8
4922,2026-06-02,815.0,86,5
4923,2026-08-08,80.0,79,4
4924,2026-01-28,874.0,4,1
4925,2026-06-08,878.0,2,1
4926,2026-03-12,311.0,57,1
4927,2026-04-08,985.0,21,10
4928,2026-01-25,377.0,28,1
4929,2026-06-15,995.0,55,4
4930,2026-07-09,78.0,36,6
4931,2026-04-17,305.0,99,1
4932,2026-01-09,310.0,19,2
4933,2026-03-09,953.0,27,8
4934,2026-01-31,902.0,61,1
4935,2026-02-14,116.0,12,1
4936,2026-07-05,467.0,75,4
4937,2026-06-27,280.0,35,9
4938,2026-01-06,492.0,9,10
4939,2026-07-07,221.0,9,3
4940,2026-04-12,31.0,5,7
4941,2026-05-08,851.0,60,7
4942,2026-04-16,997.0,2,3
4943,2026-05-28,673.0,9,1
4944,2026-07-17,727.0,37,5
4945,2026-07-04,208.0,35,8
4946,2026-01-07,987.0,25,5
4947,2026-03-02,830.0,1,8
4948,2026-06-16,895.0,73,1
4949,2026-08-02,573.0,90,7
4950,2026-05-06,733.0,96,4
4951,2026-01-13,373.0,12,5
4952,2026-06-03,468.0,61,6
4953,2026-05-20,383.0,85,3
4954,2026-08-19,744.0,71,6
4955,2026-05-19,329.0,95,3
4956,2026-06-13,417.0,23,6
4957,2026-05-29,382.0,60,7
4958,2026-03-30,152.0,87,5
4959,2026-07-12,692.0,70,8
4960,2026-04-15,985.0,56,6
4961,2026-01-23,260.0,18,10
4962,2026-03-27,661.0,60,6
4963,2026-04-26,883.0,88,9
4964,2026-02-12,352.0,65,1
4965,2026-08-24,614.0,44,3
4966,2026-05-19,872.0,74,3
4967,2026-02-05,845.0,89,4
4968,2026-04-12,844.0,54,2
4969,2026-08-14,514.0,70,2
4970,2026-01-11,107.0,74,9
4971,2026-01-02,957.0,71,5
4972,2026-06-20,758.0,30,3
4973,2026-06-25,501.0,15,6
4974,2026-03-25,562.0,51,6
4975,2026-05-14,225.0,74,7
4976,2026-03-31,705.0,97,7
4977,2026-01-28,656.0,83,4
4978,2026-04-27,855.0,89,3
4979,2026-08-18,734.0,1,4
4980,2026-08-17,820.0,14,9
4981,2026-05-07,938.0,10,3
4982,2026-06-27,248.0,97,5
4983,2026-04-14,846.0,27,5
4984,2026-05-19,975.0,25,2
4985,2026-01-07,32.0,38,1
4986,2026-01-31,191.0,100,4
4987,2026-06-24,69.0,33,2
4988,2026-04-26,433.0,46,2
4989,2026-06-19,11.0,90,7
4990,2026-06-02,352.0,50,5
4991,2026-04-06,312.0,55,4
4992,2026-06-08,942.0,62,10
4993,2026-06-12,608.0,6,10
4994,2026-06-23,33.0,64,8
4995,2026-03-23,32.0,33,6
4996,2026-06-29,882.0,50,8
4997,2026-07-12,789.0,13,9
4998,2026-04-19,636.0,45,10
4999,2026-06-25,28.0,49,8
5000,2026-01-10,778.0,12,8
5001,2026-05-02,557.0,12,5
5002,2026-01-22,742.0,92,4
5003,2026-06-11,466.0,49,2
5004,2026-07-11,248.0,78,6
5005,2026-05-01,331.0,40,1
5006,2026-05-22,222.0,79,8
5007,2026-04-16,11.0,88,2
5008,2026-02-02,884.0,87,10
5009,2026-07-19,958.0,65,1
5010,2026-04-24,515.0,24,2
5011,2026-04-29,714.0,73,5
5012,2026-04-10,670.0,93,9
5013,2026-01-13,600.0,16,5
5014,2026-06-28,503.0,23,9
5015,2026-08-19,301.0,21,8
5016,2026-01-11,616.0,43,5
5017,2026-04-20,704.0,20,2
5018,2026-08-03,204.0,62,2
5019,2026-05-05,6.0,50,4
5020,2026-07-18,792.0,49,3
5021,2026-01-12,188.0,29,5
5022,2026-03-29,866.0,64,10
5023,2026-02-28,828.0,90,8
5024,2026-08-22,104.0,22,2
5025,2026-02-05,759.0,78,3
5026,2026-05-25,449.0,64,1
5027,2026-04-04,22.0,91,7
5028,2026-05-15,651.0,70,6
5029,2026-01-28,486.0,5,7
5030,2026-03-13,571.0,90,7
5031,2026-04-19,67.0,12,2
5032,2026-03-09,487.0,52,6
5033,2026-05-10,929.0,18,4
5034,2026-01-31,166.0,12,1
5035,2026-05-27,681.0,26,3
5036,2026-04-25,383.0,72,9
5037,2026-03-09,69.0,85,8
5038,2026-02-17,424.0,15,10
5039,2026-05-24,238.0,26,1
5040,2026-02-07,137.0,96,5
5041,2026-06-29,12.0,48,7
5042,2026-01-16,808.0,2,9
5043,2026-01-29,682.0,35,9
5044,2026-05-30,10.0,39,9
5045,2026-08-14,328.0,32,3
5046,2026-08-09,821.0,28,8
5047,2026-02-18,490.0,62,8
5048,2026-02-24,177.0,50,2
5049,2026-05-22,880.0,10,9
5050,2026-02-07,879.0,66,3
5051,2026-02-07,490.0,66,2
5052,2026-01-19,169.0,32,10
5053,2026-06-10,860.0,81,7
5054,2026-04-03,848.0,34,4
5055,2026-04-15,771.0,56,1
5056,2026-01-11,800.0,51,6
5057,2026-01-08,688.0,93,4
5058,2026-08-27,401.0,58,6
5059,2026-06-05,767.0,17,4
5060,2026-05-03,973.0,66,10
5061,2026-08-16,662.0,97,7
5062,2026-06-12,248.0,77,3
5063,2026-05-14,510.0,99,5
5064,2026-01-20,615.0,4,7
5065,2026-04-17,576.0,11,2
5066,2026-06-30,792.0,83,3
5067,2026-01-11,285.0,51,6
5068,2026-03-13,666.0,44,8
5069,2026-03-19,620.0,42,9
5070,2026-08-24,876.0,61,5
5071,2026-05-11,396.0,97,8
5072,2026-08-12,712.0,72,10
5073,2026-08-25,614.0,85,10
5074,2026-07-21,141.0,61,10
5075,2026-03-28,709.0,63,2
5076,2026-03-29,530.0,79,9
5077,2026-06-11,258.0,81,2
5078,2026-03-10,896.0,37,5
5079,2026-06-02,234.0,41,9
5080,2026-08-26,929.0,31,6
5081,2026-05-25,357.0,40,4
5082,2026-02-19,531.0,87,6
5083,2026-04-16,271.0,77,5
5084,2026-04-19,787.0,79,4
5085,2026-08-16,822.0,99,3
5086,2026-06-26,195.0,88,5
5087,2026-06-25,730.0,70,6
5088,2026-05-22,210.0,60,6
5089,2026-05-29,178.0,16,9
5090,2026-07-05,654.0,32,5
5091,2026-02-22,809.0,82,10
5092,2026-08-01,188.0,83,6
5093,2026-07-27,384.0,32,8
5094,2026-04-11,735.0,35,8
5095,2026-08-27,471.0,69,10
5096,2026-03-29,261.0,78,3
5097,2026-01-19,128.0,49,5
5098,2026-07-28,403.0,1,9
5099,2026-01-18,832.0,33,4
5100,2026-08-26,466.0,71,8
5101,2026-05-30,524.0,73,5
5102,2026-04-18,273.0,7,4
5103,2026-04-20,610.0,14,8
5104,2026-05-02,397.0,41,7
5105,2026-01-31,186.0,16,3
5106,2026-04-03,43.0,9,1
5107,2026-03-13,562.0,69,2
5108,2026-03-10,803.0,13,3
5109,2026-08-25,210.0,6,7
5110,2026-08-17,62.0,2,10
5111,2026-01-29,640.0,93,6
5112,2026-03-12,441.0,31,5
5113,2026-03-01,634.0,78,4
5114,2026-05-27,951.0,71,5
5115,2026-04-01,156.0,3,4
5116,2026-05-22,325.0,98,10
5117,2026-02-26,826.0,50,3
5118,2026-02-22,632.0,3,9
5119,2026-02-11,585.0,95,2
5120,2026-06-07,829.0,63,5
5121,2026-02-01,253.0,53,2
5122,2026-02-26,471.0,79,4
5123,2026-02-12,940.0,29,3
5124,2026-03-13,4.0,31,2
5125,2026-06-21,446.0,75,5
5126,2026-08-09,870.0,50,10
5127,2026-04-25,238.0,13,4
5128,2026-08-05,419.0,92,2
5129,2026-04-24,154.0,95,8
5130,2026-08-16,872.0,79,7
5131,2026-07-12,24.0,70,7
5132,2026-07-15,211.0,87,5
5133,2026-05-06,809.0,68,7
5134,2026-03-29,22.0,64,6
5135,2026-05-10,398.0,57,10
5136,2026-06-05,382.0,19,4
5137,2026-06-30,616.0,90,2
5138,2026-06-24,173.0,52,7
5139,2026-02-23,322.0,46,4
5140,2026-04-14,255.0,92,5
5141,2026-03-16,389.0,77,4
5142,2026-08-13,984.0,4,8
5143,2026-06-25,250.0,83,10
5144,2026-06-28,464.0,92,2
5145,2026-07-24,399.0,74,1
5146,2026-03-30,391.0,3,6
5147,2026-05-06,742.0,58,7
5148,2026-08-21,92.0,56,7
5149,2026-03-07,235.0,35,6
5150,2026-04-04,491.0,21,5
5151,2026-02-13,875.0,75,4
5152,2026-06-15,614.0,68,9
5153,2026-07-27,867.0,5,4
5154,2026-04-08,50.0,98,6
5155,2026-02-28,725.0,21,2
5156,2026-01-24,713.0,71,10
5157,2026-01-13,82.0,68,5
5158,2026-08-27,464.0,20,5
5159,2026-03-17,880.0,56,3
5160,2026-03-13,235.0,53,3
5161,2026-03-21,534.0,9,3
5162,2026-03-01,636.0,7,2
5163,2026-05-27,296.0,71,3
5164,2026-05-01,917.0,22,7
5165,2026-03-02,828.0,26,1
5166,2026-06-04,69.0,99,2
5167,2026-01-26,837.0,23,5
5168,2026-05-17,798.0,60,2
5169,2026-05-22,741.0,23,6
5170,2026-02-09,955.0,24,9
5171,2026-03-04,334.0,22,1
5172,2026-07-16,526.0,3,5
5173,2026-05-09,917.0,8,9
5174,2026-04-11,172.0,7,3
5175,2026-05-01,867.0,17,3
5176,2026-03-03,855.0,48,10
5177,2026-05-27,474.0,32,5
5178,2026-04-27,728.0,15,3
5179,2026-07-02,166.0,82,4
5180,2026-06-05,69.0,49,1
5181,2026-02-04,295.0,59,1
5182,2026-05-16,694.0,97,8
5183,2026-04-12,555.0,93,9
5184,2026-04-14,478.0,83,9
5185,2026-05-14,806.0,78,6
5186,2026-05-28,770.0,33,7
5187,2026-05-15,171.0,65,7
5188,2026-08-08,130.0,5,8
5189,2026-02-22,615.0,48,2
5190,2026-08-04,119.0,78,5
5191,2026-08-20,392.0,49,7
5192,2026-03-18,25.0,41,6
5193,2026-05-05,769.0,3,4
5194,2026-02-25,794.0,82,7
5195,2026-07-12,461.0,76,3
5196,2026-07-22,665.0,39,3
5197,2026-04-12,146.0,3,4
5198,2026-08-19,926.0,57,4
5199,2026-03-06,409.0,60,8
5200,2026-07-02,381.0,27,8
5201,2026-04-29,426.0,7,3
5202,2026-03-04,919.0,82,3
5203,2026-08-25,303.0,48,2
5204,2026-01-14,477.0,50,6
5205,2026-08-16,80.0,77,7
5206,2026-03-17,841.0,66,6
5207,2026-05-22,42.0,62,8
5208,2026-01-18,340.0,25,6
5209,2026-03-21,170.0,2,9
5210,2026-01-26,763.0,92,3
5211,2026-05-24,62.0,4,5
5212,2026-05-11,646.0,67,4
5213,2026-04-06,460.0,52,1
5214,2026-03-27,472.0,45,10
5215,2026-06-09,292.0,48,6
5216,2026-01-14,600.0,16,9
5217,2026-08-15,777.0,63,8
5218,2026-04-21,38.0,86,9
5219,2026-07-19,747.0,96,9
5220,2026-05-25,69.0,20,9
5221,2026-08-27,339.0,85,7
5222,2026-07-02,750.0,93,8
5223,2026-06-12,148.0,19,5
5224,2026-07-15,96.0,79,4
5225,2026-04-09,404.0,29,5
5226,2026-01-11,311.0,2,1
5227,2026-02-04,429.0,73,4
5228,2026-02-19,819.0,20,7
5229,2026-04-20,582.0,33,9
5230,2026-08-23,1.0,9,4
5231,2026-02-11,272.0,94,1
5232,2026-05-04,225.0,60,2
5233,2026-08-23,948.0,87,3
5234,2026-05-07,82.0,86,2
5235,2026-04-28,632.0,94,6
5236,2026-04-06,979.0,34,8
5237,2026-05-28,562.0,95,9
5238,2026-03-26,540.0,20,6
5239,2026-06-20,533.0,88,10
5240,2026-03-13,797.0,32,10
5241,2026-02-27,445.0,62,1
5242,2026-03-11,963.0,66,6
5243,2026-03-18,997.0,93,8
5244,2026-04-14,975.0,76,1
5245,2026-03-18,110.0,19,5
5246,2026-05-23,865.0,29,4
5247,2026-08-14,476.0,20,4
5248,2026-08-26,715.0,70,2
5249,2026-05-10,423.0,96,6
5250,2026-04-13,581.0,43,7
5251,2026-03-18,249.0,21,2
5252,2026-06-09,972.0,85,8
5253,2026-01-17,949.0,8,6
5254,2026-04-22,835.0,56,7
5255,2026-02-09,485.0,4,7
5256,2026-03-27,122.0,40,6
5257,2026-03-02,901.0,63,8
5258,2026-08-26,603.0,28,7
5259,2026-04-14,870.0,31,7
5260,2026-03-15,626.0,22,4
5261,2026-03-28,613.0,42,3
5262,2026-06-01,874.0,11,7
5263,2026-01-26,85.0,95,2
5264,2026-01-03,554.0,55,3
5265,2026-05-07,957.0,90,2
5266,2026-06-15,53.0,1,3
5267,2026-05-01,34.0,18,3
5268,2026-03-16,696.0,88,6
5269,2026-08-24,683.0,74,6
5270,2026-01-23,170.0,40,1
5271,2026-03-26,40.0,75,2
5272,2026-01-22,630.0,1,1
5273,2026-07-30,809.0,22,4
5274,2026-08-18,844.0,63,7
5275,2026-01-28,608.0,38,5
5276,2026-06-07,74.0,79,9
5277,2026-03-14,67.0,60,3
5278,2026-06-05,162.0,83,5
5279,2026-07-18,99.0,64,9
5280,2026-06-05,706.0,37,4
5281,2026-01-09,873.0,44,7
5282,2026-06-20,712.0,61,3
5283,2026-07-27,368.0,66,8
5284,2026-03-20,670.0,91,5
5285,2026-07-28,429.0,31,7
5286,2026-07-23,683.0,42,5
5287,2026-02-23,473.0,20,4
5288,2026-06-30,38.0,11,3
5289,2026-01-16,897.0,16,10
5290,2026-02-07,460.0,17,2
5291,2026-02-08,290.0,99,2
5292,2026-03-27,594.0,31,6
5293,2026-07-03,446.0,53,8
5294,2026-02-01,747.0,76,9
5295,2026-03-19,918.0,61,4
5296,2026-06-17,373.0,21,1
5297,2026-04-11,354.0,9,4
5298,2026-01-13,862.0,33,1
5299,2026-04-10,833.0,64,3
5300,2026-04-29,803.0,91,7
5301,2026-08-09,461.0,18,6
5302,2026-07-28,764.0,91,6
5303,2026-04-19,982.0,97,6
5304,2026-05-26,8.0,22,3
5305,2026-03-06,96.0,63,7
5306,2026-08-13,152.0,6,6
5307,2026-08-15,246.0,66,3
5308,2026-06-04,981.0,36,8
5309,2026-08-21,739.0,24,4
5310,2026-04-17,790.0,2,1
5311,2026-06-11,729.0,44,6
5312,2026-07-24,382.0,44,10
5313,2026-01-01,495.0,99,2
5314,2026-07-31,207.0,28,9
5315,2026-02-07,697.0,85,6
5316,2026-08-08,281.0,68,9
5317,2026-04-11,605.0,79,9
5318,2026-08-26,202.0,56,10
5319,2026-07-17,466.0,93,1
5320,2026-06-01,298.0,69,9
5321,2026-07-13,46.0,37,8
5322,2026-03-27,418.0,76,1
5323,2026-06-10,486.0,54,2
5324,2026-08-26,937.0,78,8
5325,2026-05-27,946.0,41,4
5326,2026-08-02,229.0,58,10
5327,2026-03-09,913.0,84,5
5328,2026-08-07,837.0,30,1
5329,2026-06-21,261.0,51,10
5330,2026-03-09,544.0,30,1
5331,2026-01-11,975.0,58,4
5332,2026-03-03,3.0,56,7
5333,2026-01-13,822.0,36,2
5334,2026-05-18,963.0,54,9
5335,2026-01-05,890.0,94,9
5336,2026-07-23,788.0,77,5
5337,2026-06-19,509.0,75,1
5338,2026-02-24,678.0,71,9
5339,2026-03-15,876.0,31,2
5340,2026-08-25,575.0,93,7
5341,2026-03-26,559.0,84,3
5342,2026-02-21,702.0,55,1
5343,2026-01-21,663.0,32,6
5344,2026-05-03,102.0,17,1
5345,2026-08-27,174.0,85,5
5346,2026-03-16,426.0,21,5
5347,2026-08-20,209.0,94,7
5348,2026-02-11,100.0,98,6
5349,2026-08-27,317.0,70,5
5350,2026-06-27,655.0,9,9
5351,2026-01-20,895.0,16,3
5352,2026-08-07,977.0,31,1
5353,2026-01-17,989.0,23,5
5354,2026-01-30,346.0,16,8
5355,2026-05-09,477.0,66,9
5356,2026-02-01,685.0,79,8
5357,2026-03-13,365.0,12,2
5358,2026-04-01,398.0,25,3
5359,2026-05-20,743.0,3,5
5360,2026-08-22,824.0,99,10
5361,2026-01-23,167.0,19,2
5362,2026-03-29,535.0,89,3
5363,2026-05-17,491.0,97,4
5364,2026-06-11,31.0,44,6
5365,2026-08-07,812.0,97,7
5366,2026-04-21,827.0,66,2
5367,2026-07-18,218.0,22,7
5368,2026-02-18,653.0,62,10
5369,2026-07-18,766.0,90,10
5370,2026-01-18,855.0,85,4
5371,2026-08-28,571.0,99,8
5372,2026-04-28,330.0,83,7
5373,2026-04-05,922.0,6,4
5374,2026-01-10,193.0,1,8
5375,2026-05-27,18.0,86,6
5376,2026-08-28,665.0,44,6
5377,2026-04-17,993.0,41,1
5378,2026-08-09,88.0,18,8
5379,2026-08-04,609.0,67,2
5380,2026-05-24,608.0,18,2
5381,2026-05-02,567.0,71,8
5382,2026-07-05,123.0,80,6
5383,2026-07-27,806.0,82,1
5384,2026-03-23,320.0,69,4
5385,2026-07-30,301.0,5,7
5386,2026-08-08,57.0,39,2
5387,2026-06-20,713.0,34,3
5388,2026-07-28,157.0,36,7
5389,2026-03-29,77.0,68,7
5390,2026-04-04,511.0,40,2
5391,2026-07-09,417.0,3,5
5392,2026-01-07,336.0,24,5
5393,2026-07-02,891.0,18,2
5394,2026-08-27,618.0,77,9
5395,2026-08-07,372.0,15,2
5396,2026-01-25,787.0,43,5
5397,2026-03-23,188.0,74,2
5398,2026-02-24,820.0,11,10
5399,2026-03-01,284.0,40,1
5400,2026-08-04,773.0,70,9
5401,2026-08-22,832.0,92,2
5402,2026-05-21,892.0,89,10
5403,2026-05-20,929.0,71,5
5404,2026-06-18,103.0,52,5
5405,2026-07-12,320.0,54,1
5406,2026-01-24,276.0,95,6
5407,2026-01-14,71.0,13,3
5408,2026-05-31,110.0,62,1
5409,2026-01-11,829.0,47,8
5410,2026-04-14,110.0,34,9
5411,2026-02-10,963.0,72,10
5412,2026-08-18,84.0,43,4
5413,2026-02-13,665.0,73,3
5414,2026-06-29,646.0,3,2
5415,2026-05-01,747.0,91,4
5416,2026-02-02,756.0,88,3
5417,2026-05-11,418.0,1,4
5418,2026-06-24,897.0,35,9
5419,2026-05-28,505.0,71,4
5420,2026-03-02,441.0,28,1
5421,2026-06-06,198.0,68,7
5422,2026-03-16,140.0,52,6
5423,2026-06-01,933.0,75,7
5424,2026-03-15,256.0,79,5
5425,2026-08-08,724.0,54,2
5426,2026-03-07,510.0,1,10
5427,2026-01-30,605.0,25,7
5428,2026-07-11,708.0,17,5
5429,2026-05-28,834.0,83,3
5430,2026-05-29,991.0,86,2
5431,2026-03-05,729.0,6,3
5432,2026-03-01,763.0,6,4
5433,2026-07-07,701.0,51,2
5434,2026-02-04,284.0,15,4
5435,2026-05-28,668.0,27,1
5436,2026-07-03,850.0,90,2
5437,2026-01-04,110.0,44,7
5438,2026-02-22,148.0,19,8
5439,2026-07-05,890.0,48,2
5440,2026-03-25,388.0,85,7
5441,2026-05-13,455.0,85,5
5442,2026-02-21,212.0,50,3
5443,2026-04-01,891.0,86,4
5444,2026-08-08,502.0,63,4
5445,2026-03-12,51.0,33,7
5446,2026-01-01,475.0,21,7
5447,2026-01-16,767.0,59,1
5448,2026-05-15,209.0,53,5
5449,2026-01-29,145.0,37,5
5450,2026-03-13,437.0,99,3
5451,2026-01-04,805.0,98,8
5452,2026-05-16,601.0,59,2
5453,2026-03-31,660.0,29,5
5454,2026-04-26,705.0,36,4
5455,2026-08-03,987.0,50,8
5456,2026-03-11,492.0,29,3
5457,2026-04-23,18.0,100,3
5458,2026-03-02,394.0,29,8
5459,2026-05-22,658.0,19,9
5460,2026-01-29,739.0,48,5
5461,2026-05-14,707.0,13,5
5462,2026-03-11,819.0,40,9
5463,2026-07-11,21.0,9,7
5464,2026-05-26,248.0,37,2
5465,2026-03-06,776.0,86,4
5466,2026-08-27,877.0,79,9
5467,2026-05-28,944.0,24,9
5468,2026-06-10,542.0,1,8
5469,2026-02-08,336.0,99,1
5470,2026-06-26,430.0,73,9
5471,2026-03-29,493.0,25,1
5472,2026-02-17,751.0,40,2
5473,2026-07-04,258.0,90,7
5474,2026-07-25,601.0,26,5
5475,2026-06-10,686.0,78,7
5476,2026-05-25,366.0,13,10
5477,2026-04-08,640.0,26,8
5478,2026-08-16,333.0,6,4
5479,2026-08-08,366.0,61,6
5480,2026-07-14,546.0,43,4
5481,2026-05-07,442.0,72,4
5482,2026-01-05,106.0,73,2
5483,2026-08-18,237.0,53,3
5484,2026-08-10,210.0,60,1
5485,2026-04-16,757.0,10,9
5486,2026-01-27,452.0,92,9
5487,2026-02-04,756.0,28,4
5488,2026-02-25,100.0,5,6
5489,2026-03-07,941.0,76,1
5490,2026-04-15,288.0,83,2
5491,2026-05-31,915.0,27,8
5492,2026-01-24,946.0,31,6
5493,2026-06-06,96.0,33,2
5494,2026-07-22,550.0,96,10
5495,2026-06-11,46.0,61,4
5496,2026-06-26,555.0,22,5
5497,2026-06-18,949.0,63,1
5498,2026-07-29,815.0,53,4
5499,2026-08-16,103.0,12,6
5500,2026-05-09,235.0,74,10
5501,2026-03-13,438.0,90,1
5502,2026-03-31,772.0,58,6
5503,2026-05-23,28.0,95,3
5504,2026-01-25,22.0,86,10
5505,2026-03-12,177.0,21,4
5506,2026-03-01,751.0,23,1
5507,2026-02-20,203.0,17,4
5508,2026-03-17,63.0,85,8
5509,2026-04-26,634.0,18,4
5510,2026-01-09,744.0,93,2
5511,2026-02-22,643.0,97,6
5512,2026-08-14,855.0,88,5
5513,2026-04-21,705.0,9,3
5514,2026-08-02,486.0,49,3
5515,2026-01-02,384.0,5,3
5516,2026-05-17,701.0,54,3
5517,2026-01-28,783.0,21,2
5518,2026-02-24,158.0,54,2
5519,2026-01-28,235.0,90,7
5520,2026-07-28,273.0,92,3
5521,2026-05-14,906.0,87,9
5522,2026-05-16,921.0,75,10
5523,2026-03-26,162.0,77,8
5524,2026-05-17,221.0,58,10
5525,2026-04-19,626.0,57,3
5526,2026-03-13,267.0,78,6
5527,2026-02-24,201.0,52,1
5528,2026-03-17,792.0,69,7
5529,2026-04-30,896.0,75,2
5530,2026-01-30,923.0,7,3
5531,2026-02-28,973.0,15,9
5532,2026-05-24,405.0,84,8
5533,2026-05-29,55.0,67,3
5534,2026-02-16,897.0,30,9
5535,2026-07-24,247.0,7,3
5536,2026-05-11,557.0,10,10
5537,2026-03-03,566.0,11,9
5538,2026-03-28,551.0,12,9
5539,2026-03-08,341.0,71,5
5540,2026-02-04,46.0,55,3
5541,2026-05-06,144.0,29,4
5542,2026-06-28,531.0,19,2
5543,2026-06-09,74.0,55,8
5544,2026-07-04,83.0,95,9
5545,2026-07-14,472.0,22,6
5546,2026-06-24,868.0,44,5
5547,2026-01-08,784.0,2,1
5548,2026-07-19,794.0,86,1
5549,2026-06-26,884.0,93,1
5550,2026-01-08,331.0,22,2
5551,2026-07-13,84.0,11,10
5552,2026-06-26,493.0,13,4
5553,2026-04-23,664.0,48,9
5554,2026-01-15,27.0,93,10
5555,2026-02-08,321.0,49,6
5556,2026-06-22,814.0,65,2
5557,2026-06-15,771.0,38,5
5558,2026-03-08,88.0,70,3
5559,2026-07-28,615.0,86,3
5560,2026-05-28,489.0,37,9
5561,2026-05-06,933.0,99,9
5562,2026-01-20,180.0,98,3
5563,2026-03-15,637.0,6,9
5564,2026-03-22,481.0,6,7
5565,2026-05-10,479.0,4,7
5566,2026-01-12,51.0,1,10
5567,2026-06-19,908.0,32,5
5568,2026-04-07,652.0,44,6
5569,2026-01-23,742.0,67,6
5570,2026-03-12,154.0,52,9
5571,2026-04-07,126.0,31,10
5572,2026-04-16,817.0,35,3
5573,2026-05-11,330.0,48,4
5574,2026-06-19,375.0,40,1
5575,2026-07-30,804.0,74,3
5576,2026-04-07,566.0,92,1
5577,2026-01-11,55.0,53,8
5578,2026-02-23,421.0,78,4
5579,2026-08-08,572.0,59,10
5580,2026-06-08,806.0,3,6
5581,2026-07-17,798.0,82,10
5582,2026-08-29,190.0,17,9
5583,2026-01-17,275.0,7,1
5584,2026-08-26,887.0,51,2
5585,2026-03-06,128.0,72,9
5586,2026-08-23,757.0,1,9
5587,2026-03-08,986.0,83,5
5588,2026-02-15,972.0,61,9
5589,2026-05-08,529.0,25,4
5590,2026-04-07,542.0,83,4
5591,2026-01-17,275.0,32,7
5592,2026-02-09,145.0,90,2
5593,2026-04-13,695.0,38,10
5594,2026-07-05,535.0,74,3
5595,2026-06-15,418.0,39,5
5596,2026-02-10,249.0,54,1
5597,2026-07-13,378.0,93,3
5598,2026-07-05,442.0,28,9
5599,2026-01-27,984.0,100,5
5600,2026-03-06,474.0,6,2
5601,2026-07-30,299.0,81,7
5602,2026-04-10,364.0,97,3
5603,2026-04-06,888.0,6,5
5604,2026-02-17,808.0,30,7
5605,2026-07-04,349.0,70,6
5606,2026-06-24,301.0,25,3
5607,2026-08-10,685.0,11,1
5608,2026-05-01,316.0,53,7
5609,2026-07-22,884.0,38,5
5610,2026-05-12,984.0,68,10
5611,2026-05-10,791.0,29,1
5612,2026-07-07,378.0,31,2
5613,2026-05-23,532.0,23,9
5614,2026-08-01,340.0,93,5
5615,2026-02-04,625.0,90,8
5616,2026-01-16,39.0,38,6
5617,2026-06-25,874.0,38,1
5618,2026-03-03,939.0,28,4
5619,2026-02-23,199.0,68,6
5620,2026-03-07,323.0,91,10
5621,2026-02-01,746.0,29,7
5622,2026-07-26,826.0,14,3
5623,2026-01-24,729.0,77,2
5624,2026-04-27,478.0,93,9
5625,2026-08-13,558.0,7,2
5626,2026-06-05,247.0,76,4
5627,2026-01-24,505.0,28,4
5628,2026-02-04,660.0,42,7
5629,2026-02-27,904.0,53,1
5630,2026-08-07,741.0,10,1
5631,2026-01-22,780.0,65,10
5632,2026-05-08,399.0,13,6
5633,2026-04-29,879.0,53,9
5634,2026-07-19,738.0,68,9
5635,2026-08-17,11.0,24,1
5636,2026-02-23,831.0,4,1
5637,2026-05-31,343.0,100,2
5638,2026-04-17,563.0,17,2
5639,2026-08-03,537.0,2,10
5640,2026-03-04,342.0,61,7
5641,2026-06-13,271.0,94,8
5642,2026-03-14,123.0,93,10
5643,2026-08-21,939.0,1,7
5644,2026-08-14,697.0,28,10
5645,2026-04-11,625.0,45,6
5646,2026-02-04,79.0,40,1
5647,2026-06-04,828.0,16,2
5648,2026-08-11,655.0,99,9
5649,2026-05-28,112.0,70,5
5650,2026-03-16,237.0,51,4
5651,2026-05-16,352.0,4,8
5652,2026-05-31,775.0,53,3
5653,2026-02-19,835.0,93,3
5654,2026-02-10,622.0,78,4
5655,2026-05-10,76.0,31,3
5656,2026-04-26,344.0,44,5
5657,2026-04-18,95.0,33,2
5658,2026-08-28,713.0,96,1
5659,2026-08-08,134.0,67,5
5660,2026-05-18,964.0,96,7
5661,2026-01-11,646.0,3,6
5662,2026-07-19,244.0,64,6
5663,2026-08-28,439.0,56,7
5664,2026-07-22,532.0,89,1
5665,2026-01-25,765.0,17,2
5666,2026-04-20,962.0,6,1
5667,2026-02-19,533.0,27,1
5668,2026-04-03,408.0,78,7
5669,2026-01-23,396.0,20,1
5670,2026-06-25,75.0,42,8
5671,2026-08-29,103.0,23,4
5672,2026-07-16,261.0,44,4
5673,2026-04-02,838.0,56,1
5674,2026-05-11,188.0,56,9
5675,2026-05-27,498.0,81,2
5676,2026-08-05,435.0,98,8
5677,2026-05-24,637.0,27,3
5678,2026-05-15,298.0,96,5
5679,2026-01-11,248.0,39,2
5680,2026-08-18,6.0,68,9
5681,2026-04-25,351.0,39,4
5682,2026-03-02,884.0,86,8
5683,2026-08-22,755.0,68,9
5684,2026-02-04,48.0,28,7
5685,2026-03-01,630.0,93,6
5686,2026-02-01,105.0,86,1
5687,2026-04-05,708.0,89,8
5688,2026-01-05,842.0,7,10
5689,2026-05-10,579.0,75,6
5690,2026-07-01,823.0,38,2
5691,2026-03-15,187.0,3,10
5692,2026-07-02,262.0,75,8
5693,2026-07-26,413.0,97,3
5694,2026-06-03,639.0,81,10
5695,2026-04-18,587.0,49,10
5696,2026-08-11,851.0,71,5
5697,2026-06-14,778.0,77,10
5698,2026-07-10,92.0,67,8
5699,2026-03-17,549.0,47,3
5700,2026-05-29,653.0,73,7
5701,2026-03-05,339.0,73,3
5702,2026-01-27,22.0,99,5
5703,2026-05-09,584.0,80,5
5704,2026-07-22,977.0,23,4
5705,2026-08-16,111.0,24,4
5706,2026-08-03,302.0,100,4
5707,2026-02-06,414.0,73,7
5708,2026-05-24,418.0,80,1
5709,2026-06-29,572.0,61,1
5710,2026-02-09,656.0,16,7
5711,2026-04-28,996.0,4,7
5712,2026-06-14,179.0,96,8
5713,2026-02-25,576.0,93,5
5714,2026-02-28,622.0,29,9
5715,2026-03-25,930.0,47,10
5716,2026-06-16,921.0,67,4
5717,2026-02-05,776.0,3,9
5718,2026-08-03,848.0,1,5
5719,2026-08-18,984.0,53,6
5720,2026-08-16,146.0,89,2
5721,2026-05-25,445.0,44,10
5722,2026-01-08,824.0,19,9
5723,2026-04-14,782.0,46,10
5724,2026-05-20,445.0,85,3
5725,2026-03-10,803.0,71,2
5726,2026-04-08,388.0,45,10
5727,2026-04-15,946.0,28,2
5728,2026-01-04,494.0,55,9
5729,2026-01-26,785.0,25,3
5730,2026-07-26,322.0,74,9
5731,2026-03-28,258.0,25,2
5732,2026-07-18,409.0,70,5
5733,2026-02-08,602.0,99,4
5734,2026-03-21,279.0,81,9
5735,2026-08-19,876.0,4,1
5736,2026-08-02,490.0,97,3
5737,2026-02-27,7.0,86,1
5738,2026-08-07,445.0,77,9
5739,2026-04-11,65.0,8,7
5740,2026-01-30,516.0,26,7
5741,2026-01-20,685.0,25,2
5742,2026-07-28,343.0,4,10
5743,2026-01-13,385.0,68,2
5744,2026-01-15,664.0,36,10
5745,2026-01-21,645.0,78,5
5746,2026-01-19,56.0,59,6
5747,2026-04-15,884.0,81,3
5748,2026-05-14,893.0,75,4
5749,2026-04-24,643.0,19,7
5750,2026-01-13,226.0,82,6
5751,2026-03-13,18.0,64,5
5752,2026-04-23,614.0,37,8
5753,2026-04-11,60.0,92,3
5754,2026-04-25,744.0,52,3
5755,2026-07-15,688.0,17,7
5756,2026-06-02,353.0,3,3
5757,2026-05-23,764.0,63,2
5758,2026-07-05,945.0,50,8
5759,2026-08-25,165.0,73,1
5760,2026-06-29,69.0,99,10
5761,2026-07-19,24.0,51,5
5762,2026-08-28,691.0,69,9
5763,2026-03-09,994.0,25,2
5764,2026-02-20,465.0,30,4
5765,2026-01-23,978.0,41,3
5766,2026-04-02,208.0,45,3
5767,2026-08-23,112.0,60,7
5768,2026-05-20,476.0,2,2
5769,2026-02-22,695.0,14,3
5770,2026-01-21,168.0,1,10
5771,2026-04-08,225.0,97,2
5772,2026-04-19,845.0,66,4
5773,2026-06-21,136.0,60,6
5774,2026-05-07,588.0,45,9
5775,2026-04-07,195.0,28,2
5776,2026-04-25,913.0,86,2
5777,2026-05-20,315.0,34,5
5778,2026-06-01,744.0,22,1
5779,2026-08-10,331.0,7,10
5780,2026-02-06,302.0,66,7
5781,2026-01-12,442.0,36,2
5782,2026-03-14,243.0,58,1
5783,2026-02-22,852.0,14,5
5784,2026-04-12,548.0,14,8
5785,2026-08-26,927.0,60,3
5786,2026-07-09,684.0,66,8
5787,2026-02-13,77.0,2,3
5788,2026-08-02,655.0,12,3
5789,2026-08-13,916.0,76,8
5790,2026-05-18,105.0,81,3
5791,2026-02-19,532.0,54,5
5792,2026-02-13,560.0,44,10
5793,2026-07-08,804.0,94,8
5794,2026-06-25,449.0,30,10
5795,2026-07-14,888.0,30,7
5796,2026-08-12,249.0,15,9
5797,2026-08-06,182.0,70,9
5798,2026-06-24,419.0,4,6
5799,2026-03-28,587.0,97,4
5800,2026-04-26,505.0,90,1
5801,2026-05-31,737.0,82,9
5802,2026-04-20,698.0,16,7
5803,2026-04-27,717.0,8,8
5804,2026-04-14,242.0,52,8
5805,2026-05-13,881.0,2,3
5806,2026-04-04,386.0,70,1
5807,2026-02-06,675.0,22,2
5808,2026-02-16,645.0,45,4
5809,2026-03-25,89.0,51,3
5810,2026-06-23,16.0,100,6
5811,2026-03-27,459.0,14,9
5812,2026-06-25,415.0,73,5
5813,2026-02-08,536.0,84,2
5814,2026-07-17,75.0,74,3
5815,2026-02-05,582.0,51,6
5816,2026-04-27,978.0,6,10
5817,2026-05-23,548.0,99,10
5818,2026-06-24,241.0,56,5
5819,2026-06-09,555.0,37,10
5820,2026-07-20,889.0,3,9
5821,2026-02-10,914.0,5,3
5822,2026-08-06,818.0,5,6
5823,2026-06-04,679.0,70,4
5824,2026-04-21,734.0,89,10
5825,2026-03-06,993.0,38,9
5826,2026-06-15,306.0,78,3
5827,2026-03-28,525.0,71,10
5828,2026-06-11,663.0,11,2
5829,2026-03-14,463.0,81,6
5830,2026-05-20,469.0,97,9
5831,2026-08-22,712.0,84,1
5832,2026-04-23,366.0,23,2
5833,2026-03-02,412.0,58,9
5834,2026-04-10,201.0,70,8
5835,2026-07-16,27.0,79,3
5836,2026-04-26,390.0,100,5
5837,2026-01-20,66.0,93,10
5838,2026-06-10,507.0,79,8
5839,2026-05-17,394.0,70,8
5840,2026-02-08,589.0,56,10
5841,2026-05-10,736.0,20,8
5842,2026-08-03,328.0,67,3
5843,2026-05-28,506.0,96,4
5844,2026-01-10,326.0,88,9
5845,2026-05-15,409.0,83,1
5846,2026-02-17,378.0,7,4
5847,2026-06-28,905.0,4,5
5848,2026-06-19,774.0,50,6
5849,2026-04-08,340.0,88,10
5850,2026-04-27,40.0,4,10
5851,2026-06-22,172.0,36,2
5852,2026-08-19,181.0,100,9
5853,2026-07-11,873.0,48,6
5854,2026-03-10,187.0,68,5
5855,2026-04-11,608.0,51,8
5856,2026-02-20,362.0,79,3
5857,2026-03-17,654.0,32,3
5858,2026-06-12,700.0,69,3
5859,2026-07-09,868.0,35,10
5860,2026-07-22,851.0,29,7
5861,2026-08-10,560.0,74,4
5862,2026-08-28,349.0,52,2
5863,2026-02-12,82.0,88,5
5864,2026-06-24,192.0,69,6
5865,2026-07-14,740.0,62,6
5866,2026-02-15,399.0,22,6
5867,2026-05-28,414.0,76,3
5868,2026-02-26,352.0,68,4
5869,2026-06-05,105.0,29,6
5870,2026-08-09,109.0,72,9
5871,2026-07-01,379.0,47,7
5872,2026-01-07,532.0,34,8
5873,2026-04-09,333.0,3,9
5874,2026-06-06,775.0,63,6
5875,2026-07-17,845.0,34,5
5876,2026-02-27,199.0,40,1
5877,2026-06-10,123.0,87,10
5878,2026-08-17,845.0,74,9
5879,2026-01-20,936.0,62,2
5880,2026-06-03,169.0,7,8
5881,2026-02-20,854.0,91,9
5882,2026-03-27,242.0,35,10
5883,2026-07-23,89.0,47,1
5884,2026-02-23,315.0,12,7
5885,2026-03-25,465.0,14,5
5886,2026-03-25,208.0,14,6
5887,2026-02-25,375.0,80,3
5888,2026-08-15,838.0,54,4
5889,2026-05-02,100.0,31,9
5890,2026-07-24,459.0,41,7
5891,2026-01-12,983.0,80,1
5892,2026-03-10,714.0,83,3
5893,2026-07-25,291.0,99,2
5894,2026-07-22,37.0,100,2
5895,2026-04-01,468.0,50,3
5896,2026-06-07,971.0,16,9
5897,2026-06-28,537.0,61,10
5898,2026-05-24,620.0,94,1
5899,2026-08-02,776.0,62,3
5900,2026-01-02,370.0,17,5
5901,2026-03-02,540.0,72,9
5902,2026-08-08,412.0,21,6
5903,2026-08-16,958.0,43,3
5904,2026-05-23,427.0,8,7
5905,2026-03-25,519.0,54,10
5906,2026-07-22,552.0,57,8
5907,2026-03-13,884.0,22,5
5908,2026-02-05,724.0,44,8
5909,2026-05-11,759.0,86,6
5910,2026-03-13,648.0,44,9
5911,2026-07-07,433.0,47,10
5912,2026-07-23,807.0,92,6
5913,2026-08-04,295.0,23,10
5914,2026-05-09,312.0,79,3
5915,2026-08-22,991.0,11,2
5916,2026-07-27,341.0,4,7
5917,2026-02-04,904.0,6,1
5918,2026-01-11,821.0,40,3
5919,2026-04-06,601.0,83,4
5920,2026-08-13,75.0,31,4
5921,2026-02-03,819.0,42,2
5922,2026-08-11,71.0,27,6
5923,2026-01-02,349.0,62,6
5924,2026-01-09,209.0,82,9
5925,2026-06-12,569.0,95,7
5926,2026-02-16,291.0,39,2
5927,2026-03-14,538.0,79,9
5928,2026-04-09,601.0,80,7
5929,2026-07-03,148.0,64,8
5930,2026-08-06,434.0,58,4
5931,2026-08-19,737.0,38,8
5932,2026-06-14,154.0,96,7
5933,2026-01-02,376.0,66,3
5934,2026-07-09,942.0,48,3
5935,2026-03-15,973.0,9,4
5936,2026-05-15,825.0,23,4
5937,2026-07-01,828.0,14,9
5938,2026-07-08,195.0,9,3
5939,2026-02-02,622.0,19,4
5940,2026-08-13,642.0,40,1
5941,2026-06-09,61.0,49,2
5942,2026-07-09,907.0,12,1
5943,2026-05-14,426.0,34,4
5944,2026-05-06,209.0,92,3
5945,2026-05-22,354.0,4,8
5946,2026-05-17,786.0,61,3
5947,2026-04-14,724.0,12,9
5948,2026-06-20,182.0,24,8
5949,2026-08-19,492.0,60,6
5950,2026-03-24,765.0,47,5
5951,2026-05-24,496.0,18,5
5952,2026-04-08,884.0,74,3
5953,2026-01-09,146.0,80,6
5954,2026-01-24,837.0,100,9
5955,2026-08-07,392.0,85,8
5956,2026-05-22,748.0,14,4
5957,2026-04-11,563.0,24,1
5958,2026-07-03,984.0,16,8
5959,2026-06-15,180.0,9,8
5960,2026-04-28,204.0,57,4
5961,2026-07-21,949.0,73,4
5962,2026-06-17,990.0,24,10
5963,2026-08-03,334.0,24,1
5964,2026-02-14,591.0,73,3
5965,2026-08-21,220.0,95,10
5966,2026-04-16,979.0,13,3
5967,2026-07-07,819.0,42,7
5968,2026-06-18,78.0,82,10
5969,2026-03-19,567.0,71,4
5970,2026-02-06,919.0,22,4
5971,2026-03-25,720.0,32,6
5972,2026-07-22,877.0,70,10
5973,2026-02-22,570.0,40,6
5974,2026-03-10,126.0,63,7
5975,2026-07-05,755.0,96,8
5976,2026-08-14,225.0,21,8
5977,2026-07-26,297.0,32,7
5978,2026-01-06,341.0,34,10
5979,2026-08-10,592.0,100,5
5980,2026-05-08,733.0,93,10
5981,2026-01-30,915.0,58,3
5982,2026-06-04,450.0,1,10
5983,2026-02-17,179.0,57,10
5984,2026-01-18,57.0,43,3
5985,2026-03-05,480.0,98,10
5986,2026-05-15,737.0,15,8
5987,2026-02-24,725.0,42,8
5988,2026-02-05,975.0,72,10
5989,2026-08-23,249.0,17,9
5990,2026-02-08,832.0,87,1
5991,2026-07-12,138.0,47,2
5992,2026-04-12,562.0,25,1
5993,2026-02-14,905.0,6,1
5994,2026-03-09,501.0,78,9
5995,2026-07-27,532.0,65,8
5996,2026-05-10,449.0,45,10
5997,2026-06-25,710.0,95,4
5998,2026-07-04,684.0,66,6
5999,2026-04-02,243.0,82,3
6000,2026-05-17,947.0,8,7
6001,2026-07-24,207.0,3,1
6002,2026-03-13,242.0,50,5
6003,2026-06-15,835.0,74,2
6004,2026-08-07,329.0,15,10
6005,2026-04-28,356.0,21,2
6006,2026-02-23,921.0,12,10
6007,2026-01-06,659.0,74,3
6008,2026-02-12,768.0,45,10
6009,2026-06-19,95.0,39,1
6010,2026-02-20,284.0,84,8
6011,2026-08-11,198.0,8,9
6012,2026-06-06,934.0,1,4
6013,2026-05-28,482.0,11,7
6014,2026-02-23,512.0,12,10
6015,2026-06-05,149.0,51,2
6016,2026-01-13,750.0,20,3
6017,2026-01-30,162.0,16,4
6018,2026-08-10,420.0,60,8
6019,2026-07-12,55.0,15,3
6020,2026-06-05,119.0,15,2
6021,2026-04-08,108.0,17,7
6022,2026-08-22,43.0,16,3
6023,2026-06-08,458.0,18,1
6024,2026-07-05,678.0,96,6
6025,2026-08-25,779.0,57,9
6026,2026-08-27,203.0,80,4
6027,2026-07-11,38.0,38,4
6028,2026-05-27,442.0,49,4
6029,2026-03-28,550.0,2,4
6030,2026-06-19,467.0,84,3
6031,2026-08-13,796.0,67,5
6032,2026-01-27,783.0,37,3
6033,2026-02-15,93.0,37,2
6034,2026-01-06,700.0,51,9
6035,2026-06-10,144.0,44,9
6036,2026-08-09,591.0,86,1
6037,2026-03-25,154.0,77,3
6038,2026-03-15,132.0,3,7
6039,2026-08-04,199.0,90,10
6040,2026-08-05,991.0,45,6
6041,2026-07-04,860.0,9,7
6042,2026-07-27,825.0,28,1
6043,2026-07-03,611.0,45,10
6044,2026-02-02,509.0,3,10
6045,2026-07-18,235.0,59,2
6046,2026-01-31,283.0,25,3
6047,2026-04-19,563.0,42,6
6048,2026-05-19,397.0,40,6
6049,2026-07-15,218.0,4,3
6050,2026-03-08,910.0,96,2
6051,2026-07-19,27.0,19,3
6052,2026-05-04,433.0,16,1
6053,2026-04-03,166.0,62,10
6054,2026-03-01,507.0,36,9
6055,2026-01-16,614.0,80,3
6056,2026-01-16,737.0,93,8
6057,2026-01-22,437.0,76,7
6058,2026-01-06,234.0,17,7
6059,2026-02-02,544.0,84,5
6060,2026-08-19,351.0,41,2
6061,2026-03-08,848.0,88,3
6062,2026-06-11,228.0,90,1
6063,2026-07-01,34.0,32,5
6064,2026-01-16,18.0,79,2
6065,2026-04-03,980.0,64,7
6066,2026-05-25,378.0,55,8
6067,2026-08-17,638.0,9,5
6068,2026-04-05,605.0,87,8
6069,2026-07-19,381.0,37,6
6070,2026-04-19,969.0,32,3
6071,2026-03-06,862.0,14,8
6072,2026-02-05,473.0,56,5
6073,2026-01-01,46.0,72,2
6074,2026-01-16,817.0,66,2
6075,2026-02-01,213.0,4,1
6076,2026-07-26,568.0,30,7
6077,2026-01-26,409.0,36,8
6078,2026-07-15,501.0,21,2
6079,2026-04-19,44.0,70,9
6080,2026-01-04,100.0,94,9
6081,2026-06-21,459.0,14,6
6082,2026-02-07,32.0,93,10
6083,2026-01-28,722.0,8,6
6084,2026-04-29,201.0,66,2
6085,2026-01-11,464.0,14,7
6086,2026-03-05,474.0,92,1
6087,2026-02-28,82.0,7,6
6088,2026-07-28,370.0,68,5
6089,2026-03-12,308.0,26,8
6090,2026-07-25,180.0,15,7
6091,2026-06-30,26.0,3,4
6092,2026-05-25,187.0,45,7
6093,2026-05-17,693.0,46,9
6094,2026-04-25,721.0,55,7
6095,2026-06-02,509.0,4,5
6096,2026-02-22,575.0,1,2
6097,2026-03-27,688.0,100,4
6098,2026-02-21,413.0,21,10
6099,2026-07-30,945.0,33,8
6100,2026-08-03,911.0,51,7
6101,2026-04-22,81.0,46,3
6102,2026-05-30,538.0,31,2
6103,2026-08-01,717.0,61,3
6104,2026-01-05,59.0,35,1
6105,2026-04-14,436.0,13,7
6106,2026-03-21,642.0,76,6
6107,2026-01-07,815.0,15,2
6108,2026-01-13,603.0,63,8
6109,2026-06-20,128.0,33,8
6110,2026-01-10,767.0,84,1
6111,2026-03-09,242.0,70,10
6112,2026-07-16,70.0,92,9
6113,2026-05-25,588.0,1,5
6114,2026-03-22,684.0,91,4
6115,2026-01-17,804.0,23,6
6116,2026-01-11,626.0,78,5
6117,2026-05-09,828.0,76,1
6118,2026-03-18,842.0,64,10
6119,2026-08-26,803.0,78,7
6120,2026-05-16,655.0,29,8
6121,2026-06-15,204.0,60,2
6122,2026-06-01,702.0,16,8
6123,2026-07-28,392.0,78,7
6124,2026-05-23,105.0,53,5
6125,2026-08-21,979.0,13,7
6126,2026-02-08,497.0,37,4
6127,2026-01-13,492.0,74,8
6128,2026-03-10,239.0,23,4
6129,2026-07-15,448.0,24,6
6130,2026-02-23,686.0,76,9
6131,2026-06-02,597.0,73,5
6132,2026-08-22,626.0,58,2
6133,2026-07-26,69.0,92,1
6134,2026-07-30,170.0,56,5
6135,2026-08-06,27.0,28,3
6136,2026-04-30,528.0,59,1
6137,2026-07-29,865.0,22,9
6138,2026-01-28,421.0,8,2
6139,2026-08-04,677.0,86,3
6140,2026-06-18,646.0,85,1
6141,2026-06-10,98.0,70,5
6142,2026-07-24,241.0,48,2
6143,2026-06-25,586.0,66,10
6144,2026-06-02,907.0,100,9
6145,2026-05-30,923.0,19,8
6146,2026-08-18,86.0,57,2
6147,2026-01-06,516.0,81,9
6148,2026-05-31,951.0,85,5
6149,2026-05-11,835.0,10,1
6150,2026-05-20,916.0,34,7
6151,2026-03-19,142.0,21,9
6152,2026-07-14,463.0,46,2
6153,2026-05-14,756.0,30,9
6154,2026-05-27,996.0,65,8
6155,2026-04-06,955.0,2,8
6156,2026-05-19,64.0,4,3
6157,2026-03-08,48.0,54,9
6158,2026-05-02,485.0,86,6
6159,2026-01-24,863.0,25,3
6160,2026-04-08,88.0,39,10
6161,2026-06-02,94.0,98,7
6162,2026-06-15,957.0,21,2
6163,2026-05-11,691.0,76,8
6164,2026-03-11,615.0,86,3
6165,2026-04-19,926.0,65,9
6166,2026-02-08,744.0,97,8
6167,2026-04-11,966.0,86,10
6168,2026-08-27,681.0,82,8
6169,2026-01-13,45.0,76,5
6170,2026-04-01,731.0,16,4
6171,2026-03-08,810.0,75,2
6172,2026-04-19,364.0,55,2
6173,2026-01-12,922.0,71,8
6174,2026-06-14,182.0,63,4
6175,2026-03-14,572.0,29,9
6176,2026-03-27,363.0,14,7
6177,2026-07-19,595.0,85,8
6178,2026-06-21,187.0,38,7
6179,2026-06-13,907.0,78,1
6180,2026-08-26,719.0,82,7
6181,2026-03-14,386.0,50,10
6182,2026-05-20,738.0,34,4
6183,2026-08-28,440.0,4,10
6184,2026-03-10,524.0,40,8
6185,2026-02-08,455.0,2,2
6186,2026-02-09,347.0,14,9
6187,2026-04-09,164.0,46,3
6188,2026-05-29,846.0,81,4
6189,2026-04-15,556.0,70,5
6190,2026-02-02,515.0,74,1
6191,2026-07-22,273.0,69,4
6192,2026-04-13,714.0,65,9
6193,2026-02-28,43.0,56,10
6194,2026-02-05,405.0,62,5
6195,2026-02-08,456.0,78,9
6196,2026-05-28,436.0,3,2
6197,2026-06-09,92.0,39,2
6198,2026-01-19,850.0,15,4
6199,2026-05-31,367.0,85,4
6200,2026-07-13,656.0,21,10
6201,2026-07-30,732.0,53,4
6202,2026-01-28,219.0,61,4
6203,2026-07-04,916.0,1,7
6204,2026-03-29,255.0,6,3
6205,2026-08-24,329.0,72,5
6206,2026-05-11,411.0,43,2
6207,2026-07-19,932.0,22,1
6208,2026-04-03,769.0,39,5
6209,2026-05-07,269.0,16,3
6210,2026-06-07,440.0,41,2
6211,2026-06-16,894.0,25,1
6212,2026-06-28,281.0,4,5
6213,2026-07-21,427.0,52,10
6214,2026-08-05,482.0,97,2
6215,2026-07-09,919.0,96,8
6216,2026-01-17,130.0,90,9
6217,2026-03-08,552.0,74,10
6218,2026-07-12,646.0,6,9
6219,2026-05-20,980.0,94,9
6220,2026-01-01,473.0,71,7
6221,2026-02-07,279.0,11,2
6222,2026-04-24,424.0,67,5
6223,2026-08-06,807.0,29,2
6224,2026-08-03,638.0,24,6
6225,2026-08-24,642.0,49,7
6226,2026-03-09,433.0,79,9
6227,2026-06-19,633.0,32,9
6228,2026-06-28,406.0,90,10
6229,2026-06-08,451.0,40,9
6230,2026-08-27,391.0,73,9
6231,2026-03-21,336.0,44,2
6232,2026-05-31,322.0,85,5
6233,2026-01-13,128.0,79,2
6234,2026-02-04,696.0,24,10
6235,2026-01-15,370.0,32,8
6236,2026-06-28,911.0,89,7
6237,2026-01-12,117.0,10,6
6238,2026-05-02,433.0,88,2
6239,2026-07-06,233.0,77,1
6240,2026-05-18,827.0,51,9
6241,2026-02-23,322.0,32,7
6242,2026-04-16,103.0,66,3
6243,2026-05-29,336.0,48,5
6244,2026-06-03,389.0,63,1
6245,2026-01-02,26.0,77,1
6246,2026-06-17,309.0,18,10
6247,2026-03-18,995.0,75,9
6248,2026-03-06,49.0,38,3
6249,2026-08-24,385.0,88,7
6250,2026-08-10,805.0,95,5
6251,2026-08-09,629.0,56,9
6252,2026-04-21,421.0,7,8
6253,2026-03-25,269.0,21,7
6254,2026-01-04,323.0,55,5
6255,2026-08-10,502.0,97,6
6256,2026-04-24,551.0,4,6
6257,2026-05-27,802.0,40,8
6258,2026-07-16,988.0,29,6
6259,2026-02-19,825.0,78,9
6260,2026-01-08,134.0,32,7
6261,2026-08-08,265.0,52,6
6262,2026-08-13,803.0,17,7
6263,2026-08-07,789.0,54,3
6264,2026-03-28,56.0,14,5
6265,2026-04-12,619.0,78,6
6266,2026-03-30,948.0,7,4
6267,2026-01-03,165.0,24,7
6268,2026-01-31,156.0,38,3
6269,2026-02-16,439.0,62,8
6270,2026-06-27,319.0,52,8
6271,2026-02-04,628.0,9,6
6272,2026-04-10,107.0,11,1
6273,2026-02-15,727.0,13,5
6274,2026-01-24,933.0,65,6
6275,2026-07-28,547.0,67,5
6276,2026-06-13,62.0,1,7
6277,2026-07-14,16.0,14,9
6278,2026-05-02,529.0,51,10
6279,2026-05-04,573.0,17,8
6280,2026-02-20,178.0,74,2
6281,2026-06-02,455.0,2,6
6282,2026-08-27,457.0,18,5
6283,2026-07-03,812.0,34,7
6284,2026-08-07,654.0,55,3
6285,2026-01-20,748.0,15,3
6286,2026-08-24,55.0,27,3
6287,2026-05-16,235.0,95,5
6288,2026-07-14,351.0,30,8
6289,2026-04-21,714.0,76,6
6290,2026-07-06,888.0,97,7
6291,2026-05-17,473.0,71,1
6292,2026-03-31,378.0,34,3
6293,2026-05-12,318.0,17,3
6294,2026-02-01,712.0,97,9
6295,2026-03-01,333.0,33,9
6296,2026-04-03,49.0,5,5
6297,2026-06-23,261.0,40,7
6298,2026-06-17,293.0,84,6
6299,2026-04-30,758.0,19,6
6300,2026-08-11,866.0,10,4
6301,2026-01-29,968.0,25,3
6302,2026-02-09,293.0,99,8
6303,2026-05-18,784.0,95,10
6304,2026-07-07,699.0,80,8
6305,2026-07-07,462.0,57,2
6306,2026-08-19,783.0,27,7
6307,2026-03-04,661.0,83,5
6308,2026-06-23,502.0,22,3
6309,2026-01-08,889.0,72,4
6310,2026-05-18,702.0,22,7
6311,2026-07-29,920.0,61,2
6312,2026-04-01,671.0,70,1
6313,2026-01-16,622.0,50,2
6314,2026-03-05,262.0,43,1
6315,2026-07-02,34.0,50,4
6316,2026-06-05,333.0,93,4
6317,2026-05-20,850.0,19,9
6318,2026-03-10,916.0,30,10
6319,2026-03-26,903.0,40,4
6320,2026-01-04,879.0,90,1
6321,2026-07-21,528.0,9,2
6322,2026-07-03,452.0,61,7
6323,2026-05-10,527.0,9,5
6324,2026-08-04,354.0,23,7
6325,2026-03-13,261.0,86,5
6326,2026-04-03,269.0,55,5
6327,2026-01-14,216.0,69,9
6328,2026-08-14,705.0,9,6
6329,2026-05-02,635.0,28,10
6330,2026-04-26,110.0,2,9
6331,2026-06-14,247.0,83,6
6332,2026-06-02,151.0,69,2
6333,2026-04-27,525.0,85,9
6334,2026-03-07,753.0,50,9
6335,2026-07-25,582.0,75,10
6336,2026-04-19,541.0,66,10
6337,2026-07-18,907.0,98,3
6338,2026-06-26,63.0,40,10
6339,2026-03-22,593.0,90,8
6340,2026-02-04,108.0,36,8
6341,2026-08-03,698.0,18,8
6342,2026-03-06,239.0,5,7
6343,2026-07-27,883.0,94,2
6344,2026-06-03,766.0,49,9
6345,2026-07-01,180.0,35,5
6346,2026-02-03,852.0,72,4
6347,2026-06-16,607.0,58,4
6348,2026-02-11,242.0,31,9
6349,2026-05-26,155.0,15,2
6350,2026-06-15,512.0,4,9
6351,2026-04-11,967.0,73,3
6352,2026-02-23,530.0,66,3
6353,2026-08-25,729.0,74,1
6354,2026-05-23,172.0,19,4
6355,2026-02-01,836.0,15,1
6356,2026-01-04,236.0,23,3
6357,2026-08-16,17.0,9,1
6358,2026-06-27,396.0,60,9
6359,2026-04-22,118.0,6,7
6360,2026-08-21,521.0,81,1
6361,2026-06-02,942.0,87,9
6362,2026-05-04,125.0,2,7
6363,2026-05-21,838.0,38,2
6364,2026-02-18,393.0,12,6
6365,2026-03-15,940.0,93,1
6366,2026-03-02,297.0,41,9
6367,2026-06-16,657.0,11,4
6368,2026-05-31,774.0,7,9
6369,2026-07-21,283.0,54,8
6370,2026-07-20,657.0,18,9
6371,2026-02-19,317.0,53,6
6372,2026-08-10,324.0,87,10
6373,2026-07-22,36.0,1,2
6374,2026-02-20,469.0,97,1
6375,2026-04-14,4.0,48,3
6376,2026-07-29,967.0,43,5
6377,2026-07-10,389.0,57,10
6378,2026-08-02,340.0,3,2
6379,2026-08-20,447.0,56,1
6380,2026-08-18,433.0,35,7
6381,2026-01-24,14.0,83,2
6382,2026-04-11,307.0,12,6
6383,2026-07-01,721.0,29,2
6384,2026-03-14,828.0,58,1
6385,2026-05-19,103.0,52,6
6386,2026-06-07,276.0,99,10
6387,2026-06-08,43.0,67,8
6388,2026-06-07,377.0,99,1
6389,2026-05-24,441.0,54,4
6390,2026-05-21,302.0,71,4
6391,2026-02-06,548.0,93,7
6392,2026-05-26,637.0,52,10
6393,2026-02-10,622.0,59,7
6394,2026-07-20,541.0,30,1
6395,2026-05-19,572.0,72,7
6396,2026-05-14,122.0,61,10
6397,2026-05-16,801.0,79,8
6398,2026-01-19,32.0,48,6
6399,2026-07-25,440.0,24,10
6400,2026-04-03,865.0,10,8
6401,2026-05-26,919.0,49,8
6402,2026-01-06,243.0,17,10
6403,2026-01-06,136.0,56,2
6404,2026-08-14,466.0,81,6
6405,2026-05-14,573.0,24,10
6406,2026-04-08,310.0,11,1
6407,2026-05-22,780.0,74,1
6408,2026-04-05,964.0,10,3
6409,2026-07-20,370.0,43,8
6410,2026-05-11,995.0,16,6
6411,2026-04-28,468.0,38,8
6412,2026-06-30,688.0,96,2
6413,2026-02-05,304.0,50,8
6414,2026-06-04,803.0,10,3
6415,2026-01-25,690.0,83,9
6416,2026-05-22,288.0,12,3
6417,2026-06-05,413.0,18,10
6418,2026-04-22,182.0,21,5
6419,2026-02-06,966.0,62,10
6420,2026-03-27,602.0,10,9
6421,2026-04-26,831.0,91,1
6422,2026-08-14,739.0,94,5
6423,2026-04-04,939.0,17,5
6424,2026-01-27,355.0,88,9
6425,2026-03-17,498.0,6,6
6426,2026-03-23,799.0,65,7
6427,2026-02-02,866.0,74,1
6428,2026-02-06,865.0,47,3
6429,2026-05-08,728.0,74,1
6430,2026-01-05,65.0,81,1
6431,2026-04-13,948.0,91,4
6432,2026-08-19,420.0,36,6
6433,2026-01-14,176.0,28,8
6434,2026-07-31,286.0,61,3
6435,2026-02-15,167.0,72,9
6436,2026-06-06,909.0,93,6
6437,2026-08-15,6.0,8,5
6438,2026-01-23,533.0,84,8
6439,2026-08-22,188.0,21,9
6440,2026-06-26,735.0,58,5
6441,2026-03-03,140.0,54,2
6442,2026-01-19,965.0,70,7
6443,2026-08-25,7.0,62,6
6444,2026-01-17,806.0,45,1
6445,2026-05-24,94.0,15,1
6446,2026-05-28,999.0,1,6
6447,2026-06-06,865.0,60,3
6448,2026-08-15,836.0,85,2
6449,2026-01-23,191.0,55,6
6450,2026-01-21,762.0,47,1
6451,2026-02-28,55.0,73,8
6452,2026-02-04,45.0,5,4
6453,2026-04-29,830.0,56,2
6454,2026-06-01,697.0,2,6
6455,2026-01-02,263.0,90,8
6456,2026-08-01,899.0,65,2
6457,2026-05-27,576.0,92,5
6458,2026-03-25,233.0,83,5
6459,2026-02-06,535.0,60,10
6460,2026-04-16,569.0,74,10
6461,2026-02-24,353.0,17,7
6462,2026-06-02,286.0,61,5
6463,2026-07-16,424.0,94,2
6464,2026-01-23,813.0,93,10
6465,2026-05-12,486.0,26,3
6466,2026-07-26,831.0,69,5
6467,2026-01-22,924.0,99,4
6468,2026-07-05,37.0,34,2
6469,2026-03-27,158.0,46,1
6470,2026-07-18,680.0,79,9
6471,2026-04-14,702.0,24,4
6472,2026-01-18,914.0,38,8
6473,2026-02-24,449.0,33,6
6474,2026-05-15,346.0,20,4
6475,2026-04-18,62.0,52,9
6476,2026-08-09,559.0,56,5
6477,2026-01-10,459.0,25,7
6478,2026-05-31,225.0,92,9
6479,2026-03-06,954.0,70,5
6480,2026-05-09,561.0,39,4
6481,2026-02-15,820.0,30,6
6482,2026-04-08,416.0,18,5
6483,2026-05-19,339.0,43,1
6484,2026-01-14,836.0,57,8
6485,2026-08-26,722.0,7,5
6486,2026-04-11,460.0,80,6
6487,2026-03-27,82.0,47,6
6488,2026-04-12,211.0,73,3
6489,2026-02-16,609.0,5,1
6490,2026-05-19,924.0,99,6
6491,2026-03-25,44.0,64,2
6492,2026-06-11,749.0,4,5
6493,2026-06-20,105.0,30,10
6494,2026-01-26,103.0,60,2
6495,2026-07-19,964.0,50,9
6496,2026-01-25,704.0,3,10
6497,2026-02-06,825.0,38,6
6498,2026-06-30,699.0,50,8
6499,2026-01-14,173.0,82,3
6500,2026-01-07,735.0,80,7
6501,2026-04-05,323.0,35,4
6502,2026-06-28,699.0,23,2
6503,2026-01-01,683.0,18,2
6504,2026-02-16,923.0,41,8
6505,2026-07-20,366.0,8,10
6506,2026-01-03,881.0,54,3
6507,2026-07-14,81.0,41,1
6508,2026-01-29,220.0,93,6
6509,2026-08-27,929.0,45,3
6510,2026-07-24,266.0,57,10
6511,2026-06-12,348.0,5,10
6512,2026-04-23,45.0,64,5
6513,2026-01-26,722.0,25,8
6514,2026-08-05,475.0,77,3
6515,2026-05-21,954.0,46,1
6516,2026-07-01,691.0,47,10
6517,2026-06-14,936.0,30,1
6518,2026-06-20,50.0,2,2
6519,2026-04-11,981.0,87,5
6520,2026-06-09,994.0,39,4
6521,2026-07-17,209.0,89,1
6522,2026-08-18,122.0,1,10
6523,2026-03-13,130.0,5,6
6524,2026-08-13,439.0,6,4
6525,2026-05-10,716.0,98,10
6526,2026-03-14,74.0,70,2
6527,2026-03-18,932.0,13,10
6528,2026-02-26,902.0,79,6
6529,2026-06-07,983.0,70,3
6530,2026-04-02,779.0,97,6
6531,2026-03-04,703.0,73,6
6532,2026-03-29,47.0,47,3
6533,2026-04-10,35.0,8,2
6534,2026-04-15,584.0,74,8
6535,2026-01-04,408.0,74,1
6536,2026-04-20,61.0,10,9
6537,2026-05-20,735.0,57,7
6538,2026-05-03,46.0,100,5
6539,2026-06-28,491.0,65,4
6540,2026-03-10,734.0,28,3
6541,2026-06-19,584.0,37,4
6542,2026-03-20,716.0,48,10
6543,2026-08-09,22.0,1,4
6544,2026-04-11,470.0,49,8
6545,2026-07-14,343.0,42,3
6546,2026-01-03,165.0,82,4
6547,2026-03-31,75.0,64,1
6548,2026-02-24,321.0,33,7
6549,2026-02-03,189.0,37,7
6550,2026-01-28,551.0,33,8
6551,2026-02-17,63.0,81,10
6552,2026-02-17,720.0,100,10
6553,2026-02-08,809.0,29,4
6554,2026-03-20,877.0,13,6
6555,2026-01-18,755.0,5,1
6556,2026-05-27,659.0,54,1
6557,2026-08-03,365.0,32,1
6558,2026-01-02,570.0,53,9
6559,2026-05-11,249.0,2,5
6560,2026-02-08,91.0,50,2
6561,2026-04-11,226.0,18,8
6562,2026-06-07,289.0,87,1
6563,2026-03-27,343.0,97,8
6564,2026-08-13,570.0,70,10
6565,2026-04-26,878.0,73,6
6566,2026-08-09,90.0,22,3
6567,2026-06-01,790.0,55,10
6568,2026-03-21,405.0,6,3
6569,2026-03-01,430.0,86,4
6570,2026-07-25,817.0,2,3
6571,2026-08-15,469.0,48,3
6572,2026-04-01,192.0,10,9
6573,2026-03-07,475.0,4,8
6574,2026-06-27,130.0,1,10
6575,2026-08-21,118.0,12,8
6576,2026-07-25,863.0,21,6
6577,2026-02-27,7.0,24,9
6578,2026-02-18,718.0,22,7
6579,2026-01-26,743.0,85,10
6580,2026-02-13,362.0,68,2
6581,2026-07-21,535.0,74,2
6582,2026-08-21,741.0,1,8
6583,2026-06-25,580.0,13,6
6584,2026-04-22,792.0,15,2
6585,2026-05-09,217.0,69,7
6586,2026-04-06,564.0,71,6
6587,2026-01-21,902.0,41,10
6588,2026-05-26,707.0,61,8
6589,2026-02-12,391.0,72,2
6590,2026-05-13,726.0,7,1
6591,2026-07-12,940.0,31,6
6592,2026-05-03,784.0,90,9
6593,2026-06-04,69.0,71,4
6594,2026-04-07,966.0,20,10
6595,2026-05-11,492.0,23,10
6596,2026-07-25,283.0,43,9
6597,2026-08-14,888.0,7,5
6598,2026-06-18,527.0,18,2
6599,2026-02-13,167.0,1,8
6600,2026-01-14,565.0,28,3
6601,2026-06-07,550.0,17,5
6602,2026-06-10,139.0,85,4
6603,2026-02-09,259.0,12,1
6604,2026-03-13,499.0,36,5
6605,2026-06-17,749.0,17,4
6606,2026-08-25,766.0,15,9
6607,2026-01-17,998.0,47,7
6608,2026-05-28,728.0,26,10
6609,2026-06-29,690.0,17,1
6610,2026-07-08,131.0,5,1
6611,2026-06-12,52.0,36,4
6612,2026-08-28,225.0,17,3
6613,2026-02-03,510.0,46,8
6614,2026-08-06,713.0,14,3
6615,2026-03-04,736.0,25,6
6616,2026-01-11,516.0,12,3
6617,2026-04-17,908.0,7,6
6618,2026-04-15,406.0,26,5
6619,2026-01-01,353.0,92,1
6620,2026-07-23,237.0,57,10
6621,2026-04-27,365.0,51,8
6622,2026-08-20,99.0,79,10
6623,2026-05-18,136.0,99,4
6624,2026-01-19,668.0,21,1
6625,2026-06-03,426.0,88,2
6626,2026-08-15,481.0,39,2
6627,2026-04-07,42.0,21,10
6628,2026-05-30,224.0,16,9
6629,2026-07-21,270.0,32,1
6630,2026-08-04,841.0,36,9
6631,2026-01-18,397.0,51,10
6632,2026-02-11,582.0,11,3
6633,2026-07-25,962.0,16,4
6634,2026-04-18,15.0,65,8
6635,2026-01-15,416.0,72,6
6636,2026-08-15,993.0,54,6
6637,2026-08-04,472.0,97,7
6638,2026-08-13,393.0,30,1
6639,2026-06-29,953.0,20,7
6640,2026-01-22,525.0,51,10
6641,2026-04-03,62.0,39,6
6642,2026-05-29,798.0,98,5
6643,2026-07-20,308.0,84,5
6644,2026-01-10,989.0,56,8
6645,2026-04-11,702.0,40,4
6646,2026-06-04,735.0,29,4
6647,2026-05-26,353.0,2,7
6648,2026-03-19,386.0,22,10
6649,2026-04-27,133.0,22,4
6650,2026-04-09,445.0,16,3
6651,2026-01-23,992.0,19,5
6652,2026-03-07,805.0,53,4
6653,2026-06-20,942.0,95,3
6654,2026-03-29,713.0,42,9
6655,2026-03-10,104.0,87,3
6656,2026-05-12,652.0,6,9
6657,2026-05-17,972.0,77,8
6658,2026-06-25,101.0,95,10
6659,2026-06-09,152.0,82,7
6660,2026-03-03,930.0,92,5
6661,2026-01-22,585.0,88,10
6662,2026-04-08,226.0,26,5
6663,2026-05-24,825.0,31,6
6664,2026-08-16,738.0,37,3
6665,2026-04-28,911.0,47,3
6666,2026-06-20,374.0,69,1
6667,2026-03-02,252.0,34,4
6668,2026-02-21,829.0,89,1
6669,2026-03-03,81.0,91,2
6670,2026-08-02,869.0,86,6
6671,2026-05-16,416.0,4,8
6672,2026-04-06,379.0,60,5
6673,2026-07-19,939.0,89,7
6674,2026-05-25,512.0,43,5
6675,2026-07-23,412.0,76,8
6676,2026-07-02,740.0,99,5
6677,2026-08-19,970.0,26,6
6678,2026-04-03,448.0,48,4
6679,2026-05-25,878.0,35,8
6680,2026-04-11,954.0,94,7
6681,2026-06-02,392.0,9,9
6682,2026-04-21,928.0,36,4
6683,2026-02-02,182.0,44,2
6684,2026-03-15,23.0,69,6
6685,2026-06-28,587.0,43,1
6686,2026-08-25,940.0,40,10
6687,2026-05-11,835.0,44,2
6688,2026-02-17,611.0,19,7
6689,2026-03-24,590.0,49,6
6690,2026-04-12,865.0,58,5
6691,2026-02-16,874.0,31,2
6692,2026-01-04,891.0,36,8
6693,2026-02-04,377.0,100,4
6694,2026-07-03,122.0,35,10
6695,2026-02-16,126.0,37,7
6696,2026-01-14,667.0,70,5
6697,2026-05-30,254.0,21,4
6698,2026-08-29,837.0,15,7
6699,2026-03-19,908.0,40,6
6700,2026-02-24,464.0,73,1
6701,2026-04-16,674.0,99,4
6702,2026-04-28,107.0,88,4
6703,2026-08-20,31.0,69,1
6704,2026-06-15,508.0,68,2
6705,2026-07-30,942.0,22,6
6706,2026-02-06,82.0,48,2
6707,2026-07-06,458.0,12,9
6708,2026-08-23,288.0,41,9
6709,2026-02-10,372.0,85,4
6710,2026-03-13,444.0,65,3
6711,2026-07-24,266.0,35,8
6712,2026-08-05,50.0,15,8
6713,2026-05-08,659.0,21,4
6714,2026-08-11,709.0,68,1
6715,2026-04-16,897.0,95,6
6716,2026-07-30,228.0,57,3
6717,2026-04-29,136.0,74,8
6718,2026-04-21,699.0,42,7
6719,2026-04-15,200.0,60,4
6720,2026-01-01,286.0,8,2
6721,2026-06-15,948.0,98,1
6722,2026-06-11,835.0,20,6
6723,2026-07-28,955.0,69,8
6724,2026-01-17,950.0,48,1
6725,2026-03-25,675.0,6,9
6726,2026-01-10,943.0,20,1
6727,2026-05-04,747.0,17,3
6728,2026-01-17,191.0,41,5
6729,2026-04-29,123.0,55,4
6730,2026-01-07,309.0,30,10
6731,2026-05-27,788.0,28,2
6732,2026-07-15,542.0,81,7
6733,2026-06-27,507.0,22,2
6734,2026-08-21,204.0,16,1
6735,2026-02-20,638.0,45,7
6736,2026-03-31,531.0,100,3
6737,2026-04-11,929.0,93,3
6738,2026-01-07,661.0,24,10
6739,2026-05-28,803.0,32,8
6740,2026-03-30,737.0,48,3
6741,2026-06-07,848.0,85,6
6742,2026-06-24,932.0,31,4
6743,2026-02-07,155.0,82,3
6744,2026-06-27,233.0,90,8
6745,2026-06-07,916.0,67,4
6746,2026-06-04,179.0,1,10
6747,2026-03-15,874.0,61,6
6748,2026-06-26,801.0,46,4
6749,2026-02-27,233.0,55,3
6750,2026-04-20,520.0,45,2
6751,2026-01-09,407.0,12,8
6752,2026-08-21,565.0,59,1
6753,2026-01-12,192.0,50,9
6754,2026-06-05,807.0,16,8
6755,2026-07-15,827.0,21,9
6756,2026-08-01,391.0,5,4
6757,2026-01-26,504.0,16,1
6758,2026-02-09,103.0,46,7
6759,2026-06-15,228.0,72,9
6760,2026-06-23,648.0,24,9
6761,2026-06-30,987.0,64,2
6762,2026-06-20,946.0,91,7
6763,2026-07-15,547.0,34,5
6764,2026-07-19,490.0,26,7
6765,2026-03-25,772.0,34,8
6766,2026-02-03,215.0,28,3
6767,2026-06-26,146.0,21,3
6768,2026-08-24,18.0,82,9
6769,2026-01-28,300.0,33,10
6770,2026-02-09,574.0,86,6
6771,2026-08-08,158.0,92,10
6772,2026-07-28,183.0,94,3
6773,2026-04-01,59.0,49,7
6774,2026-02-16,346.0,28,10
6775,2026-04-06,922.0,50,1
6776,2026-03-04,886.0,32,8
6777,2026-01-18,545.0,8,2
6778,2026-03-11,701.0,63,7
6779,2026-03-12,848.0,31,2
6780,2026-01-02,686.0,41,8
6781,2026-02-28,973.0,40,9
6782,2026-07-17,669.0,72,2
6783,2026-03-24,14.0,85,3
6784,2026-01-19,794.0,50,4
6785,2026-02-14,677.0,8,7
6786,2026-05-11,680.0,52,5
6787,2026-02-28,849.0,93,10
6788,2026-05-02,396.0,9,6
6789,2026-03-22,810.0,61,5
6790,2026-01-12,327.0,33,6
6791,2026-05-26,819.0,23,2
6792,2026-08-28,378.0,12,2
6793,2026-04-20,74.0,10,5
6794,2026-05-25,338.0,55,6
6795,2026-03-11,584.0,86,1
6796,2026-01-24,739.0,49,10
6797,2026-06-01,606.0,42,4
6798,2026-04-26,509.0,46,9
6799,2026-07-26,62.0,62,3
6800,2026-07-25,831.0,18,1
6801,2026-01-05,173.0,56,5
6802,2026-02-10,73.0,80,1
6803,2026-08-10,99.0,18,8
6804,2026-07-06,154.0,40,2
6805,2026-01-19,586.0,32,4
6806,2026-07-12,928.0,80,7
6807,2026-04-14,545.0,73,8
6808,2026-06-15,416.0,5,8
6809,2026-05-25,486.0,28,9
6810,2026-01-19,437.0,63,3
6811,2026-08-17,237.0,11,8
6812,2026-07-24,789.0,24,10
6813,2026-02-03,668.0,50,8
6814,2026-06-22,472.0,44,1
6815,2026-06-28,987.0,68,10
6816,2026-05-17,487.0,84,10
6817,2026-05-20,361.0,31,7
6818,2026-08-04,964.0,81,4
6819,2026-06-25,922.0,90,10
6820,2026-06-27,208.0,15,5
6821,2026-06-04,646.0,99,2
6822,2026-04-08,317.0,25,6
6823,2026-01-08,689.0,93,9
6824,2026-07-21,653.0,43,10
6825,2026-02-16,128.0,19,4
6826,2026-01-12,124.0,76,3
6827,2026-01-18,863.0,4,6
6828,2026-07-18,498.0,49,6
6829,2026-03-11,577.0,82,5
6830,2026-04-27,492.0,1,5
6831,2026-07-02,2.0,18,1
6832,2026-04-18,476.0,51,9
6833,2026-03-20,558.0,86,5
6834,2026-07-15,509.0,52,7
6835,2026-03-18,459.0,76,10
6836,2026-04-26,907.0,12,5
6837,2026-04-18,395.0,45,4
6838,2026-04-20,264.0,43,1
6839,2026-01-09,417.0,32,1
6840,2026-04-01,716.0,29,6
6841,2026-05-01,39.0,76,4
6842,2026-07-09,999.0,35,7
6843,2026-05-25,632.0,24,7
6844,2026-04-29,81.0,15,8
6845,2026-08-14,666.0,46,10
6846,2026-02-05,713.0,49,10
6847,2026-02-27,211.0,7,6
6848,2026-06-27,608.0,60,6
6849,2026-07-04,184.0,48,1
6850,2026-03-31,166.0,68,2
6851,2026-02-11,424.0,87,8
6852,2026-02-22,307.0,31,7
6853,2026-01-21,629.0,38,6
6854,2026-08-23,636.0,72,9
6855,2026-08-04,782.0,43,10
6856,2026-06-06,358.0,37,7
6857,2026-04-16,254.0,39,7
6858,2026-03-26,896.0,38,5
6859,2026-07-10,315.0,91,4
6860,2026-03-07,811.0,40,2
6861,2026-06-06,406.0,73,2
6862,2026-08-26,604.0,32,10
6863,2026-07-12,249.0,91,10
6864,2026-08-08,283.0,75,5
6865,2026-04-26,232.0,74,5
6866,2026-08-14,899.0,53,5
6867,2026-03-09,539.0,98,1
6868,2026-06-23,176.0,19,9
6869,2026-02-27,608.0,43,1
6870,2026-05-09,132.0,78,7
6871,2026-07-05,741.0,28,8
6872,2026-05-28,658.0,99,9
6873,2026-08-14,597.0,35,9
6874,2026-01-26,162.0,14,4
6875,2026-01-03,457.0,17,10
6876,2026-01-16,118.0,62,3
6877,2026-07-14,491.0,42,1
6878,2026-03-19,357.0,25,9
6879,2026-03-15,380.0,44,7
6880,2026-05-01,136.0,100,10
6881,2026-02-02,251.0,2,1
6882,2026-01-11,285.0,73,5
6883,2026-04-21,391.0,9,5
6884,2026-02-07,229.0,73,10
6885,2026-01-14,145.0,95,1
6886,2026-08-12,110.0,18,6
6887,2026-07-19,209.0,94,2
6888,2026-08-10,342.0,51,8
6889,2026-08-10,542.0,91,6
6890,2026-06-02,195.0,43,7
6891,2026-05-30,644.0,87,6
6892,2026-08-03,987.0,1,8
6893,2026-05-23,995.0,11,7
6894,2026-08-25,625.0,28,10
6895,2026-01-18,723.0,47,5
6896,2026-05-22,194.0,34,5
6897,2026-06-28,407.0,50,6
6898,2026-02-26,75.0,29,2
6899,2026-08-28,564.0,48,9
6900,2026-01-13,304.0,24,4
6901,2026-02-18,162.0,86,7
6902,2026-07-09,35.0,32,3
6903,2026-02-19,469.0,38,5
6904,2026-02-16,417.0,27,5
6905,2026-06-17,20.0,39,2
6906,2026-03-01,732.0,75,8
6907,2026-04-17,760.0,89,9
6908,2026-06-22,801.0,70,7
6909,2026-08-01,34.0,71,1
6910,2026-07-22,728.0,91,6
6911,2026-08-18,583.0,36,3
6912,2026-04-08,983.0,7,10
6913,2026-02-09,663.0,85,2
6914,2026-05-05,911.0,37,8
6915,2026-01-17,270.0,25,8
6916,2026-01-10,213.0,41,5
6917,2026-01-15,234.0,69,3
6918,2026-07-23,970.0,7,6
6919,2026-02-11,835.0,72,3
6920,2026-06-06,433.0,51,5
6921,2026-03-28,460.0,97,3
6922,2026-03-28,204.0,26,3
6923,2026-02-04,157.0,80,9
6924,2026-07-23,10.0,18,4
6925,2026-01-05,339.0,52,3
6926,2026-05-27,221.0,27,2
6927,2026-08-13,236.0,3,1
6928,2026-02-26,260.0,53,4
6929,2026-04-30,70.0,94,8
6930,2026-06-27,687.0,55,2
6931,2026-07-20,374.0,2,8
6932,2026-04-23,146.0,100,7
6933,2026-05-03,625.0,45,10
6934,2026-07-12,256.0,96,6
6935,2026-01-15,285.0,83,3
6936,2026-04-05,58.0,11,4
6937,2026-08-20,933.0,30,3
6938,2026-07-08,570.0,99,10
6939,2026-03-08,175.0,31,8
6940,2026-01-08,278.0,92,4
6941,2026-08-23,48.0,17,3
6942,2026-05-19,470.0,9,5
6943,2026-07-24,829.0,95,10
6944,2026-07-24,94.0,59,1
6945,2026-07-03,981.0,21,3
6946,2026-06-19,300.0,7,3
6947,2026-08-14,60.0,57,6
6948,2026-07-28,939.0,34,7
6949,2026-06-19,474.0,94,9
6950,2026-07-18,852.0,61,2
6951,2026-06-14,329.0,34,8
6952,2026-04-16,638.0,77,2
6953,2026-08-28,948.0,34,3
6954,2026-01-13,369.0,82,7
6955,2026-05-19,550.0,57,4
6956,2026-02-09,645.0,19,8
6957,2026-03-28,894.0,9,9
6958,2026-02-16,325.0,77,3
6959,2026-01-11,801.0,89,10
6960,2026-03-29,404.0,98,7
6961,2026-05-17,730.0,33,5
6962,2026-08-23,743.0,95,9
6963,2026-02-07,498.0,32,4
6964,2026-06-10,463.0,74,4
6965,2026-07-16,814.0,24,2
6966,2026-01-26,87.0,12,3
6967,2026-01-13,544.0,59,2
6968,2026-05-12,242.0,90,1
6969,2026-03-30,426.0,96,9
6970,2026-06-07,686.0,10,1
6971,2026-04-27,884.0,63,1
6972,2026-03-16,818.0,81,1
6973,2026-08-27,613.0,20,4
6974,2026-04-01,602.0,80,2
6975,2026-06-08,712.0,46,5
6976,2026-02-15,326.0,95,10
6977,2026-08-15,506.0,14,2
6978,2026-02-14,146.0,64,3
6979,2026-04-10,256.0,29,5
6980,2026-05-23,187.0,21,8
6981,2026-01-06,878.0,38,6
6982,2026-02-08,116.0,49,3
6983,2026-02-15,696.0,42,7
6984,2026-06-25,606.0,83,5
6985,2026-04-08,931.0,25,4
6986,2026-07-09,709.0,70,1
6987,2026-07-29,208.0,38,4
6988,2026-03-17,454.0,3,5
6989,2026-03-20,861.0,67,9
6990,2026-05-08,614.0,75,9
6991,2026-08-25,13.0,35,6
6992,2026-04-29,824.0,22,1
6993,2026-01-03,629.0,88,6
6994,2026-04-07,701.0,45,9
6995,2026-01-19,785.0,41,10
6996,2026-02-18,509.0,33,8
6997,2026-06-09,407.0,55,3
6998,2026-06-12,164.0,77,4
6999,2026-07-09,425.0,30,6
7000,2026-03-10,464.0,64,3
7001,2026-05-02,814.0,22,6
7002,2026-02-10,581.0,20,6
7003,2026-01-05,83.0,52,7
7004,2026-03-31,86.0,19,9
7005,2026-07-27,138.0,4,10
7006,2026-06-17,587.0,93,6
7007,2026-08-26,155.0,76,3
7008,2026-03-15,74.0,42,2
7009,2026-08-25,224.0,6,7
7010,2026-02-08,326.0,41,10
7011,2026-07-13,412.0,30,10
7012,2026-04-22,475.0,86,4
7013,2026-07-04,662.0,53,3
7014,2026-02-14,741.0,38,10
7015,2026-06-20,44.0,56,3
7016,2026-04-07,344.0,85,2
7017,2026-03-08,527.0,4,10
7018,2026-06-15,348.0,13,9
7019,2026-02-19,742.0,14,4
7020,2026-02-27,779.0,6,9
7021,2026-01-12,588.0,69,5
7022,2026-08-07,722.0,21,4
7023,2026-01-17,182.0,20,2
7024,2026-01-25,801.0,10,3
7025,2026-04-06,524.0,85,5
7026,2026-08-22,729.0,48,2
7027,2026-05-18,891.0,56,3
7028,2026-05-20,549.0,64,7
7029,2026-04-13,916.0,2,5
7030,2026-01-27,113.0,68,10
7031,2026-03-25,570.0,69,5
7032,2026-01-15,317.0,40,7
7033,2026-07-12,858.0,87,3
7034,2026-01-01,814.0,50,1
7035,2026-02-15,951.0,65,10
7036,2026-08-23,453.0,82,8
7037,2026-05-15,251.0,41,8
7038,2026-05-14,795.0,95,6
7039,2026-04-10,289.0,52,7
7040,2026-07-11,794.0,96,5
7041,2026-01-31,446.0,93,10
7042,2026-02-03,304.0,85,4
7043,2026-02-16,626.0,19,2
7044,2026-07-03,829.0,19,7
7045,2026-02-15,198.0,24,2
7046,2026-01-05,707.0,9,5
7047,2026-01-12,168.0,79,5
7048,2026-03-06,223.0,15,9
7049,2026-03-14,961.0,66,8
7050,2026-08-23,792.0,90,10
7051,2026-08-10,93.0,61,2
7052,2026-08-09,458.0,20,10
7053,2026-07-31,603.0,79,7
7054,2026-06-02,285.0,74,10
7055,2026-06-26,99.0,84,9
7056,2026-02-11,716.0,26,9
7057,2026-01-29,21.0,8,9
7058,2026-02-26,433.0,53,7
7059,2026-01-06,724.0,1,3
7060,2026-01-16,357.0,26,1
7061,2026-07-11,553.0,44,3
7062,2026-02-19,406.0,25,9
7063,2026-08-12,4.0,42,2
7064,2026-06-11,335.0,23,1
7065,2026-03-11,908.0,68,4
7066,2026-08-19,564.0,91,4
7067,2026-01-01,567.0,89,6
7068,2026-02-11,863.0,79,7
7069,2026-02-13,786.0,79,10
7070,2026-01-16,462.0,51,1
7071,2026-05-17,168.0,59,7
7072,2026-07-13,956.0,32,7
7073,2026-08-08,182.0,72,4
7074,2026-08-16,904.0,65,4
7075,2026-06-06,690.0,27,7
7076,2026-02-24,418.0,96,8
7077,2026-01-22,345.0,82,9
7078,2026-01-30,935.0,97,9
7079,2026-07-31,182.0,51,7
7080,2026-04-27,254.0,56,2
7081,2026-05-22,989.0,100,5
7082,2026-01-28,997.0,10,1
7083,2026-02-18,680.0,65,3
7084,2026-07-22,206.0,29,3
7085,2026-07-03,157.0,13,10
7086,2026-06-22,870.0,66,9
7087,2026-07-07,358.0,24,4
7088,2026-04-29,746.0,9,10
7089,2026-05-16,334.0,91,8
7090,2026-08-29,416.0,62,1
7091,2026-05-07,98.0,84,7
7092,2026-01-12,774.0,81,7
7093,2026-07-05,846.0,75,6
7094,2026-02-12,651.0,69,1
7095,2026-05-14,877.0,84,2
7096,2026-07-28,254.0,99,5
7097,2026-01-20,131.0,60,10
7098,2026-06-05,980.0,53,8
7099,2026-01-30,941.0,65,8
7100,2026-06-27,361.0,76,2
7101,2026-04-18,874.0,69,10
7102,2026-06-14,555.0,89,4
7103,2026-03-18,677.0,64,6
7104,2026-02-15,734.0,94,1
7105,2026-02-08,386.0,48,7
7106,2026-06-28,547.0,50,7
7107,2026-07-15,627.0,46,3
7108,2026-05-28,142.0,42,2
7109,2026-04-25,316.0,79,4
7110,2026-05-10,580.0,21,10
7111,2026-03-29,229.0,78,6
7112,2026-03-11,644.0,82,7
7113,2026-01-03,756.0,39,8
7114,2026-08-15,594.0,78,3
7115,2026-01-06,275.0,81,8
7116,2026-05-02,784.0,80,3
7117,2026-04-16,605.0,39,7
7118,2026-01-17,588.0,80,8
7119,2026-04-12,23.0,72,8
7120,2026-01-01,801.0,77,9
7121,2026-04-28,703.0,88,5
7122,2026-05-08,573.0,46,5
7123,2026-06-25,872.0,74,10
7124,2026-03-14,283.0,10,7
7125,2026-05-11,822.0,78,4
7126,2026-07-25,868.0,39,9
7127,2026-01-29,474.0,32,7
7128,2026-03-15,532.0,81,8
7129,2026-03-29,409.0,94,4
7130,2026-05-29,828.0,69,9
7131,2026-01-28,300.0,100,7
7132,2026-05-30,29.0,34,9
7133,2026-03-16,11.0,78,6
7134,2026-02-12,826.0,51,9
7135,2026-08-13,335.0,22,1
7136,2026-01-31,168.0,52,1
7137,2026-02-05,41.0,51,8
7138,2026-04-13,567.0,78,5
7139,2026-08-19,19.0,70,1
7140,2026-02-15,548.0,33,5
7141,2026-04-02,107.0,99,9
7142,2026-02-26,570.0,70,1
7143,2026-05-27,195.0,86,9
7144,2026-07-25,338.0,62,1
7145,2026-03-20,565.0,31,9
7146,2026-06-08,755.0,61,10
7147,2026-03-09,567.0,45,2
7148,2026-04-17,15.0,20,4
7149,2026-08-25,808.0,48,8
7150,2026-08-23,49.0,1,1
7151,2026-02-24,696.0,45,1
7152,2026-07-04,779.0,87,7
7153,2026-04-14,607.0,100,2
7154,2026-06-02,661.0,27,6
7155,2026-01-05,397.0,38,6
7156,2026-01-25,268.0,99,9
7157,2026-05-25,846.0,57,4
7158,2026-05-19,443.0,58,5
7159,2026-05-26,515.0,98,1
7160,2026-05-03,670.0,16,1
7161,2026-05-16,166.0,54,8
7162,2026-08-13,32.0,15,1
7163,2026-06-11,438.0,48,4
7164,2026-08-16,49.0,30,2
7165,2026-03-11,311.0,33,5
7166,2026-02-03,610.0,6,10
7167,2026-04-11,281.0,86,8
7168,2026-03-29,573.0,52,7
7169,2026-07-29,169.0,39,6
7170,2026-08-29,387.0,19,1
7171,2026-07-21,120.0,42,3
7172,2026-08-22,626.0,77,6
7173,2026-04-22,141.0,41,8
7174,2026-08-27,787.0,23,7
7175,2026-02-17,128.0,78,3
7176,2026-01-03,242.0,28,6
7177,2026-08-27,451.0,4,5
7178,2026-03-08,315.0,62,8
7179,2026-08-19,311.0,70,7
7180,2026-03-15,382.0,77,6
7181,2026-02-27,448.0,42,10
7182,2026-02-13,869.0,30,2
7183,2026-05-17,321.0,1,4
7184,2026-05-06,993.0,18,2
7185,2026-03-15,747.0,45,6
7186,2026-02-25,171.0,90,2
7187,2026-08-01,58.0,1,10
7188,2026-07-09,404.0,17,4
7189,2026-06-18,970.0,12,3
7190,2026-08-27,952.0,92,2
7191,2026-07-19,243.0,100,8
7192,2026-06-13,649.0,60,3
7193,2026-05-07,436.0,99,3
7194,2026-03-11,658.0,70,9
7195,2026-07-07,633.0,45,4
7196,2026-05-23,730.0,87,6
7197,2026-03-24,333.0,22,9
7198,2026-02-16,685.0,40,10
7199,2026-02-13,144.0,92,6
7200,2026-08-08,104.0,52,6
7201,2026-01-30,336.0,63,9
7202,2026-04-05,87.0,58,10
7203,2026-01-18,345.0,7,1
7204,2026-05-16,372.0,40,1
7205,2026-06-03,265.0,58,2
7206,2026-04-27,276.0,61,5
7207,2026-02-28,654.0,28,6
7208,2026-04-02,305.0,57,3
7209,2026-08-12,750.0,96,9
7210,2026-08-07,115.0,60,5
7211,2026-01-31,595.0,39,6
7212,2026-06-29,471.0,26,10
7213,2026-03-08,868.0,78,5
7214,2026-02-22,342.0,30,1
7215,2026-05-06,548.0,4,9
7216,2026-02-26,128.0,68,4
7217,2026-02-25,86.0,9,7
7218,2026-06-26,246.0,83,4
7219,2026-05-14,187.0,55,10
7220,2026-08-28,526.0,61,1
7221,2026-05-10,911.0,23,9
7222,2026-07-27,70.0,46,9
7223,2026-07-23,492.0,70,3
7224,2026-05-02,10.0,37,4
7225,2026-07-31,446.0,24,9
7226,2026-03-22,321.0,24,2
7227,2026-02-01,709.0,40,8
7228,2026-04-15,852.0,85,6
7229,2026-02-24,747.0,29,6
7230,2026-05-04,52.0,13,9
7231,2026-05-12,885.0,14,10
7232,2026-04-02,703.0,62,7
7233,2026-02-18,286.0,49,5
7234,2026-05-08,753.0,62,2
7235,2026-04-24,956.0,21,7
7236,2026-06-01,603.0,9,7
7237,2026-03-21,215.0,51,4
7238,2026-02-04,620.0,74,10
7239,2026-03-07,645.0,56,7
7240,2026-03-09,54.0,79,6
7241,2026-05-31,600.0,4,10
7242,2026-06-26,115.0,7,1
7243,2026-05-17,568.0,44,10
7244,2026-05-03,592.0,3,4
7245,2026-05-17,853.0,88,4
7246,2026-07-01,168.0,13,6
7247,2026-06-30,554.0,77,2
7248,2026-04-15,298.0,37,9
7249,2026-02-13,400.0,36,5
7250,2026-07-08,796.0,67,9
7251,2026-03-18,770.0,86,10
7252,2026-06-07,597.0,48,8
7253,2026-04-23,575.0,48,3
7254,2026-07-30,337.0,82,8
7255,2026-07-01,357.0,97,10
7256,2026-05-14,969.0,67,3
7257,2026-07-09,863.0,76,2
7258,2026-01-14,147.0,10,3
7259,2026-04-23,474.0,94,10
7260,2026-05-18,677.0,85,10
7261,2026-08-05,840.0,18,2
7262,2026-03-18,554.0,25,9
7263,2026-06-13,930.0,58,10
7264,2026-08-19,474.0,2,2
7265,2026-08-26,769.0,75,6
7266,2026-05-16,938.0,34,5
7267,2026-08-25,831.0,13,6
7268,2026-07-22,814.0,27,5
7269,2026-04-19,779.0,21,8
7270,2026-05-14,536.0,14,7
7271,2026-01-22,744.0,28,3
7272,2026-06-13,215.0,68,1
7273,2026-05-09,771.0,56,6
7274,2026-08-06,117.0,100,9
7275,2026-01-21,252.0,79,10
7276,2026-05-06,82.0,36,9
7277,2026-08-23,591.0,2,6
7278,2026-08-16,756.0,80,1
7279,2026-06-18,646.0,22,10
7280,2026-08-02,456.0,60,2
7281,2026-05-28,380.0,41,1
7282,2026-02-07,883.0,55,9
7283,2026-08-25,600.0,27,7
7284,2026-02-26,92.0,81,6
7285,2026-08-01,763.0,65,6
7286,2026-05-18,773.0,93,1
7287,2026-04-29,788.0,86,1
7288,2026-03-23,130.0,87,4
7289,2026-04-12,765.0,96,1
7290,2026-02-01,590.0,31,2
7291,2026-07-21,82.0,2,10
7292,2026-03-05,129.0,74,9
7293,2026-05-02,138.0,83,5
7294,2026-08-10,358.0,16,6
7295,2026-03-04,44.0,74,7
7296,2026-01-16,336.0,69,9
7297,2026-07-24,877.0,65,2
7298,2026-07-03,44.0,37,2
7299,2026-03-25,901.0,18,1
7300,2026-03-18,732.0,60,4
7301,2026-02-22,72.0,44,7
7302,2026-08-27,509.0,27,9
7303,2026-04-08,144.0,57,7
7304,2026-01-21,707.0,45,4
7305,2026-05-11,411.0,73,10
7306,2026-03-04,362.0,31,4
7307,2026-07-24,62.0,91,10
7308,2026-01-02,558.0,42,6
7309,2026-08-12,93.0,47,7
7310,2026-06-12,462.0,86,5
7311,2026-03-05,667.0,43,2
7312,2026-08-09,841.0,49,7
7313,2026-03-03,500.0,73,10
7314,2026-02-17,356.0,15,6
7315,2026-01-26,298.0,32,7
7316,2026-04-11,44.0,85,10
7317,2026-02-04,933.0,31,9
7318,2026-05-01,187.0,59,8
7319,2026-01-08,558.0,77,3
7320,2026-04-18,420.0,1,7
7321,2026-03-29,303.0,23,4
7322,2026-05-14,387.0,33,2
7323,2026-03-07,837.0,91,2
7324,2026-06-24,79.0,5,7
7325,2026-08-17,639.0,90,2
7326,2026-04-29,650.0,27,6
7327,2026-03-27,894.0,82,9
7328,2026-08-24,420.0,34,5
7329,2026-01-11,987.0,16,6
7330,2026-01-10,686.0,72,4
7331,2026-05-20,139.0,63,1
7332,2026-02-24,271.0,19,1
7333,2026-05-05,214.0,55,7
7334,2026-02-04,894.0,14,9
7335,2026-03-09,693.0,35,5
7336,2026-04-27,542.0,97,2
7337,2026-05-29,607.0,41,4
7338,2026-07-23,949.0,3,4
7339,2026-05-28,589.0,6,7
7340,2026-04-18,412.0,34,8
7341,2026-06-27,642.0,89,10
7342,2026-08-24,584.0,23,1
7343,2026-02-14,550.0,98,9
7344,2026-08-08,962.0,79,5
7345,2026-05-11,784.0,35,8
7346,2026-08-12,773.0,45,6
7347,2026-01-29,852.0,99,4
7348,2026-03-26,767.0,59,9
7349,2026-02-04,127.0,59,8
7350,2026-03-10,22.0,83,4
7351,2026-04-19,983.0,72,9
7352,2026-01-31,776.0,50,2
7353,2026-08-03,795.0,93,5
7354,2026-07-16,208.0,40,1
7355,2026-02-23,516.0,98,10
7356,2026-05-14,520.0,64,2
7357,2026-02-22,482.0,57,9
7358,2026-06-16,985.0,66,6
7359,2026-02-26,220.0,52,4
7360,2026-03-14,461.0,2,8
7361,2026-08-01,97.0,30,5
7362,2026-07-03,620.0,2,1
7363,2026-06-09,965.0,45,2
7364,2026-02-19,846.0,82,9
7365,2026-08-12,993.0,3,7
7366,2026-02-17,131.0,51,9
7367,2026-02-04,271.0,22,6
7368,2026-01-11,70.0,84,5
7369,2026-08-05,884.0,30,3
7370,2026-08-17,626.0,5,2
7371,2026-07-05,462.0,60,6
7372,2026-02-04,275.0,98,1
7373,2026-03-13,21.0,8,2
7374,2026-07-01,707.0,76,8
7375,2026-08-03,103.0,73,5
7376,2026-02-25,278.0,48,3
7377,2026-07-19,861.0,71,4
7378,2026-06-14,61.0,80,2
7379,2026-05-04,317.0,13,10
7380,2026-06-12,148.0,97,3
7381,2026-03-12,975.0,60,9
7382,2026-01-08,748.0,95,10
7383,2026-05-23,155.0,96,8
7384,2026-04-10,887.0,74,5
7385,2026-04-15,188.0,23,4
7386,2026-04-06,508.0,39,2
7387,2026-07-23,190.0,38,3
7388,2026-01-04,853.0,89,5
7389,2026-06-15,177.0,54,4
7390,2026-01-26,547.0,80,2
7391,2026-01-14,198.0,40,1
7392,2026-04-08,442.0,13,9
7393,2026-06-26,221.0,7,7
7394,2026-05-02,153.0,70,1
7395,2026-04-13,712.0,84,8
7396,2026-02-13,957.0,20,1
7397,2026-07-19,33.0,77,1
7398,2026-03-27,401.0,54,4
7399,2026-07-04,72.0,74,3
7400,2026-04-03,420.0,70,4
7401,2026-05-30,11.0,44,1
7402,2026-04-30,620.0,41,8
7403,2026-01-08,99.0,64,1
7404,2026-03-04,342.0,73,3
7405,2026-01-04,818.0,60,1
7406,2026-02-25,473.0,12,10
7407,2026-02-18,671.0,58,1
7408,2026-02-13,96.0,14,3
7409,2026-02-22,833.0,49,9
7410,2026-05-25,762.0,66,1
7411,2026-05-01,671.0,50,2
7412,2026-05-07,191.0,16,3
7413,2026-01-07,324.0,91,5
7414,2026-07-18,762.0,53,5
7415,2026-07-22,508.0,15,2
7416,2026-05-26,561.0,9,3
7417,2026-05-02,466.0,33,1
7418,2026-03-20,417.0,7,4
7419,2026-02-07,778.0,39,4
7420,2026-03-17,189.0,47,3
7421,2026-02-06,664.0,51,2
7422,2026-01-04,351.0,24,3
7423,2026-02-24,277.0,97,10
7424,2026-01-22,978.0,94,3
7425,2026-08-22,598.0,35,1
7426,2026-03-20,817.0,61,8
7427,2026-08-15,385.0,79,3
7428,2026-01-06,691.0,24,4
7429,2026-04-18,324.0,13,6
7430,2026-02-27,482.0,53,3
7431,2026-01-21,618.0,39,8
7432,2026-07-04,25.0,87,9
7433,2026-02-04,971.0,45,5
7434,2026-07-31,599.0,70,6
7435,2026-03-31,392.0,5,2
7436,2026-02-03,109.0,74,2
7437,2026-06-20,328.0,69,2
7438,2026-05-29,175.0,56,2
7439,2026-05-19,776.0,90,7
7440,2026-03-15,822.0,69,10
7441,2026-08-15,262.0,62,7
7442,2026-05-23,811.0,66,7
7443,2026-06-22,130.0,28,7
7444,2026-04-29,61.0,2,7
7445,2026-05-09,276.0,40,9
7446,2026-04-27,25.0,66,5
7447,2026-07-11,449.0,85,4
7448,2026-05-23,579.0,15,2
7449,2026-05-27,503.0,38,1
7450,2026-06-08,134.0,11,10
7451,2026-04-22,45.0,7,5
7452,2026-04-14,755.0,93,10
7453,2026-07-15,956.0,99,9
7454,2026-08-17,403.0,78,4
7455,2026-07-06,854.0,26,3
7456,2026-07-21,236.0,36,6
7457,2026-05-19,523.0,56,5
7458,2026-03-11,968.0,6,8
7459,2026-05-10,121.0,29,3
7460,2026-05-27,421.0,41,9
7461,2026-03-12,192.0,19,7
7462,2026-07-02,173.0,9,1
7463,2026-02-12,762.0,94,4
7464,2026-05-06,888.0,2,3
7465,2026-04-02,2.0,27,6
7466,2026-07-14,3.0,8,4
7467,2026-01-06,562.0,67,1
7468,2026-04-07,813.0,38,4
7469,2026-07-10,465.0,31,7
7470,2026-06-01,627.0,1,2
7471,2026-01-01,534.0,74,9
7472,2026-07-16,93.0,16,10
7473,2026-03-06,416.0,1,2
7474,2026-01-06,978.0,12,10
7475,2026-04-09,772.0,95,10
7476,2026-06-10,841.0,31,3
7477,2026-02-05,207.0,59,8
7478,2026-07-09,690.0,69,10
7479,2026-07-17,745.0,59,10
7480,2026-07-09,46.0,50,10
7481,2026-01-03,815.0,94,9
7482,2026-03-28,557.0,11,5
7483,2026-08-07,436.0,62,9
7484,2026-03-08,251.0,6,7
7485,2026-01-13,944.0,77,1
7486,2026-07-28,528.0,36,10
7487,2026-06-25,256.0,56,4
7488,2026-01-31,741.0,32,2
7489,2026-04-25,952.0,13,2
7490,2026-05-14,326.0,12,2
7491,2026-06-19,569.0,83,10
7492,2026-04-05,338.0,65,5
7493,2026-02-06,986.0,40,10
7494,2026-02-08,194.0,82,1
7495,2026-03-08,71.0,47,1
7496,2026-02-22,781.0,31,6
7497,2026-03-13,421.0,4,7
7498,2026-04-25,385.0,74,6
7499,2026-06-05,257.0,37,10
7500,2026-05-29,884.0,52,5
7501,2026-04-21,152.0,92,8
7502,2026-01-14,60.0,71,2
7503,2026-02-05,903.0,83,5
7504,2026-07-04,830.0,18,1
7505,2026-06-30,933.0,12,9
7506,2026-06-26,156.0,18,9
7507,2026-06-17,526.0,58,4
7508,2026-06-02,992.0,1,5
7509,2026-02-08,145.0,5,7
7510,2026-05-16,513.0,9,6
7511,2026-05-08,706.0,42,5
7512,2026-08-20,479.0,30,3
7513,2026-07-22,653.0,25,6
7514,2026-04-16,164.0,29,5
7515,2026-03-30,18.0,2,8
7516,2026-03-17,164.0,80,2
7517,2026-01-25,974.0,18,9
7518,2026-05-22,110.0,71,6
7519,2026-01-30,961.0,9,7
7520,2026-06-10,806.0,81,3
7521,2026-03-25,579.0,3,6
7522,2026-03-15,118.0,5,7
7523,2026-01-16,617.0,23,8
7524,2026-02-26,271.0,55,1
7525,2026-04-15,56.0,11,1
7526,2026-02-02,249.0,67,9
7527,2026-02-06,89.0,4,8
7528,2026-01-23,206.0,17,3
7529,2026-05-26,71.0,45,7
7530,2026-01-23,31.0,84,3
7531,2026-08-20,970.0,69,5
7532,2026-07-03,12.0,64,6
7533,2026-07-08,446.0,97,7
7534,2026-03-25,979.0,99,4
7535,2026-08-17,320.0,49,5
7536,2026-07-05,994.0,40,1
7537,2026-06-17,916.0,19,3
7538,2026-04-23,225.0,82,7
7539,2026-03-18,846.0,4,7
7540,2026-01-28,91.0,43,10
7541,2026-03-02,375.0,64,1
7542,2026-07-04,988.0,94,4
7543,2026-03-21,866.0,20,8
7544,2026-03-08,359.0,72,4
7545,2026-04-18,503.0,53,2
7546,2026-05-17,168.0,41,3
7547,2026-07-13,768.0,87,2
7548,2026-02-02,685.0,24,8
7549,2026-04-11,4.0,66,8
7550,2026-04-11,721.0,50,7
7551,2026-08-28,955.0,90,6
7552,2026-07-20,976.0,20,7
7553,2026-08-08,283.0,10,3
7554,2026-08-26,901.0,57,10
7555,2026-08-15,873.0,70,7
7556,2026-04-24,877.0,35,9
7557,2026-07-22,301.0,61,10
7558,2026-04-30,679.0,21,2
7559,2026-05-29,655.0,27,1
7560,2026-04-03,38.0,53,1
7561,2026-08-27,826.0,66,2
7562,2026-03-19,580.0,62,9
7563,2026-03-19,129.0,31,3
7564,2026-03-22,832.0,27,5
7565,2026-03-20,315.0,93,1
7566,2026-04-18,561.0,20,7
7567,2026-01-29,89.0,44,3
7568,2026-07-22,864.0,33,7
7569,2026-06-04,168.0,46,6
7570,2026-03-07,805.0,23,10
7571,2026-01-05,676.0,89,7
7572,2026-03-12,659.0,12,5
7573,2026-07-16,104.0,86,2
7574,2026-07-01,505.0,100,10
7575,2026-02-20,564.0,11,9
7576,2026-05-16,475.0,32,3
7577,2026-01-01,240.0,40,7
7578,2026-02-27,694.0,76,6
7579,2026-07-21,513.0,65,5
7580,2026-07-26,742.0,9,3
7581,2026-05-16,284.0,76,9
7582,2026-07-25,550.0,3,7
7583,2026-04-14,266.0,100,7
7584,2026-01-05,868.0,13,6
7585,2026-07-29,45.0,24,2
7586,2026-01-24,835.0,48,3
7587,2026-03-21,673.0,96,4
7588,2026-03-13,822.0,93,2
7589,2026-02-17,884.0,4,4
7590,2026-01-31,53.0,40,7
7591,2026-06-06,435.0,1,9
7592,2026-07-30,509.0,19,4
7593,2026-01-26,395.0,7,9
7594,2026-01-15,168.0,8,4
7595,2026-06-28,108.0,77,4
7596,2026-04-25,848.0,76,9
7597,2026-06-09,935.0,7,10
7598,2026-01-21,827.0,36,2
7599,2026-01-09,215.0,39,1
7600,2026-08-24,833.0,15,8
7601,2026-03-03,769.0,89,2
7602,2026-05-08,604.0,60,2
7603,2026-07-15,425.0,6,9
7604,2026-07-19,906.0,81,2
7605,2026-07-13,906.0,20,7
7606,2026-07-14,701.0,92,6
7607,2026-06-07,740.0,65,1
7608,2026-03-08,596.0,83,2
7609,2026-03-14,842.0,68,8
7610,2026-03-26,944.0,2,6
7611,2026-06-10,79.0,27,2
7612,2026-04-23,229.0,44,6
7613,2026-05-16,724.0,16,3
7614,2026-01-06,945.0,22,8
7615,2026-05-23,693.0,57,9
7616,2026-05-14,483.0,18,1
7617,2026-07-19,614.0,98,8
7618,2026-01-15,480.0,15,4
7619,2026-04-17,437.0,4,2
7620,2026-05-22,114.0,100,9
7621,2026-06-07,1000.0,20,8
7622,2026-02-03,694.0,77,4
7623,2026-08-14,649.0,50,10
7624,2026-03-06,503.0,100,8
7625,2026-01-31,203.0,63,9
7626,2026-03-28,42.0,58,4
7627,2026-08-13,574.0,14,7
7628,2026-08-19,187.0,37,1
7629,2026-05-21,690.0,93,1
7630,2026-07-03,376.0,46,9
7631,2026-04-30,33.0,2,9
7632,2026-02-13,686.0,38,5
7633,2026-02-19,219.0,51,3
7634,2026-02-17,994.0,16,3
7635,2026-04-11,39.0,50,10
7636,2026-06-04,565.0,46,7
7637,2026-08-05,266.0,51,8
7638,2026-06-20,21.0,50,8
7639,2026-07-25,699.0,88,8
7640,2026-04-02,448.0,80,2
7641,2026-06-26,252.0,74,2
7642,2026-08-06,714.0,96,6
7643,2026-08-29,92.0,42,3
7644,2026-01-15,859.0,53,2
7645,2026-08-18,844.0,19,5
7646,2026-04-10,5.0,62,2
7647,2026-08-26,223.0,26,1
7648,2026-04-04,964.0,84,1
7649,2026-05-14,915.0,21,5
7650,2026-03-14,720.0,96,4
7651,2026-06-27,635.0,69,2
7652,2026-08-10,592.0,18,4
7653,2026-03-15,876.0,38,9
7654,2026-05-09,226.0,4,2
7655,2026-01-03,935.0,14,5
7656,2026-07-09,616.0,10,7
7657,2026-07-28,324.0,30,1
7658,2026-01-12,104.0,48,3
7659,2026-08-22,387.0,61,2
7660,2026-07-04,782.0,92,6
7661,2026-05-21,716.0,38,7
7662,2026-04-14,237.0,86,4
7663,2026-08-11,884.0,43,10
7664,2026-03-01,564.0,12,5
7665,2026-01-24,334.0,3,1
7666,2026-07-29,902.0,98,2
7667,2026-03-12,431.0,34,8
7668,2026-07-16,503.0,65,3
7669,2026-07-29,807.0,55,10
7670,2026-08-08,328.0,61,2
7671,2026-03-05,346.0,42,9
7672,2026-07-10,141.0,70,2
7673,2026-07-17,928.0,58,2
7674,2026-08-21,338.0,13,8
7675,2026-02-04,607.0,48,4
7676,2026-07-15,510.0,65,10
7677,2026-01-26,371.0,34,6
7678,2026-02-09,875.0,82,7
7679,2026-01-12,473.0,21,10
7680,2026-02-28,20.0,20,7
7681,2026-03-17,446.0,98,5
7682,2026-07-08,791.0,36,6
7683,2026-04-19,480.0,19,8
7684,2026-01-10,67.0,57,6
7685,2026-01-27,472.0,27,1
7686,2026-01-16,475.0,16,9
7687,2026-04-03,825.0,34,7
7688,2026-07-13,545.0,83,8
7689,2026-07-12,493.0,86,4
7690,2026-07-05,222.0,13,1
7691,2026-05-05,315.0,30,6
7692,2026-05-16,795.0,24,1
7693,2026-08-16,304.0,10,8
7694,2026-08-04,516.0,42,5
7695,2026-06-30,688.0,24,8
7696,2026-04-09,166.0,73,1
7697,2026-02-14,266.0,99,6
7698,2026-07-12,702.0,68,7
7699,2026-04-14,915.0,58,3
7700,2026-02-17,529.0,39,9
7701,2026-01-12,427.0,55,8
7702,2026-03-06,11.0,58,3
7703,2026-06-17,700.0,27,7
7704,2026-02-06,969.0,9,8
7705,2026-08-09,966.0,44,4
7706,2026-02-23,991.0,52,9
7707,2026-05-02,709.0,18,7
7708,2026-04-02,129.0,28,10
7709,2026-08-17,442.0,93,9
7710,2026-05-10,622.0,7,8
7711,2026-04-15,817.0,34,1
7712,2026-05-13,403.0,76,9
7713,2026-06-23,181.0,8,4
7714,2026-06-27,799.0,48,6
7715,2026-07-19,266.0,1,4
7716,2026-03-30,704.0,68,1
7717,2026-08-02,791.0,19,10
7718,2026-05-02,592.0,54,4
7719,2026-07-10,980.0,42,2
7720,2026-06-02,440.0,33,8
7721,2026-07-18,322.0,25,1
7722,2026-06-24,422.0,58,6
7723,2026-01-15,513.0,77,8
7724,2026-08-14,512.0,91,8
7725,2026-03-28,261.0,21,6
7726,2026-04-22,601.0,91,2
7727,2026-08-09,248.0,68,1
7728,2026-03-08,866.0,24,3
7729,2026-05-03,881.0,52,4
7730,2026-07-11,467.0,94,3
7731,2026-02-22,62.0,91,3
7732,2026-02-15,967.0,83,3
7733,2026-02-07,106.0,14,8
7734,2026-07-14,856.0,60,2
7735,2026-08-01,667.0,63,6
7736,2026-04-20,124.0,63,10
7737,2026-01-28,169.0,8,7
7738,2026-07-19,162.0,79,5
7739,2026-08-15,381.0,15,9
7740,2026-03-15,858.0,71,5
7741,2026-04-14,567.0,30,10
7742,2026-01-09,180.0,14,6
7743,2026-08-02,979.0,75,7
7744,2026-01-03,599.0,23,4
7745,2026-02-17,921.0,24,1
7746,2026-07-11,985.0,73,7
7747,2026-07-23,15.0,13,9
7748,2026-08-16,189.0,87,5
7749,2026-04-12,508.0,10,5
7750,2026-01-16,560.0,4,7
7751,2026-08-11,462.0,60,2
7752,2026-08-15,944.0,28,1
7753,2026-07-26,410.0,25,2
7754,2026-04-25,910.0,44,1
7755,2026-06-25,964.0,5,1
7756,2026-03-16,204.0,27,10
7757,2026-02-17,856.0,59,7
7758,2026-02-16,939.0,36,5
7759,2026-04-07,230.0,15,10
7760,2026-08-09,164.0,73,8
7761,2026-03-13,444.0,31,8
7762,2026-08-23,6.0,70,9
7763,2026-02-26,34.0,95,10
7764,2026-04-12,267.0,8,6
7765,2026-02-10,631.0,94,6
7766,2026-06-06,333.0,14,9
7767,2026-06-28,225.0,95,10
7768,2026-06-04,131.0,60,4
7769,2026-06-29,777.0,64,3
7770,2026-02-16,882.0,12,9
7771,2026-02-10,121.0,50,10
7772,2026-02-26,668.0,7,6
7773,2026-03-18,837.0,55,10
7774,2026-01-16,851.0,56,3
7775,2026-07-03,464.0,51,7
7776,2026-06-15,844.0,22,6
7777,2026-04-27,567.0,83,3
7778,2026-03-19,211.0,76,6
7779,2026-05-06,639.0,96,5
7780,2026-06-10,383.0,3,10
7781,2026-04-26,518.0,70,1
7782,2026-04-22,836.0,1,5
7783,2026-04-18,373.0,97,8
7784,2026-04-16,174.0,6,1
7785,2026-05-20,682.0,92,1
7786,2026-08-25,579.0,22,2
7787,2026-06-02,170.0,24,1
7788,2026-07-17,926.0,48,2
7789,2026-07-18,904.0,31,5
7790,2026-06-08,287.0,34,1
7791,2026-05-19,936.0,5,10
7792,2026-05-30,178.0,21,4
7793,2026-03-31,254.0,27,4
7794,2026-02-14,981.0,22,1
7795,2026-03-04,69.0,6,6
7796,2026-02-09,928.0,84,6
7797,2026-07-26,353.0,8,6
7798,2026-01-30,906.0,94,10
7799,2026-02-27,291.0,43,6
7800,2026-07-23,232.0,52,1
7801,2026-05-29,833.0,71,9
7802,2026-07-26,292.0,89,9
7803,2026-07-20,639.0,25,4
7804,2026-07-13,198.0,21,4
7805,2026-03-17,404.0,21,4
7806,2026-06-01,136.0,1,7
7807,2026-07-27,28.0,45,9
7808,2026-05-25,661.0,30,9
7809,2026-02-01,852.0,35,3
7810,2026-07-12,93.0,21,5
7811,2026-08-14,59.0,57,10
7812,2026-07-19,770.0,77,6
7813,2026-04-11,930.0,79,6
7814,2026-06-03,138.0,8,10
7815,2026-01-31,249.0,64,3
7816,2026-04-13,78.0,62,4
7817,2026-04-28,603.0,48,5
7818,2026-03-13,68.0,2,3
7819,2026-04-09,610.0,100,3
7820,2026-08-10,657.0,12,5
7821,2026-05-25,924.0,58,4
7822,2026-03-29,816.0,13,10
7823,2026-05-31,186.0,51,3
7824,2026-04-25,720.0,30,2
7825,2026-01-26,382.0,30,8
7826,2026-07-04,132.0,55,7
7827,2026-08-07,485.0,41,5
7828,2026-02-08,645.0,52,9
7829,2026-03-06,106.0,19,7
7830,2026-06-29,912.0,80,1
7831,2026-04-19,460.0,99,2
7832,2026-02-28,5.0,74,1
7833,2026-06-01,676.0,95,3
7834,2026-08-14,925.0,35,9
7835,2026-03-22,277.0,8,3
7836,2026-02-18,723.0,14,3
7837,2026-01-17,708.0,30,6
7838,2026-08-09,364.0,2,6
7839,2026-03-23,278.0,27,2
7840,2026-07-04,103.0,75,3
7841,2026-06-13,307.0,31,2
7842,2026-06-20,530.0,57,1
7843,2026-05-05,473.0,82,10
7844,2026-02-05,478.0,78,5
7845,2026-02-02,710.0,95,6
7846,2026-03-06,158.0,12,3
7847,2026-05-09,242.0,91,9
7848,2026-07-29,644.0,87,5
7849,2026-03-24,811.0,15,9
7850,2026-06-01,754.0,1,3
7851,2026-03-19,495.0,64,9
7852,2026-01-11,505.0,82,7
7853,2026-04-08,204.0,27,10
7854,2026-08-14,776.0,22,4
7855,2026-05-31,572.0,56,10
7856,2026-04-01,367.0,80,2
7857,2026-01-15,349.0,60,3
7858,2026-07-03,682.0,38,9
7859,2026-04-21,59.0,67,5
7860,2026-03-27,805.0,46,9
7861,2026-07-08,544.0,25,9
7862,2026-08-01,176.0,100,9
7863,2026-03-24,728.0,62,7
7864,2026-02-04,808.0,23,7
7865,2026-01-05,273.0,51,9
7866,2026-05-04,675.0,75,3
7867,2026-07-19,372.0,40,3
7868,2026-08-25,883.0,100,4
7869,2026-06-13,755.0,48,6
7870,2026-01-21,402.0,22,10
7871,2026-05-23,177.0,24,3
7872,2026-08-11,9.0,97,6
7873,2026-01-28,188.0,46,9
7874,2026-07-06,173.0,97,7
7875,2026-08-15,458.0,23,5
7876,2026-05-22,194.0,76,7
7877,2026-07-14,902.0,24,5
7878,2026-06-15,93.0,22,1
7879,2026-07-22,252.0,36,3
7880,2026-01-23,584.0,74,5
7881,2026-02-14,12.0,2,10
7882,2026-06-05,404.0,22,7
7883,2026-08-01,41.0,18,8
7884,2026-04-15,1.0,34,7
7885,2026-08-24,848.0,7,6
7886,2026-05-29,441.0,25,6
7887,2026-02-17,489.0,37,2
7888,2026-06-15,20.0,92,1
7889,2026-03-01,77.0,7,10
7890,2026-07-08,589.0,29,2
7891,2026-03-04,782.0,26,6
7892,2026-05-18,182.0,18,10
7893,2026-02-11,857.0,60,5
7894,2026-01-24,973.0,76,2
7895,2026-02-26,873.0,1,7
7896,2026-06-27,430.0,3,1
7897,2026-08-27,148.0,60,9
7898,2026-05-05,329.0,52,1
7899,2026-03-13,114.0,88,7
7900,2026-07-11,851.0,8,7
7901,2026-05-02,892.0,17,7
7902,2026-04-11,224.0,91,5
7903,2026-05-15,11.0,2,6
7904,2026-05-27,234.0,60,6
7905,2026-02-14,278.0,55,4
7906,2026-01-24,846.0,55,8
7907,2026-06-18,878.0,29,3
7908,2026-06-22,211.0,26,2
7909,2026-07-21,118.0,2,7
7910,2026-06-14,266.0,37,10
7911,2026-07-02,989.0,56,2
7912,2026-03-18,962.0,26,3
7913,2026-07-03,399.0,45,2
7914,2026-03-12,120.0,96,5
7915,2026-02-20,183.0,60,8
7916,2026-05-01,536.0,47,7
7917,2026-05-03,916.0,97,7
7918,2026-01-09,880.0,89,7
7919,2026-02-23,619.0,38,5
7920,2026-02-16,999.0,6,10
7921,2026-07-29,902.0,55,5
7922,2026-07-27,485.0,42,2
7923,2026-08-08,103.0,66,6
7924,2026-05-21,21.0,12,8
7925,2026-08-02,635.0,79,8
7926,2026-05-25,177.0,39,4
7927,2026-06-28,43.0,22,3
7928,2026-03-15,225.0,57,9
7929,2026-03-20,791.0,35,5
7930,2026-01-20,173.0,29,8
7931,2026-03-10,439.0,100,6
7932,2026-03-27,514.0,50,4
7933,2026-05-27,460.0,73,5
7934,2026-07-14,170.0,46,1
7935,2026-08-12,792.0,69,5
7936,2026-04-05,388.0,98,4
7937,2026-02-05,573.0,73,7
7938,2026-01-11,705.0,60,5
7939,2026-02-14,529.0,56,4
7940,2026-07-07,65.0,84,5
7941,2026-01-04,610.0,44,1
7942,2026-02-28,896.0,44,9
7943,2026-06-10,494.0,95,6
7944,2026-03-10,94.0,51,3
7945,2026-07-05,241.0,42,5
7946,2026-07-19,618.0,3,10
7947,2026-08-02,596.0,100,1
7948,2026-02-26,547.0,10,8
7949,2026-03-09,52.0,40,7
7950,2026-05-06,755.0,13,7
7951,2026-03-17,467.0,65,4
7952,2026-08-21,269.0,36,9
7953,2026-02-24,53.0,51,8
7954,2026-07-06,85.0,70,7
7955,2026-07-12,864.0,84,8
7956,2026-08-08,900.0,54,6
7957,2026-03-07,870.0,60,7
7958,2026-02-03,774.0,30,7
7959,2026-04-14,947.0,9,9
7960,2026-04-05,904.0,89,5
7961,2026-01-23,382.0,67,9
7962,2026-07-11,585.0,5,10
7963,2026-08-29,153.0,58,1
7964,2026-05-02,591.0,15,3
7965,2026-01-03,316.0,43,9
7966,2026-01-11,666.0,72,8
7967,2026-04-09,298.0,31,1
7968,2026-04-04,771.0,55,7
7969,2026-01-09,922.0,5,6
7970,2026-02-28,455.0,35,4
7971,2026-08-23,607.0,66,7
7972,2026-03-04,28.0,51,4
7973,2026-05-04,682.0,28,8
7974,2026-01-06,483.0,90,7
7975,2026-07-22,562.0,18,2
7976,2026-02-16,431.0,53,3
7977,2026-08-16,934.0,74,8
7978,2026-06-14,795.0,11,5
7979,2026-06-07,790.0,66,1
7980,2026-04-26,663.0,65,9
7981,2026-04-21,224.0,65,6
7982,2026-07-14,693.0,77,6
7983,2026-07-26,397.0,61,1
7984,2026-07-12,587.0,54,4
7985,2026-02-22,697.0,22,5
7986,2026-06-28,711.0,80,9
7987,2026-08-11,775.0,62,9
7988,2026-04-13,760.0,41,1
7989,2026-07-24,869.0,3,6
7990,2026-08-05,585.0,18,5
7991,2026-02-05,712.0,59,2
7992,2026-01-16,664.0,72,5
7993,2026-04-19,559.0,52,2
7994,2026-06-24,31.0,53,8
7995,2026-04-11,192.0,8,4
7996,2026-07-15,412.0,98,2
7997,2026-02-11,954.0,87,10
7998,2026-08-18,486.0,25,1
7999,2026-07-27,596.0,23,10
8000,2026-07-16,860.0,79,9
8001,2026-01-21,836.0,69,10
8002,2026-08-27,503.0,16,3
8003,2026-05-24,429.0,90,3
8004,2026-03-24,792.0,30,4
8005,2026-04-29,469.0,95,2
8006,2026-08-23,547.0,55,1
8007,2026-07-30,626.0,34,5
8008,2026-02-13,602.0,38,7
8009,2026-02-10,212.0,92,1
8010,2026-06-28,549.0,88,10
8011,2026-06-20,996.0,12,4
8012,2026-06-22,981.0,42,4
8013,2026-03-19,709.0,3,10
8014,2026-01-29,368.0,100,5
8015,2026-05-25,429.0,58,10
8016,2026-01-07,614.0,23,7
8017,2026-01-17,349.0,69,10
8018,2026-04-23,3.0,48,4
8019,2026-03-08,544.0,21,10
8020,2026-03-11,575.0,66,4
8021,2026-07-10,675.0,32,5
8022,2026-07-27,715.0,19,1
8023,2026-07-20,478.0,93,2
8024,2026-05-18,425.0,61,2
8025,2026-05-09,396.0,82,1
8026,2026-04-07,680.0,29,5
8027,2026-06-23,352.0,83,2
8028,2026-05-16,885.0,97,10
8029,2026-07-14,106.0,49,1
8030,2026-06-16,904.0,99,5
8031,2026-05-29,923.0,84,3
8032,2026-05-11,337.0,1,2
8033,2026-02-21,794.0,6,8
8034,2026-01-30,56.0,77,8
8035,2026-02-09,646.0,39,7
8036,2026-01-11,901.0,7,8
8037,2026-02-22,526.0,81,1
8038,2026-05-19,531.0,82,1
8039,2026-08-18,466.0,21,2
8040,2026-04-13,542.0,22,3
8041,2026-06-03,564.0,23,7
8042,2026-06-16,853.0,39,5
8043,2026-08-04,335.0,97,9
8044,2026-01-08,469.0,19,1
8045,2026-05-13,676.0,75,9
8046,2026-03-28,189.0,83,10
8047,2026-06-15,647.0,36,8
8048,2026-01-23,430.0,70,2
8049,2026-01-01,960.0,76,7
8050,2026-06-25,737.0,77,2
8051,2026-08-15,880.0,15,7
8052,2026-02-13,416.0,51,8
8053,2026-02-03,571.0,5,1
8054,2026-05-16,861.0,3,3
8055,2026-03-03,123.0,59,10
8056,2026-01-15,945.0,54,3
8057,2026-02-19,288.0,35,5
8058,2026-02-25,823.0,77,6
8059,2026-04-08,658.0,33,3
8060,2026-03-27,697.0,63,9
8061,2026-08-19,84.0,23,1
8062,2026-01-03,830.0,85,5
8063,2026-08-27,306.0,21,3
8064,2026-06-18,221.0,53,6
8065,2026-06-02,600.0,12,1
8066,2026-08-29,980.0,29,3
8067,2026-04-28,255.0,2,6
8068,2026-02-16,932.0,35,9
8069,2026-05-26,415.0,91,8
8070,2026-01-16,625.0,49,4
8071,2026-06-16,1.0,17,8
8072,2026-08-24,249.0,49,5
8073,2026-03-23,865.0,98,3
8074,2026-08-17,44.0,46,5
8075,2026-04-01,716.0,98,4
8076,2026-04-19,514.0,97,5
8077,2026-01-21,835.0,57,9
8078,2026-07-22,798.0,36,6
8079,2026-06-23,995.0,32,1
8080,2026-08-12,847.0,90,7
8081,2026-03-11,560.0,19,9
8082,2026-01-31,896.0,92,6
8083,2026-05-26,511.0,32,8
8084,2026-05-13,284.0,92,6
8085,2026-04-13,156.0,26,7
8086,2026-02-02,439.0,5,4
8087,2026-04-08,827.0,60,7
8088,2026-06-04,994.0,68,10
8089,2026-04-15,600.0,10,5
8090,2026-02-03,596.0,40,6
8091,2026-05-26,992.0,86,8
8092,2026-08-20,139.0,96,3
8093,2026-01-13,191.0,78,5
8094,2026-05-15,189.0,22,7
8095,2026-04-16,635.0,17,10
8096,2026-01-03,427.0,51,7
8097,2026-01-19,972.0,73,8
8098,2026-05-30,182.0,25,7
8099,2026-08-17,387.0,79,6
8100,2026-06-01,674.0,20,10
8101,2026-05-31,811.0,94,10
8102,2026-05-21,221.0,42,4
8103,2026-07-12,753.0,62,9
8104,2026-08-10,570.0,66,7
8105,2026-04-29,462.0,79,8
8106,2026-02-17,939.0,100,6
8107,2026-04-22,309.0,16,1
8108,2026-03-05,538.0,23,5
8109,2026-01-13,971.0,33,9
8110,2026-08-18,833.0,32,10
8111,2026-01-25,205.0,78,6
8112,2026-05-16,1000.0,98,4
8113,2026-06-03,159.0,17,2
8114,2026-04-14,31.0,1,1
8115,2026-08-18,297.0,39,2
8116,2026-01-13,953.0,52,8
8117,2026-02-07,742.0,96,10
8118,2026-01-18,759.0,84,5
8119,2026-06-19,874.0,5,4
8120,2026-08-11,749.0,73,5
8121,2026-01-19,308.0,16,4
8122,2026-01-05,529.0,74,4
8123,2026-05-07,156.0,82,6
8124,2026-08-04,482.0,17,9
8125,2026-01-09,628.0,70,10
8126,2026-04-22,853.0,86,6
8127,2026-04-09,164.0,96,5
8128,2026-07-21,304.0,2,3
8129,2026-03-26,993.0,91,10
8130,2026-06-16,57.0,67,3
8131,2026-02-16,345.0,30,4
8132,2026-01-08,955.0,63,10
8133,2026-04-20,624.0,14,7
8134,2026-06-09,573.0,80,5
8135,2026-04-13,938.0,73,3
8136,2026-08-29,944.0,5,9
8137,2026-06-16,412.0,69,6
8138,2026-02-03,88.0,61,1
8139,2026-06-18,252.0,81,6
8140,2026-08-28,460.0,79,1
8141,2026-04-15,103.0,68,7
8142,2026-04-21,342.0,62,10
8143,2026-02-09,870.0,1,5
8144,2026-03-21,815.0,40,4
8145,2026-05-06,124.0,91,5
8146,2026-02-11,231.0,10,6
8147,2026-06-18,494.0,85,4
8148,2026-06-08,871.0,52,6
8149,2026-01-25,54.0,64,1
8150,2026-05-06,202.0,83,8
8151,2026-02-13,509.0,45,2
8152,2026-01-16,430.0,12,4
8153,2026-07-13,781.0,85,10
8154,2026-02-15,151.0,89,1
8155,2026-03-27,763.0,75,10
8156,2026-06-02,605.0,26,2
8157,2026-05-13,199.0,27,8
8158,2026-04-28,195.0,39,1
8159,2026-07-07,830.0,38,3
8160,2026-08-07,282.0,58,5
8161,2026-03-15,624.0,1,9
8162,2026-07-19,506.0,56,5
8163,2026-01-07,768.0,69,8
8164,2026-04-17,794.0,29,3
8165,2026-03-22,946.0,1,2
8166,2026-06-27,424.0,42,8
8167,2026-01-20,74.0,61,10
8168,2026-06-11,941.0,89,1
8169,2026-05-23,92.0,62,6
8170,2026-06-27,985.0,85,4
8171,2026-02-12,608.0,45,9
8172,2026-01-21,361.0,50,5
8173,2026-02-19,38.0,78,5
8174,2026-07-28,572.0,46,2
8175,2026-05-11,353.0,45,1
8176,2026-05-20,747.0,95,2
8177,2026-07-26,329.0,58,2
8178,2026-03-08,736.0,80,5
8179,2026-04-11,255.0,78,6
8180,2026-06-20,944.0,51,2
8181,2026-01-13,841.0,61,8
8182,2026-01-01,292.0,2,1
8183,2026-05-31,914.0,2,4
8184,2026-07-03,327.0,40,5
8185,2026-01-31,283.0,3,9
8186,2026-07-14,619.0,92,4
8187,2026-05-20,183.0,11,3
8188,2026-07-25,25.0,88,9
8189,2026-02-23,392.0,51,10
8190,2026-07-16,786.0,95,3
8191,2026-07-07,245.0,66,1
8192,2026-04-06,568.0,52,9
8193,2026-06-25,644.0,89,5
8194,2026-07-10,676.0,57,1
8195,2026-05-17,13.0,20,9
8196,2026-04-11,162.0,78,6
8197,2026-06-28,93.0,49,6
8198,2026-03-14,727.0,77,7
8199,2026-02-22,740.0,31,4
8200,2026-03-29,136.0,26,7
8201,2026-01-15,620.0,60,4
8202,2026-03-18,871.0,3,5
8203,2026-05-09,922.0,7,9
8204,2026-07-15,500.0,6,7
8205,2026-05-10,572.0,62,10
8206,2026-01-11,173.0,6,10
8207,2026-06-23,614.0,90,2
8208,2026-06-07,554.0,93,2
8209,2026-07-30,887.0,29,5
8210,2026-01-21,205.0,88,2
8211,2026-08-08,831.0,50,3
8212,2026-04-07,99.0,43,2
8213,2026-05-18,567.0,44,5
8214,2026-05-24,352.0,21,1
8215,2026-07-24,247.0,24,7
8216,2026-06-18,115.0,77,2
8217,2026-06-17,34.0,38,7
8218,2026-04-27,151.0,3,3
8219,2026-03-22,616.0,61,4
8220,2026-06-23,488.0,62,1
8221,2026-03-11,729.0,36,6
8222,2026-03-17,744.0,90,8
8223,2026-07-22,885.0,69,1
8224,2026-06-23,941.0,82,3
8225,2026-08-18,82.0,57,4
8226,2026-07-12,297.0,50,2
8227,2026-07-10,843.0,80,2
8228,2026-05-27,747.0,32,6
8229,2026-05-28,432.0,63,5
8230,2026-07-25,418.0,17,7
8231,2026-08-12,185.0,32,7
8232,2026-03-25,385.0,1,10
8233,2026-04-04,1000.0,2,4
8234,2026-02-05,76.0,95,7
8235,2026-05-17,17.0,17,5
8236,2026-04-06,833.0,72,8
8237,2026-08-21,7.0,28,8
8238,2026-08-21,530.0,52,7
8239,2026-01-13,951.0,7,6
8240,2026-04-11,43.0,51,4
8241,2026-04-12,445.0,2,4
8242,2026-04-05,133.0,94,1
8243,2026-05-16,663.0,82,2
8244,2026-04-20,858.0,2,5
8245,2026-06-09,602.0,16,9
8246,2026-01-03,601.0,6,4
8247,2026-06-01,169.0,8,2
8248,2026-07-26,655.0,4,4
8249,2026-02-06,139.0,3,6
8250,2026-06-05,348.0,21,5
8251,2026-06-26,786.0,59,4
8252,2026-07-13,583.0,60,6
8253,2026-06-28,376.0,30,10
8254,2026-08-08,589.0,84,2
8255,2026-07-31,993.0,51,3
8256,2026-01-11,639.0,92,1
8257,2026-05-17,45.0,18,7
8258,2026-08-09,358.0,64,8
8259,2026-08-28,678.0,42,5
8260,2026-03-07,646.0,76,5
8261,2026-02-05,327.0,37,1
8262,2026-07-11,986.0,78,9
8263,2026-03-14,948.0,43,5
8264,2026-02-27,93.0,16,9
8265,2026-05-23,646.0,72,1
8266,2026-01-31,610.0,50,9
8267,2026-03-31,543.0,28,6
8268,2026-03-14,781.0,43,5
8269,2026-04-12,161.0,22,7
8270,2026-06-02,153.0,16,6
8271,2026-05-07,507.0,7,10
8272,2026-03-22,390.0,2,7
8273,2026-03-02,106.0,54,7
8274,2026-08-04,318.0,70,3
8275,2026-04-19,459.0,2,1
8276,2026-03-17,885.0,82,8
8277,2026-02-09,924.0,52,7
8278,2026-01-05,202.0,46,3
8279,2026-07-24,375.0,65,2
8280,2026-04-04,73.0,48,1
8281,2026-02-20,70.0,57,1
8282,2026-02-28,434.0,64,2
8283,2026-07-27,324.0,55,2
8284,2026-01-14,540.0,57,6
8285,2026-05-27,383.0,17,1
8286,2026-02-15,310.0,10,5
8287,2026-02-23,605.0,42,4
8288,2026-03-20,581.0,34,8
8289,2026-01-15,992.0,34,7
8290,2026-07-07,219.0,13,6
8291,2026-06-24,712.0,60,6
8292,2026-05-30,327.0,93,1
8293,2026-04-28,587.0,95,2
8294,2026-01-21,653.0,74,9
8295,2026-05-17,446.0,96,7
8296,2026-08-28,868.0,92,5
8297,2026-04-14,220.0,55,10
8298,2026-03-26,907.0,16,7
8299,2026-05-22,200.0,42,4
8300,2026-07-02,507.0,34,10
8301,2026-06-10,472.0,51,9
8302,2026-05-21,384.0,88,1
8303,2026-04-30,791.0,24,1
8304,2026-03-04,868.0,61,8
8305,2026-07-25,556.0,34,2
8306,2026-03-04,826.0,83,1
8307,2026-01-26,191.0,21,10
8308,2026-01-07,369.0,56,10
8309,2026-05-06,223.0,25,4
8310,2026-08-06,707.0,91,3
8311,2026-06-04,218.0,88,8
8312,2026-02-04,580.0,52,4
8313,2026-03-16,41.0,24,5
8314,2026-08-11,944.0,18,9
8315,2026-03-24,782.0,21,4
8316,2026-07-28,958.0,59,7
8317,2026-04-07,881.0,76,10
8318,2026-06-17,265.0,22,3
8319,2026-04-23,941.0,31,8
8320,2026-06-09,230.0,93,3
8321,2026-05-17,668.0,19,6
8322,2026-01-12,245.0,88,3
8323,2026-02-16,590.0,13,1
8324,2026-03-06,67.0,55,1
8325,2026-06-07,234.0,98,4
8326,2026-07-24,529.0,36,3
8327,2026-03-17,218.0,39,3
8328,2026-05-07,620.0,76,2
8329,2026-05-15,911.0,78,3
8330,2026-01-03,340.0,42,8
8331,2026-08-09,337.0,35,2
8332,2026-06-26,130.0,50,6
8333,2026-01-15,332.0,56,8
8334,2026-05-26,638.0,9,10
8335,2026-02-21,983.0,29,9
8336,2026-02-01,4.0,92,1
8337,2026-08-02,808.0,37,7
8338,2026-03-04,690.0,20,4
8339,2026-02-17,641.0,93,7
8340,2026-07-19,936.0,17,3
8341,2026-05-07,479.0,60,8
8342,2026-02-25,962.0,10,4
8343,2026-04-17,717.0,5,9
8344,2026-04-12,951.0,39,7
8345,2026-07-06,29.0,57,8
8346,2026-01-01,572.0,47,4
8347,2026-01-14,388.0,5,4
8348,2026-03-27,321.0,22,10
8349,2026-06-09,816.0,39,9
8350,2026-02-04,87.0,94,5
8351,2026-07-30,656.0,61,1
8352,2026-07-22,746.0,7,5
8353,2026-02-03,277.0,3,8
8354,2026-06-22,485.0,98,7
8355,2026-04-04,172.0,55,9
8356,2026-04-27,142.0,48,7
8357,2026-05-26,863.0,56,1
8358,2026-08-01,15.0,6,3
8359,2026-03-04,196.0,66,7
8360,2026-06-19,650.0,52,6
8361,2026-08-15,969.0,53,5
8362,2026-07-06,290.0,74,2
8363,2026-04-25,323.0,77,5
8364,2026-05-05,214.0,14,10
8365,2026-05-14,602.0,90,4
8366,2026-07-17,696.0,63,10
8367,2026-07-11,859.0,70,10
8368,2026-07-01,863.0,77,5
8369,2026-07-22,264.0,77,2
8370,2026-08-22,438.0,5,9
8371,2026-05-31,911.0,41,10
8372,2026-07-28,15.0,37,6
8373,2026-06-02,147.0,54,4
8374,2026-07-18,304.0,28,7
8375,2026-02-02,764.0,29,3
8376,2026-06-01,915.0,49,5
8377,2026-01-26,104.0,21,3
8378,2026-07-03,600.0,91,9
8379,2026-08-28,825.0,84,9
8380,2026-01-20,338.0,79,2
8381,2026-03-15,956.0,44,9
8382,2026-02-28,17.0,1,5
8383,2026-06-29,187.0,88,2
8384,2026-04-26,760.0,90,7
8385,2026-08-24,141.0,25,3
8386,2026-07-29,996.0,68,10
8387,2026-06-30,962.0,64,5
8388,2026-03-18,847.0,82,3
8389,2026-02-11,408.0,92,6
8390,2026-04-29,713.0,63,9
8391,2026-01-17,793.0,65,9
8392,2026-05-15,931.0,17,3
8393,2026-02-22,539.0,83,8
8394,2026-05-20,60.0,43,8
8395,2026-06-18,996.0,38,9
8396,2026-01-18,535.0,7,7
8397,2026-04-09,749.0,26,2
8398,2026-06-28,590.0,83,5
8399,2026-04-05,314.0,60,7
8400,2026-07-11,614.0,69,10
8401,2026-08-11,401.0,4,5
8402,2026-07-12,528.0,55,6
8403,2026-06-25,639.0,35,8
8404,2026-05-26,198.0,87,7
8405,2026-05-19,995.0,1,4
8406,2026-08-08,879.0,57,10
8407,2026-02-09,405.0,16,4
8408,2026-01-13,61.0,74,9
8409,2026-08-14,428.0,11,3
8410,2026-04-09,136.0,1,7
8411,2026-01-26,331.0,46,7
8412,2026-08-19,751.0,58,6
8413,2026-06-25,417.0,36,9
8414,2026-03-26,682.0,67,8
8415,2026-04-13,336.0,97,6
8416,2026-07-14,910.0,64,6
8417,2026-04-01,990.0,23,2
8418,2026-03-07,442.0,36,8
8419,2026-01-02,54.0,50,1
8420,2026-05-15,346.0,67,8
8421,2026-07-21,828.0,68,7
8422,2026-08-08,299.0,88,3
8423,2026-01-15,74.0,54,6
8424,2026-04-08,262.0,42,6
8425,2026-01-28,180.0,33,3
8426,2026-08-09,267.0,9,5
8427,2026-07-17,603.0,79,9
8428,2026-05-01,6.0,19,5
8429,2026-07-25,207.0,68,4
8430,2026-04-15,437.0,3,9
8431,2026-05-12,857.0,41,4
8432,2026-07-30,889.0,6,8
8433,2026-07-06,464.0,3,2
8434,2026-03-04,199.0,6,7
8435,2026-08-14,306.0,35,10
8436,2026-02-09,525.0,83,4
8437,2026-04-16,178.0,6,1
8438,2026-07-24,749.0,7,6
8439,2026-05-19,754.0,69,10
8440,2026-02-27,624.0,100,1
8441,2026-08-12,765.0,9,5
8442,2026-02-24,685.0,75,5
8443,2026-01-04,789.0,56,10
8444,2026-06-13,844.0,78,2
8445,2026-05-02,497.0,74,10
8446,2026-08-13,139.0,35,8
8447,2026-03-28,569.0,35,3
8448,2026-01-29,372.0,50,4
8449,2026-06-06,540.0,2,5
8450,2026-03-18,937.0,6,6
8451,2026-04-29,363.0,97,4
8452,2026-07-17,770.0,89,7
8453,2026-05-06,522.0,2,5
8454,2026-05-27,511.0,82,6
8455,2026-06-13,587.0,33,4
8456,2026-06-23,910.0,44,1
8457,2026-05-30,47.0,18,9
8458,2026-06-18,2.0,22,7
8459,2026-07-03,257.0,35,10
8460,2026-02-07,821.0,30,1
8461,2026-01-24,934.0,68,6
8462,2026-06-03,341.0,67,3
8463,2026-03-13,862.0,3,10
8464,2026-04-30,865.0,40,4
8465,2026-02-09,233.0,13,1
8466,2026-05-25,681.0,59,8
8467,2026-05-01,546.0,56,5
8468,2026-04-28,625.0,47,6
8469,2026-01-30,69.0,66,5
8470,2026-08-19,756.0,35,7
8471,2026-08-21,739.0,21,9
8472,2026-02-21,513.0,67,1
8473,2026-07-13,860.0,78,3
8474,2026-03-23,895.0,51,9
8475,2026-06-28,826.0,36,9
8476,2026-01-28,431.0,21,10
8477,2026-03-04,173.0,55,4
8478,2026-01-08,740.0,71,6
8479,2026-04-07,775.0,36,10
8480,2026-02-12,431.0,62,8
8481,2026-03-16,215.0,13,9
8482,2026-08-06,198.0,90,8
8483,2026-01-01,413.0,24,7
8484,2026-08-04,219.0,85,10
8485,2026-06-14,381.0,12,2
8486,2026-07-27,946.0,98,9
8487,2026-01-24,554.0,65,8
8488,2026-02-08,798.0,19,5
8489,2026-08-15,844.0,47,7
8490,2026-07-30,577.0,40,6
8491,2026-04-17,562.0,76,10
8492,2026-08-03,956.0,54,1
8493,2026-08-26,242.0,18,3
8494,2026-04-28,226.0,84,3
8495,2026-05-02,462.0,80,2
8496,2026-05-09,28.0,20,10
8497,2026-08-15,234.0,61,3
8498,2026-06-23,58.0,5,10
8499,2026-07-01,324.0,35,7
8500,2026-08-12,643.0,82,9
8501,2026-04-25,688.0,71,1
8502,2026-03-13,458.0,75,8
8503,2026-03-24,73.0,81,5
8504,2026-07-22,431.0,64,8
8505,2026-03-22,208.0,76,6
8506,2026-05-15,839.0,70,2
8507,2026-05-19,702.0,6,10
8508,2026-08-04,767.0,27,8
8509,2026-04-29,68.0,46,9
8510,2026-05-30,329.0,64,2
8511,2026-06-04,572.0,75,1
8512,2026-03-19,523.0,78,6
8513,2026-07-15,172.0,52,7
8514,2026-07-31,216.0,65,9
8515,2026-03-09,525.0,57,9
8516,2026-04-16,538.0,3,4
8517,2026-08-09,983.0,3,3
8518,2026-06-25,409.0,11,8
8519,2026-02-08,608.0,52,4
8520,2026-06-24,185.0,15,2
8521,2026-08-28,29.0,81,10
8522,2026-08-06,756.0,12,6
8523,2026-05-21,103.0,20,9
8524,2026-08-26,663.0,70,10
8525,2026-05-14,868.0,84,7
8526,2026-07-20,524.0,99,2
8527,2026-02-04,665.0,63,1
8528,2026-01-02,398.0,92,7
8529,2026-07-14,38.0,16,10
8530,2026-01-13,601.0,17,8
8531,2026-02-26,799.0,19,8
8532,2026-05-31,148.0,50,9
8533,2026-05-22,915.0,30,10
8534,2026-02-27,928.0,91,5
8535,2026-05-11,678.0,39,7
8536,2026-06-05,944.0,6,8
8537,2026-03-04,46.0,54,6
8538,2026-05-06,472.0,66,6
8539,2026-06-07,883.0,67,7
8540,2026-07-20,998.0,25,4
8541,2026-03-28,708.0,58,6
8542,2026-01-04,453.0,31,8
8543,2026-07-09,785.0,22,2
8544,2026-08-04,103.0,42,4
8545,2026-03-26,648.0,6,6
8546,2026-06-24,451.0,87,6
8547,2026-08-20,367.0,17,1
8548,2026-06-14,538.0,62,2
8549,2026-06-08,692.0,95,10
8550,2026-02-26,281.0,91,9
8551,2026-07-30,270.0,6,5
8552,2026-03-21,522.0,69,6
8553,2026-02-23,996.0,10,2
8554,2026-03-21,316.0,62,2
8555,2026-01-14,771.0,20,2
8556,2026-08-28,664.0,42,4
8557,2026-08-06,204.0,52,1
8558,2026-05-18,117.0,42,8
8559,2026-06-10,839.0,100,7
8560,2026-05-17,77.0,96,10
8561,2026-01-10,655.0,57,10
8562,2026-08-13,633.0,58,8
8563,2026-05-18,895.0,19,1
8564,2026-03-01,824.0,100,5
8565,2026-06-10,366.0,55,5
8566,2026-05-12,270.0,53,5
8567,2026-05-02,830.0,38,10
8568,2026-01-07,840.0,99,4
8569,2026-04-19,977.0,39,7
8570,2026-07-28,68.0,56,1
8571,2026-02-25,628.0,41,3
8572,2026-05-03,777.0,64,4
8573,2026-05-10,890.0,16,4
8574,2026-04-01,968.0,64,10
8575,2026-04-04,724.0,21,8
8576,2026-06-03,679.0,57,3
8577,2026-03-01,522.0,51,2
8578,2026-05-24,728.0,5,4
8579,2026-02-04,850.0,12,10
8580,2026-03-26,378.0,91,9
8581,2026-06-19,658.0,21,5
8582,2026-07-30,233.0,23,4
8583,2026-03-18,385.0,95,2
8584,2026-04-06,564.0,45,2
8585,2026-06-10,551.0,32,5
8586,2026-05-30,817.0,50,7
8587,2026-01-07,933.0,27,8
8588,2026-03-18,814.0,50,5
8589,2026-08-05,727.0,33,8
8590,2026-04-10,745.0,16,3
8591,2026-03-30,366.0,70,10
8592,2026-03-14,944.0,81,2
8593,2026-05-05,759.0,79,5
8594,2026-01-30,66.0,57,7
8595,2026-01-01,14.0,21,6
8596,2026-08-18,79.0,66,3
8597,2026-06-20,415.0,73,2
8598,2026-05-22,662.0,37,2
8599,2026-08-17,234.0,98,2
8600,2026-03-18,684.0,62,5
8601,2026-04-09,723.0,76,1
8602,2026-03-07,209.0,89,9
8603,2026-05-05,295.0,4,8
8604,2026-07-08,606.0,93,3
8605,2026-08-09,549.0,52,3
8606,2026-03-15,995.0,26,4
8607,2026-07-17,832.0,20,1
8608,2026-04-19,993.0,96,6
8609,2026-01-08,744.0,83,10
8610,2026-05-30,725.0,24,7
8611,2026-01-30,913.0,25,9
8612,2026-04-17,464.0,59,7
8613,2026-02-01,765.0,49,10
8614,2026-04-17,446.0,10,7
8615,2026-01-01,321.0,96,3
8616,2026-04-11,285.0,23,4
8617,2026-07-27,138.0,17,1
8618,2026-02-04,276.0,79,4
8619,2026-05-31,41.0,10,9
8620,2026-08-19,743.0,57,4
8621,2026-04-19,227.0,54,9
8622,2026-05-05,633.0,95,6
8623,2026-01-05,486.0,58,2
8624,2026-06-07,336.0,20,2
8625,2026-06-12,283.0,52,5
8626,2026-01-31,301.0,4,5
8627,2026-06-07,217.0,32,3
8628,2026-07-18,65.0,59,6
8629,2026-03-19,930.0,47,7
8630,2026-04-22,144.0,49,5
8631,2026-07-28,113.0,71,1
8632,2026-04-09,502.0,97,4
8633,2026-02-02,224.0,9,7
8634,2026-05-26,802.0,97,10
8635,2026-04-02,916.0,79,7
8636,2026-06-12,365.0,75,6
8637,2026-07-14,655.0,24,3
8638,2026-05-05,385.0,34,8
8639,2026-07-27,306.0,78,2
8640,2026-01-12,222.0,71,1
8641,2026-03-24,997.0,23,1
8642,2026-07-10,352.0,9,6
8643,2026-07-06,852.0,35,4
8644,2026-07-19,948.0,88,5
8645,2026-03-07,409.0,62,9
8646,2026-02-06,547.0,69,3
8647,2026-02-28,1.0,39,10
8648,2026-05-01,980.0,30,4
8649,2026-01-17,948.0,47,5
8650,2026-03-12,749.0,95,7
8651,2026-06-28,383.0,88,2
8652,2026-05-04,595.0,26,5
8653,2026-02-08,96.0,15,6
8654,2026-03-08,469.0,68,10
8655,2026-05-13,604.0,41,8
8656,2026-02-24,138.0,89,2
8657,2026-01-03,15.0,75,5
8658,2026-03-24,250.0,57,5
8659,2026-05-07,436.0,13,7
8660,2026-05-12,54.0,90,4
8661,2026-05-16,515.0,7,6
8662,2026-01-16,741.0,90,2
8663,2026-05-18,989.0,32,8
8664,2026-01-22,212.0,75,5
8665,2026-01-22,95.0,9,6
8666,2026-03-06,444.0,62,4
8667,2026-05-17,175.0,81,7
8668,2026-01-27,498.0,71,1
8669,2026-01-20,468.0,13,9
8670,2026-01-12,688.0,52,10
8671,2026-06-11,328.0,55,9
8672,2026-03-19,339.0,98,3
8673,2026-04-27,417.0,83,1
8674,2026-05-21,147.0,55,1
8675,2026-07-30,673.0,26,10
8676,2026-03-04,382.0,34,2
8677,2026-02-15,13.0,52,4
8678,2026-01-09,190.0,25,1
8679,2026-01-14,982.0,65,3
8680,2026-04-21,663.0,89,6
8681,2026-03-27,692.0,42,1
8682,2026-08-23,173.0,37,3
8683,2026-07-09,99.0,38,2
8684,2026-07-21,28.0,52,3
8685,2026-04-15,38.0,14,8
8686,2026-03-22,263.0,41,2
8687,2026-07-09,580.0,19,10
8688,2026-01-05,881.0,52,2
8689,2026-04-19,211.0,95,4
8690,2026-05-13,132.0,18,3
8691,2026-08-07,285.0,5,3
8692,2026-01-09,238.0,76,6
8693,2026-02-03,681.0,23,3
8694,2026-01-13,387.0,18,6
8695,2026-06-17,98.0,85,1
8696,2026-07-09,776.0,6,10
8697,2026-08-06,117.0,98,2
8698,2026-02-23,548.0,40,5
8699,2026-02-23,590.0,13,4
8700,2026-02-19,658.0,23,4
8701,2026-04-04,530.0,49,3
8702,2026-01-30,163.0,32,4
8703,2026-07-07,261.0,43,10
8704,2026-08-02,696.0,37,7
8705,2026-03-27,222.0,39,3
8706,2026-02-17,410.0,39,9
8707,2026-07-17,625.0,57,5
8708,2026-04-20,178.0,34,1
8709,2026-05-30,441.0,55,9
8710,2026-02-19,179.0,96,5
8711,2026-01-14,974.0,46,10
8712,2026-03-05,769.0,59,7
8713,2026-06-12,641.0,32,8
8714,2026-03-12,564.0,82,10
8715,2026-06-10,182.0,80,6
8716,2026-05-01,365.0,52,4
8717,2026-08-02,343.0,89,2
8718,2026-02-15,983.0,52,7
8719,2026-04-05,577.0,9,6
8720,2026-03-10,783.0,50,8
8721,2026-02-10,807.0,32,6
8722,2026-08-12,63.0,80,9
8723,2026-08-23,427.0,39,7
8724,2026-01-27,485.0,48,5
8725,2026-02-26,415.0,75,4
8726,2026-06-28,164.0,37,6
8727,2026-08-13,797.0,35,8
8728,2026-08-25,445.0,93,7
8729,2026-03-23,347.0,27,4
8730,2026-05-24,716.0,89,10
8731,2026-06-29,131.0,98,7
8732,2026-06-12,565.0,44,10
8733,2026-07-11,158.0,38,4
8734,2026-02-21,506.0,76,7
8735,2026-02-08,106.0,44,5
8736,2026-05-02,161.0,83,2
8737,2026-04-28,974.0,26,7
8738,2026-07-10,954.0,29,9
8739,2026-03-24,218.0,85,5
8740,2026-03-15,562.0,43,7
8741,2026-05-09,253.0,86,7
8742,2026-05-28,423.0,13,1
8743,2026-04-11,151.0,38,9
8744,2026-05-25,605.0,82,8
8745,2026-03-02,624.0,97,10
8746,2026-08-16,807.0,85,9
8747,2026-01-20,99.0,46,7
8748,2026-08-09,690.0,65,4
8749,2026-01-22,404.0,66,2
8750,2026-06-17,712.0,60,4
8751,2026-01-23,251.0,3,1
8752,2026-05-08,486.0,17,4
8753,2026-04-08,483.0,89,1
8754,2026-02-12,966.0,13,1
8755,2026-03-12,629.0,55,9
8756,2026-07-28,982.0,71,8
8757,2026-08-20,570.0,18,1
8758,2026-04-09,588.0,27,5
8759,2026-01-31,126.0,37,3
8760,2026-04-12,607.0,99,4
8761,2026-03-18,407.0,24,8
8762,2026-03-24,859.0,19,5
8763,2026-07-11,852.0,82,10
8764,2026-02-12,863.0,90,7
8765,2026-03-17,769.0,52,6
8766,2026-02-22,613.0,14,4
8767,2026-04-28,767.0,75,3
8768,2026-08-09,646.0,39,10
8769,2026-01-03,405.0,74,4
8770,2026-03-09,867.0,86,9
8771,2026-01-21,186.0,83,2
8772,2026-04-16,736.0,38,7
8773,2026-05-26,91.0,80,8
8774,2026-04-15,689.0,4,8
8775,2026-04-16,230.0,28,9
8776,2026-03-26,615.0,15,4
8777,2026-01-09,979.0,50,2
8778,2026-01-28,359.0,99,3
8779,2026-05-27,117.0,52,1
8780,2026-07-18,582.0,78,4
8781,2026-03-11,35.0,98,10
8782,2026-07-13,200.0,29,2
8783,2026-03-01,996.0,35,5
8784,2026-02-25,940.0,86,8
8785,2026-04-18,673.0,27,8
8786,2026-06-25,547.0,13,5
8787,2026-03-14,846.0,73,1
8788,2026-05-20,91.0,94,5
8789,2026-01-16,886.0,56,2
8790,2026-05-07,222.0,5,10
8791,2026-01-19,931.0,70,5
8792,2026-01-24,411.0,2,2
8793,2026-03-14,671.0,91,10
8794,2026-06-01,791.0,4,2
8795,2026-01-13,672.0,21,5
8796,2026-08-17,155.0,68,1
8797,2026-05-24,874.0,54,7
8798,2026-08-26,414.0,70,2
8799,2026-01-09,898.0,80,2
8800,2026-06-04,253.0,38,1
8801,2026-02-06,978.0,99,2
8802,2026-02-21,514.0,96,5
8803,2026-08-28,310.0,71,6
8804,2026-03-08,62.0,27,3
8805,2026-03-23,77.0,55,4
8806,2026-01-16,580.0,86,8
8807,2026-01-25,858.0,76,8
8808,2026-01-26,943.0,70,4
8809,2026-04-08,82.0,42,1
8810,2026-07-21,102.0,90,8
8811,2026-08-15,810.0,64,2
8812,2026-01-30,898.0,18,4
8813,2026-07-20,597.0,88,2
8814,2026-03-21,139.0,39,1
8815,2026-08-20,686.0,1,8
8816,2026-02-11,569.0,84,9
8817,2026-01-23,95.0,16,5
8818,2026-02-03,471.0,81,9
8819,2026-03-18,140.0,63,6
8820,2026-08-28,792.0,78,2
8821,2026-02-24,488.0,66,7
8822,2026-04-05,390.0,38,8
8823,2026-08-09,193.0,78,7
8824,2026-01-19,568.0,11,4
8825,2026-01-10,309.0,79,8
8826,2026-01-29,126.0,74,7
8827,2026-03-15,256.0,83,3
8828,2026-02-08,357.0,37,2
8829,2026-08-13,78.0,91,1
8830,2026-03-02,943.0,43,2
8831,2026-02-25,53.0,53,6
8832,2026-06-02,989.0,85,7
8833,2026-02-17,69.0,53,7
8834,2026-05-21,834.0,45,5
8835,2026-03-28,331.0,23,3
8836,2026-07-13,758.0,40,8
8837,2026-08-17,3.0,18,2
8838,2026-06-12,290.0,63,6
8839,2026-07-04,957.0,91,2
8840,2026-04-30,556.0,77,10
8841,2026-06-30,283.0,67,10
8842,2026-05-15,437.0,50,6
8843,2026-06-04,519.0,73,5
8844,2026-06-03,60.0,4,4
8845,2026-04-05,606.0,81,2
8846,2026-06-29,444.0,58,6
8847,2026-03-31,214.0,47,7
8848,2026-04-04,304.0,19,9
8849,2026-08-07,460.0,82,3
8850,2026-07-05,467.0,20,2
8851,2026-04-10,137.0,98,7
8852,2026-06-17,415.0,47,6
8853,2026-01-07,392.0,2,5
8854,2026-05-02,680.0,6,1
8855,2026-01-22,880.0,84,5
8856,2026-08-24,114.0,29,5
8857,2026-01-02,522.0,83,7
8858,2026-04-18,267.0,6,3
8859,2026-07-21,456.0,100,9
8860,2026-07-26,898.0,1,2
8861,2026-01-01,419.0,70,7
8862,2026-06-03,689.0,35,1
8863,2026-07-25,498.0,18,2
8864,2026-05-18,8.0,61,3
8865,2026-04-15,197.0,65,3
8866,2026-07-04,125.0,45,2
8867,2026-08-11,144.0,30,3
8868,2026-02-06,152.0,24,9
8869,2026-02-14,159.0,37,9
8870,2026-01-04,285.0,61,9
8871,2026-03-25,539.0,25,3
8872,2026-04-02,606.0,77,10
8873,2026-03-18,2.0,35,1
8874,2026-01-24,744.0,97,1
8875,2026-05-22,464.0,78,5
8876,2026-07-25,234.0,48,2
8877,2026-08-16,722.0,15,2
8878,2026-08-28,356.0,86,4
8879,2026-01-08,199.0,41,6
8880,2026-07-19,950.0,19,8
8881,2026-02-12,607.0,17,9
8882,2026-08-25,811.0,56,1
8883,2026-03-16,655.0,90,2
8884,2026-08-28,980.0,63,6
8885,2026-05-23,614.0,98,1
8886,2026-04-29,247.0,4,9
8887,2026-02-02,18.0,10,9
8888,2026-01-07,105.0,80,5
8889,2026-03-15,249.0,39,6
8890,2026-01-20,341.0,98,10
8891,2026-02-02,780.0,13,9
8892,2026-08-27,295.0,61,5
8893,2026-05-23,820.0,59,7
8894,2026-03-15,564.0,5,3
8895,2026-02-14,657.0,66,2
8896,2026-06-22,949.0,79,9
8897,2026-02-27,395.0,29,1
8898,2026-07-13,510.0,72,6
8899,2026-06-14,690.0,30,1
8900,2026-04-29,600.0,99,9
8901,2026-01-30,100.0,29,3
8902,2026-07-30,743.0,92,10
8903,2026-04-24,954.0,31,5
8904,2026-07-30,611.0,74,7
8905,2026-01-04,834.0,43,6
8906,2026-05-22,981.0,45,6
8907,2026-08-23,804.0,48,8
8908,2026-06-01,314.0,90,10
8909,2026-07-16,558.0,98,1
8910,2026-03-13,590.0,95,3
8911,2026-01-01,618.0,56,7
8912,2026-05-26,707.0,39,1
8913,2026-04-02,533.0,78,3
8914,2026-07-25,440.0,2,9
8915,2026-04-07,746.0,7,2
8916,2026-04-10,431.0,59,6
8917,2026-03-03,464.0,97,4
8918,2026-03-11,455.0,6,6
8919,2026-01-22,326.0,19,7
8920,2026-04-24,96.0,29,7
8921,2026-04-18,71.0,39,9
8922,2026-05-31,60.0,18,9
8923,2026-04-02,651.0,3,4
8924,2026-05-12,200.0,62,5
8925,2026-07-05,631.0,79,7
8926,2026-02-11,870.0,51,10
8927,2026-03-17,309.0,59,5
8928,2026-07-18,881.0,24,8
8929,2026-03-24,545.0,37,1
8930,2026-06-22,247.0,96,3
8931,2026-02-06,179.0,28,5
8932,2026-03-19,5.0,99,9
8933,2026-01-09,82.0,59,5
8934,2026-07-01,316.0,15,3
8935,2026-07-04,351.0,32,6
8936,2026-08-12,615.0,14,7
8937,2026-03-25,347.0,41,9
8938,2026-04-28,867.0,75,5
8939,2026-08-26,394.0,23,1
8940,2026-08-02,577.0,49,8
8941,2026-01-04,285.0,22,3
8942,2026-04-05,63.0,31,8
8943,2026-07-15,227.0,85,4
8944,2026-02-06,814.0,44,10
8945,2026-06-22,299.0,46,10
8946,2026-02-16,869.0,11,4
8947,2026-03-24,944.0,18,9
8948,2026-05-15,232.0,6,7
8949,2026-03-13,934.0,18,1
8950,2026-06-04,402.0,24,7
8951,2026-08-20,615.0,12,10
8952,2026-04-24,102.0,63,3
8953,2026-03-17,615.0,18,3
8954,2026-08-01,28.0,39,3
8955,2026-01-23,476.0,70,7
8956,2026-08-26,927.0,16,3
8957,2026-04-02,605.0,23,4
8958,2026-08-19,392.0,78,7
8959,2026-02-23,880.0,1,8
8960,2026-04-12,130.0,46,4
8961,2026-07-12,995.0,28,1
8962,2026-02-01,601.0,21,4
8963,2026-05-09,310.0,69,1
8964,2026-07-19,8.0,24,6
8965,2026-02-08,429.0,13,1
8966,2026-06-21,50.0,14,10
8967,2026-05-28,659.0,32,4
8968,2026-02-24,634.0,29,6
8969,2026-05-06,499.0,11,10
8970,2026-06-04,3.0,8,1
8971,2026-06-15,189.0,91,1
8972,2026-05-29,441.0,13,6
8973,2026-04-07,189.0,44,3
8974,2026-04-07,717.0,64,5
8975,2026-01-17,758.0,48,9
8976,2026-04-01,317.0,1,10
8977,2026-07-06,594.0,80,8
8978,2026-07-27,233.0,1,3
8979,2026-03-15,745.0,28,6
8980,2026-02-04,85.0,50,4
8981,2026-06-16,477.0,69,8
8982,2026-07-16,292.0,43,2
8983,2026-04-07,452.0,94,5
8984,2026-03-15,455.0,2,4
8985,2026-07-20,630.0,38,2
8986,2026-07-13,201.0,87,6
8987,2026-06-07,943.0,11,2
8988,2026-06-21,998.0,64,8
8989,2026-04-20,729.0,55,7
8990,2026-03-29,353.0,23,1
8991,2026-06-18,664.0,98,8
8992,2026-04-18,129.0,4,2
8993,2026-07-20,164.0,71,10
8994,2026-01-23,489.0,71,6
8995,2026-01-15,679.0,10,7
8996,2026-07-24,62.0,20,10
8997,2026-02-03,71.0,87,4
8998,2026-01-30,490.0,81,7
8999,2026-05-21,25.0,50,8
9000,2026-06-11,648.0,55,8
9001,2026-02-22,252.0,18,6
9002,2026-02-08,701.0,63,4
9003,2026-02-01,365.0,75,9
9004,2026-02-09,890.0,18,2
9005,2026-04-07,738.0,37,9
9006,2026-06-15,377.0,54,9
9007,2026-02-26,86.0,11,8
9008,2026-03-15,621.0,40,3
9009,2026-02-19,42.0,4,1
9010,2026-08-29,465.0,44,4
9011,2026-07-17,584.0,97,4
9012,2026-05-18,930.0,90,10
9013,2026-02-08,720.0,90,4
9014,2026-01-19,147.0,34,4
9015,2026-04-22,614.0,85,6
9016,2026-06-10,872.0,49,9
9017,2026-04-08,214.0,17,10
9018,2026-05-03,731.0,34,9
9019,2026-01-27,675.0,71,8
9020,2026-02-21,423.0,44,8
9021,2026-05-26,904.0,44,2
9022,2026-08-18,942.0,68,4
9023,2026-02-05,97.0,13,1
9024,2026-07-19,684.0,4,5
9025,2026-07-28,824.0,46,7
9026,2026-02-11,403.0,38,7
9027,2026-02-17,456.0,29,7
9028,2026-08-12,66.0,19,6
9029,2026-05-05,287.0,41,3
9030,2026-03-30,986.0,32,4
9031,2026-05-06,689.0,51,6
9032,2026-03-22,629.0,61,7
9033,2026-04-16,542.0,57,5
9034,2026-05-11,603.0,55,5
9035,2026-02-10,286.0,74,3
9036,2026-03-15,851.0,16,6
9037,2026-01-06,417.0,81,5
9038,2026-02-05,6.0,53,6
9039,2026-05-29,994.0,73,3
9040,2026-04-18,393.0,69,6
9041,2026-08-26,880.0,15,6
9042,2026-02-06,888.0,54,1
9043,2026-07-16,769.0,58,3
9044,2026-08-13,729.0,64,7
9045,2026-02-15,968.0,30,10
9046,2026-07-09,720.0,3,6
9047,2026-06-07,599.0,100,8
9048,2026-02-25,702.0,35,5
9049,2026-08-10,75.0,17,3
9050,2026-05-28,309.0,56,2
9051,2026-08-11,923.0,1,6
9052,2026-02-17,807.0,26,3
9053,2026-03-16,473.0,71,8
9054,2026-08-08,294.0,45,1
9055,2026-05-07,475.0,18,10
9056,2026-04-06,885.0,67,2
9057,2026-03-16,470.0,4,1
9058,2026-02-22,666.0,79,4
9059,2026-05-16,96.0,38,3
9060,2026-04-26,697.0,19,9
9061,2026-07-18,198.0,57,4
9062,2026-06-15,711.0,8,3
9063,2026-08-26,716.0,91,10
9064,2026-03-11,66.0,92,6
9065,2026-08-25,500.0,52,7
9066,2026-07-16,13.0,51,8
9067,2026-02-20,646.0,29,7
9068,2026-06-21,870.0,67,3
9069,2026-04-20,5.0,15,4
9070,2026-01-18,905.0,20,3
9071,2026-01-07,913.0,93,1
9072,2026-06-23,300.0,65,9
9073,2026-08-24,130.0,50,5
9074,2026-07-29,792.0,70,5
9075,2026-02-22,771.0,28,4
9076,2026-04-19,692.0,74,8
9077,2026-04-08,970.0,66,1
9078,2026-02-12,620.0,52,9
9079,2026-05-08,715.0,27,2
9080,2026-04-08,873.0,43,1
9081,2026-06-13,622.0,37,5
9082,2026-08-17,898.0,77,7
9083,2026-02-04,576.0,48,1
9084,2026-08-23,287.0,73,7
9085,2026-07-03,117.0,25,1
9086,2026-02-07,637.0,48,5
9087,2026-07-15,930.0,73,2
9088,2026-08-27,384.0,7,4
9089,2026-07-31,80.0,14,1
9090,2026-08-19,299.0,51,6
9091,2026-01-29,354.0,68,8
9092,2026-07-03,554.0,7,1
9093,2026-02-25,752.0,66,9
9094,2026-05-28,293.0,33,1
9095,2026-06-13,63.0,37,2
9096,2026-01-16,248.0,9,5
9097,2026-03-31,395.0,66,7
9098,2026-03-29,704.0,28,2
9099,2026-08-02,196.0,67,6
9100,2026-06-12,282.0,66,2
9101,2026-06-15,489.0,40,4
9102,2026-04-28,361.0,65,6
9103,2026-01-13,44.0,80,4
9104,2026-06-13,106.0,52,1
9105,2026-05-13,391.0,37,6
9106,2026-04-25,499.0,58,2
9107,2026-05-21,37.0,12,5
9108,2026-08-26,39.0,20,10
9109,2026-08-16,810.0,85,8
9110,2026-01-27,919.0,78,7
9111,2026-05-15,662.0,91,9
9112,2026-02-22,719.0,14,8
9113,2026-04-22,110.0,47,2
9114,2026-05-13,435.0,67,7
9115,2026-04-19,88.0,73,2
9116,2026-05-27,847.0,50,8
9117,2026-04-23,594.0,95,6
9118,2026-07-02,207.0,85,9
9119,2026-02-20,424.0,9,3
9120,2026-05-02,737.0,42,1
9121,2026-08-10,341.0,69,1
9122,2026-02-23,195.0,33,6
9123,2026-04-02,69.0,76,9
9124,2026-03-31,336.0,57,7
9125,2026-06-30,559.0,48,3
9126,2026-03-05,975.0,31,6
9127,2026-03-05,672.0,76,10
9128,2026-07-17,168.0,37,9
9129,2026-02-10,410.0,85,7
9130,2026-02-06,480.0,100,2
9131,2026-06-29,344.0,72,8
9132,2026-01-12,698.0,43,2
9133,2026-05-19,952.0,55,5
9134,2026-04-20,497.0,78,9
9135,2026-08-11,5.0,100,4
9136,2026-02-21,156.0,66,1
9137,2026-03-29,162.0,60,4
9138,2026-02-15,773.0,50,8
9139,2026-04-21,574.0,83,10
9140,2026-02-26,325.0,9,5
9141,2026-06-13,831.0,95,6
9142,2026-07-01,169.0,41,1
9143,2026-02-02,380.0,39,9
9144,2026-04-20,992.0,31,2
9145,2026-01-02,479.0,25,9
9146,2026-08-29,549.0,73,1
9147,2026-08-25,129.0,93,8
9148,2026-08-04,655.0,59,1
9149,2026-07-15,569.0,92,4
9150,2026-08-05,973.0,62,3
9151,2026-07-23,481.0,59,8
9152,2026-08-24,124.0,98,2
9153,2026-05-09,144.0,41,5
9154,2026-02-02,669.0,65,8
9155,2026-08-24,204.0,1,7
9156,2026-07-19,63.0,2,10
9157,2026-04-24,150.0,10,2
9158,2026-01-13,734.0,36,3
9159,2026-02-06,303.0,87,4
9160,2026-03-16,222.0,87,8
9161,2026-01-14,757.0,85,6
9162,2026-05-04,481.0,13,8
9163,2026-07-13,855.0,92,10
9164,2026-08-20,958.0,16,7
9165,2026-06-23,597.0,81,10
9166,2026-05-02,386.0,47,2
9167,2026-07-01,445.0,45,10
9168,2026-07-17,413.0,99,7
9169,2026-04-27,304.0,6,7
9170,2026-06-05,741.0,88,10
9171,2026-04-07,876.0,31,9
9172,2026-02-19,798.0,35,5
9173,2026-01-05,630.0,92,1
9174,2026-04-04,166.0,37,3
9175,2026-02-05,699.0,92,7
9176,2026-04-04,800.0,59,4
9177,2026-06-09,981.0,89,4
9178,2026-02-16,858.0,12,3
9179,2026-05-29,779.0,34,2
9180,2026-03-04,721.0,2,10
9181,2026-04-28,371.0,89,1
9182,2026-03-14,688.0,32,8
9183,2026-04-18,781.0,15,1
9184,2026-03-27,808.0,82,8
9185,2026-05-31,85.0,43,2
9186,2026-01-10,45.0,9,2
9187,2026-04-12,430.0,2,3
9188,2026-01-08,34.0,18,9
9189,2026-04-13,574.0,74,6
9190,2026-07-03,686.0,34,4
9191,2026-08-05,932.0,44,8
9192,2026-06-03,885.0,72,8
9193,2026-08-24,226.0,41,4
9194,2026-03-15,513.0,92,9
9195,2026-02-22,504.0,12,6
9196,2026-06-03,111.0,37,3
9197,2026-05-27,484.0,73,7
9198,2026-01-24,394.0,32,5
9199,2026-08-18,947.0,53,9
9200,2026-06-12,874.0,37,7
9201,2026-06-23,832.0,20,4
9202,2026-01-06,94.0,64,4
9203,2026-06-27,837.0,85,3
9204,2026-04-15,374.0,19,7
9205,2026-07-19,146.0,40,9
9206,2026-04-11,342.0,34,9
9207,2026-08-08,924.0,22,10
9208,2026-07-04,686.0,17,8
9209,2026-03-16,41.0,5,1
9210,2026-06-26,22.0,70,3
9211,2026-04-11,89.0,39,1
9212,2026-06-20,809.0,3,7
9213,2026-03-23,604.0,4,2
9214,2026-05-24,287.0,27,6
9215,2026-07-30,508.0,15,3
9216,2026-04-13,748.0,8,4
9217,2026-08-14,241.0,41,4
9218,2026-08-19,866.0,84,7
9219,2026-08-21,391.0,77,4
9220,2026-07-02,832.0,2,4
9221,2026-01-23,59.0,93,1
9222,2026-01-10,54.0,68,10
9223,2026-07-30,603.0,31,10
9224,2026-01-17,455.0,67,9
9225,2026-01-30,829.0,40,1
9226,2026-08-07,991.0,6,9
9227,2026-02-14,660.0,30,9
9228,2026-03-27,67.0,43,5
9229,2026-05-20,775.0,24,10
9230,2026-06-09,637.0,95,1
9231,2026-02-28,946.0,34,1
9232,2026-06-30,649.0,57,4
9233,2026-04-17,91.0,32,7
9234,2026-07-17,404.0,22,7
9235,2026-05-17,525.0,11,1
9236,2026-02-05,691.0,82,3
9237,2026-04-20,69.0,45,9
9238,2026-08-07,311.0,100,10
9239,2026-04-28,788.0,59,5
9240,2026-08-05,893.0,45,1
9241,2026-08-22,76.0,12,4
9242,2026-01-10,698.0,71,6
9243,2026-02-24,9.0,79,4
9244,2026-04-21,953.0,26,8
9245,2026-06-04,634.0,65,8
9246,2026-03-16,97.0,72,3
9247,2026-05-30,765.0,40,2
9248,2026-02-05,621.0,30,7
9249,2026-05-02,752.0,46,7
9250,2026-06-15,776.0,94,1
9251,2026-01-27,832.0,63,7
9252,2026-04-20,707.0,13,8
9253,2026-05-11,491.0,51,8
9254,2026-08-11,674.0,68,3
9255,2026-05-19,419.0,31,4
9256,2026-04-21,539.0,86,9
9257,2026-06-20,26.0,12,6
9258,2026-07-06,901.0,100,7
9259,2026-07-20,471.0,52,3
9260,2026-02-14,163.0,24,10
9261,2026-04-19,446.0,57,7
9262,2026-05-12,12.0,73,9
9263,2026-06-29,459.0,83,4
9264,2026-04-12,973.0,51,2
9265,2026-07-29,174.0,24,6
9266,2026-05-21,693.0,92,10
9267,2026-05-18,1.0,60,10
9268,2026-03-16,598.0,31,10
9269,2026-07-26,580.0,69,6
9270,2026-01-28,332.0,44,3
9271,2026-06-09,492.0,60,8
9272,2026-02-08,331.0,78,7
9273,2026-08-03,390.0,38,8
9274,2026-01-07,859.0,25,9
9275,2026-08-22,379.0,95,9
9276,2026-05-17,325.0,4,1
9277,2026-08-25,941.0,91,2
9278,2026-08-29,128.0,99,5
9279,2026-04-23,914.0,100,2
9280,2026-04-10,495.0,71,6
9281,2026-05-30,586.0,9,4
9282,2026-07-30,605.0,46,3
9283,2026-08-11,360.0,12,7
9284,2026-05-17,452.0,11,9
9285,2026-06-15,862.0,40,2
9286,2026-05-15,41.0,8,7
9287,2026-08-12,793.0,6,6
9288,2026-01-02,189.0,34,10
9289,2026-03-11,721.0,82,10
9290,2026-02-16,971.0,58,9
9291,2026-05-24,358.0,82,8
9292,2026-04-29,642.0,30,1
9293,2026-06-14,793.0,19,1
9294,2026-05-31,19.0,16,4
9295,2026-01-27,349.0,82,3
9296,2026-01-04,660.0,65,2
9297,2026-04-11,506.0,36,1
9298,2026-02-13,773.0,3,10
9299,2026-04-13,353.0,20,10
9300,2026-02-16,233.0,25,3
9301,2026-04-15,216.0,16,10
9302,2026-06-12,17.0,50,9
9303,2026-02-13,14.0,64,1
9304,2026-06-13,21.0,18,4
9305,2026-07-27,805.0,23,5
9306,2026-08-20,667.0,91,7
9307,2026-04-19,266.0,90,3
9308,2026-07-26,463.0,47,10
9309,2026-03-03,968.0,95,8
9310,2026-06-12,26.0,90,5
9311,2026-07-27,507.0,89,6
9312,2026-01-24,313.0,51,5
9313,2026-06-19,377.0,53,10
9314,2026-06-23,262.0,7,8
9315,2026-07-04,556.0,64,7
9316,2026-07-21,371.0,83,4
9317,2026-03-19,963.0,48,5
9318,2026-02-26,339.0,93,5
9319,2026-01-17,390.0,84,5
9320,2026-04-20,999.0,69,9
9321,2026-06-19,363.0,66,7
9322,2026-02-20,519.0,26,5
9323,2026-07-21,576.0,95,5
9324,2026-08-08,678.0,46,4
9325,2026-06-17,968.0,55,9
9326,2026-06-11,876.0,54,3
9327,2026-08-02,222.0,56,8
9328,2026-04-11,531.0,41,5
9329,2026-03-03,31.0,85,3
9330,2026-07-27,485.0,47,8
9331,2026-05-15,5.0,66,8
9332,2026-08-19,298.0,32,10
9333,2026-02-10,790.0,79,7
9334,2026-05-24,673.0,84,4
9335,2026-03-06,250.0,94,5
9336,2026-04-21,708.0,44,10
9337,2026-08-10,33.0,46,9
9338,2026-01-07,327.0,8,5
9339,2026-04-03,611.0,23,1
9340,2026-05-17,411.0,60,5
9341,2026-02-12,53.0,59,1
9342,2026-02-20,177.0,98,5
9343,2026-06-04,581.0,6,4
9344,2026-06-28,458.0,30,8
9345,2026-08-23,929.0,19,8
9346,2026-08-05,323.0,35,10
9347,2026-06-12,683.0,81,6
9348,2026-06-25,248.0,72,1
9349,2026-08-25,65.0,54,1
9350,2026-02-05,573.0,45,6
9351,2026-01-29,40.0,87,6
9352,2026-02-03,308.0,44,1
9353,2026-01-06,983.0,72,3
9354,2026-01-25,215.0,44,5
9355,2026-02-28,143.0,60,2
9356,2026-06-02,791.0,88,5
9357,2026-06-25,845.0,29,4
9358,2026-07-12,636.0,98,8
9359,2026-03-26,81.0,93,4
9360,2026-07-05,115.0,19,2
9361,2026-03-03,590.0,4,6
9362,2026-03-12,411.0,46,3
9363,2026-02-17,837.0,34,8
9364,2026-02-08,445.0,87,9
9365,2026-04-08,826.0,86,3
9366,2026-03-30,709.0,7,2
9367,2026-05-15,508.0,29,6
9368,2026-05-16,568.0,92,4
9369,2026-06-23,357.0,38,6
9370,2026-03-29,266.0,81,2
9371,2026-07-13,42.0,78,7
9372,2026-07-30,599.0,30,2
9373,2026-03-24,81.0,62,2
9374,2026-06-20,353.0,46,5
9375,2026-03-22,706.0,59,4
9376,2026-06-28,946.0,98,1
9377,2026-04-17,486.0,24,3
9378,2026-05-20,426.0,59,2
9379,2026-02-21,453.0,33,4
9380,2026-04-09,864.0,18,2
9381,2026-08-05,684.0,41,2
9382,2026-08-01,384.0,55,8
9383,2026-07-04,780.0,55,3
9384,2026-03-07,178.0,97,2
9385,2026-04-19,527.0,33,1
9386,2026-05-15,524.0,84,2
9387,2026-04-24,164.0,2,7
9388,2026-05-31,956.0,8,10
9389,2026-04-19,240.0,11,10
9390,2026-06-04,247.0,3,7
9391,2026-07-22,946.0,80,4
9392,2026-06-03,973.0,10,6
9393,2026-04-22,964.0,8,8
9394,2026-03-21,34.0,92,6
9395,2026-03-26,842.0,76,10
9396,2026-05-19,940.0,17,3
9397,2026-08-23,452.0,30,7
9398,2026-06-23,971.0,23,2
9399,2026-07-14,288.0,30,4
9400,2026-07-31,942.0,72,9
9401,2026-05-16,316.0,65,1
9402,2026-03-30,674.0,38,2
9403,2026-06-16,59.0,19,3
9404,2026-04-05,836.0,32,10
9405,2026-04-13,376.0,6,5
9406,2026-08-08,567.0,23,3
9407,2026-07-21,110.0,32,4
9408,2026-03-07,483.0,47,3
9409,2026-07-16,453.0,49,6
9410,2026-04-30,621.0,79,3
9411,2026-01-17,736.0,43,2
9412,2026-03-16,25.0,96,10
9413,2026-03-15,199.0,11,5
9414,2026-05-14,663.0,39,4
9415,2026-03-05,905.0,79,7
9416,2026-04-06,938.0,11,4
9417,2026-08-15,703.0,84,1
9418,2026-08-08,681.0,75,3
9419,2026-05-04,122.0,87,8
9420,2026-06-14,329.0,3,2
9421,2026-04-15,700.0,75,3
9422,2026-01-30,620.0,17,8
9423,2026-04-10,829.0,9,6
9424,2026-08-21,219.0,21,8
9425,2026-05-11,863.0,55,2
9426,2026-02-06,86.0,96,10
9427,2026-01-14,501.0,30,9
9428,2026-07-29,160.0,21,10
9429,2026-01-26,564.0,32,10
9430,2026-04-12,922.0,10,10
9431,2026-07-21,454.0,28,6
9432,2026-06-23,446.0,100,8
9433,2026-05-04,792.0,4,2
9434,2026-04-02,579.0,66,3
9435,2026-06-24,500.0,1,8
9436,2026-04-24,355.0,77,5
9437,2026-07-09,861.0,94,10
9438,2026-01-21,885.0,26,6
9439,2026-01-15,281.0,41,5
9440,2026-01-14,829.0,23,1
9441,2026-01-02,795.0,83,3
9442,2026-04-07,250.0,72,9
9443,2026-05-07,628.0,5,9
9444,2026-08-16,763.0,40,4
9445,2026-06-13,902.0,8,6
9446,2026-02-13,324.0,65,10
9447,2026-04-13,780.0,51,8
9448,2026-01-13,665.0,100,4
9449,2026-01-13,9.0,78,5
9450,2026-07-19,280.0,53,4
9451,2026-06-25,696.0,45,8
9452,2026-03-18,550.0,92,2
9453,2026-07-05,246.0,55,3
9454,2026-05-19,99.0,6,9
9455,2026-01-20,851.0,71,4
9456,2026-06-20,458.0,23,3
9457,2026-01-19,893.0,97,1
9458,2026-03-22,250.0,32,2
9459,2026-03-13,62.0,13,7
9460,2026-05-20,164.0,20,5
9461,2026-01-01,241.0,69,2
9462,2026-06-18,174.0,47,9
9463,2026-07-23,178.0,5,4
9464,2026-07-17,758.0,26,9
9465,2026-06-25,903.0,97,2
9466,2026-06-22,536.0,16,7
9467,2026-07-05,228.0,54,7
9468,2026-08-04,244.0,69,1
9469,2026-05-25,665.0,90,2
9470,2026-05-03,756.0,49,4
9471,2026-06-03,478.0,96,1
9472,2026-05-11,724.0,40,10
9473,2026-06-15,439.0,62,8
9474,2026-02-17,44.0,3,1
9475,2026-04-01,83.0,33,3
9476,2026-06-28,800.0,7,2
9477,2026-05-02,468.0,15,1
9478,2026-04-22,276.0,72,4
9479,2026-04-04,814.0,84,1
9480,2026-06-21,859.0,78,9
9481,2026-03-24,185.0,28,2
9482,2026-04-28,542.0,48,1
9483,2026-01-21,904.0,100,2
9484,2026-05-30,638.0,34,2
9485,2026-07-24,371.0,34,5
9486,2026-08-28,431.0,78,6
9487,2026-05-01,632.0,51,3
9488,2026-03-30,399.0,15,6
9489,2026-06-03,465.0,55,3
9490,2026-05-08,242.0,57,2
9491,2026-04-25,705.0,97,2
9492,2026-06-22,513.0,54,9
9493,2026-07-12,867.0,55,3
9494,2026-03-03,363.0,52,10
9495,2026-01-28,760.0,52,3
9496,2026-07-15,946.0,100,7
9497,2026-04-23,225.0,4,9
9498,2026-04-06,507.0,27,6
9499,2026-04-28,201.0,70,2
9500,2026-08-05,490.0,96,9
9501,2026-03-15,170.0,94,1
9502,2026-02-05,704.0,84,4
9503,2026-08-26,684.0,49,5
9504,2026-01-18,305.0,51,5
9505,2026-08-15,181.0,64,7
9506,2026-04-19,745.0,28,4
9507,2026-01-01,975.0,88,5
9508,2026-01-29,825.0,59,2
9509,2026-04-17,701.0,39,2
9510,2026-02-14,384.0,24,2
9511,2026-03-17,233.0,15,9
9512,2026-06-03,545.0,95,7
9513,2026-04-18,909.0,54,4
9514,2026-03-09,28.0,33,8
9515,2026-04-10,387.0,69,6
9516,2026-05-25,608.0,66,7
9517,2026-08-20,950.0,3,8
9518,2026-02-25,565.0,72,7
9519,2026-07-19,4.0,4,4
9520,2026-03-13,226.0,63,9
9521,2026-06-24,943.0,83,10
9522,2026-02-28,747.0,30,7
9523,2026-06-26,784.0,45,2
9524,2026-05-28,765.0,19,3
9525,2026-07-19,117.0,85,10
9526,2026-06-14,495.0,8,3
9527,2026-04-09,613.0,29,6
9528,2026-03-13,45.0,34,2
9529,2026-01-13,761.0,88,7
9530,2026-02-07,97.0,11,10
9531,2026-05-20,175.0,17,8
9532,2026-05-12,288.0,62,3
9533,2026-02-01,198.0,3,9
9534,2026-01-23,117.0,58,9
9535,2026-06-28,792.0,52,10
9536,2026-06-16,869.0,62,1
9537,2026-03-27,539.0,79,8
9538,2026-07-06,672.0,33,9
9539,2026-08-02,489.0,37,10
9540,2026-05-29,460.0,80,10
9541,2026-06-03,324.0,21,1
9542,2026-08-27,110.0,63,3
9543,2026-02-01,286.0,70,2
9544,2026-08-07,810.0,43,7
9545,2026-04-17,530.0,95,6
9546,2026-01-25,635.0,69,9
9547,2026-06-19,964.0,2,2
9548,2026-04-21,505.0,28,2
9549,2026-06-11,417.0,32,6
9550,2026-01-25,205.0,13,7
9551,2026-02-13,473.0,47,10
9552,2026-08-02,460.0,23,6
9553,2026-07-10,106.0,54,7
9554,2026-06-02,624.0,53,5
9555,2026-02-25,936.0,72,8
9556,2026-05-10,91.0,74,2
9557,2026-08-03,539.0,89,4
9558,2026-07-01,664.0,75,10
9559,2026-08-16,55.0,51,10
9560,2026-05-16,715.0,7,3
9561,2026-01-30,659.0,2,4
9562,2026-05-08,437.0,64,2
9563,2026-03-31,815.0,88,4
9564,2026-06-28,118.0,50,3
9565,2026-02-26,432.0,16,4
9566,2026-07-25,79.0,61,4
9567,2026-06-07,338.0,35,9
9568,2026-05-29,773.0,6,1
9569,2026-03-21,855.0,8,10
9570,2026-03-04,689.0,21,8
9571,2026-06-03,768.0,38,6
9572,2026-04-06,796.0,43,9
9573,2026-05-09,350.0,89,4
9574,2026-04-18,697.0,77,4
9575,2026-08-23,562.0,98,10
9576,2026-08-01,157.0,62,2
9577,2026-08-06,751.0,28,5
9578,2026-06-04,149.0,42,3
9579,2026-07-18,109.0,57,6
9580,2026-07-27,72.0,77,5
9581,2026-06-29,331.0,72,3
9582,2026-08-14,645.0,95,2
9583,2026-08-04,853.0,64,5
9584,2026-08-11,920.0,23,7
9585,2026-08-20,839.0,91,2
9586,2026-02-16,416.0,5,4
9587,2026-02-01,405.0,30,9
9588,2026-05-27,268.0,46,10
9589,2026-03-08,845.0,27,2
9590,2026-07-05,258.0,41,9
9591,2026-03-01,322.0,50,2
9592,2026-02-25,618.0,32,1
9593,2026-01-03,613.0,52,8
9594,2026-05-14,794.0,80,6
9595,2026-01-12,439.0,90,10
9596,2026-06-19,372.0,75,5
9597,2026-05-18,139.0,81,8
9598,2026-03-13,576.0,96,1
9599,2026-06-06,888.0,23,10
9600,2026-06-29,472.0,62,2
9601,2026-06-12,337.0,84,4
9602,2026-07-14,429.0,52,2
9603,2026-05-11,69.0,27,2
9604,2026-02-25,482.0,25,10
9605,2026-08-28,464.0,4,7
9606,2026-05-03,124.0,62,3
9607,2026-06-18,724.0,38,4
9608,2026-01-03,313.0,17,3
9609,2026-06-16,662.0,22,3
9610,2026-07-08,97.0,89,5
9611,2026-06-07,901.0,93,9
9612,2026-02-28,422.0,87,1
9613,2026-08-22,190.0,94,4
9614,2026-03-02,321.0,40,7
9615,2026-08-19,97.0,70,1
9616,2026-01-26,298.0,35,5
9617,2026-02-13,780.0,71,5
9618,2026-08-12,160.0,86,5
9619,2026-06-21,162.0,89,1
9620,2026-03-13,828.0,97,4
9621,2026-04-05,715.0,77,1
9622,2026-03-20,422.0,45,8
9623,2026-06-29,121.0,86,2
9624,2026-07-08,437.0,85,9
9625,2026-01-17,427.0,36,6
9626,2026-01-03,822.0,74,10
9627,2026-03-14,317.0,64,2
9628,2026-03-31,636.0,70,4
9629,2026-06-08,919.0,25,2
9630,2026-04-30,328.0,40,1
9631,2026-08-01,308.0,42,3
9632,2026-01-24,58.0,66,10
9633,2026-08-21,395.0,10,3
9634,2026-06-20,28.0,83,2
9635,2026-02-21,393.0,41,6
9636,2026-06-07,186.0,96,5
9637,2026-05-28,180.0,5,10
9638,2026-06-12,248.0,62,3
9639,2026-04-08,444.0,75,7
9640,2026-06-19,615.0,23,7
9641,2026-07-18,584.0,45,3
9642,2026-03-01,551.0,50,4
9643,2026-01-24,257.0,12,10
9644,2026-08-02,641.0,70,2
9645,2026-07-20,624.0,87,4
9646,2026-01-05,813.0,30,10
9647,2026-07-20,130.0,36,5
9648,2026-06-17,302.0,1,3
9649,2026-04-07,690.0,23,7
9650,2026-05-12,277.0,53,4
9651,2026-02-18,826.0,39,4
9652,2026-06-22,552.0,78,9
9653,2026-02-28,264.0,27,4
9654,2026-05-01,105.0,95,6
9655,2026-05-15,447.0,79,7
9656,2026-03-07,520.0,56,1
9657,2026-07-18,832.0,37,6
9658,2026-02-14,256.0,94,5
9659,2026-05-24,393.0,80,3
9660,2026-02-04,338.0,44,9
9661,2026-01-06,276.0,27,8
9662,2026-03-29,592.0,45,1
9663,2026-02-11,649.0,67,9
9664,2026-07-26,383.0,78,10
9665,2026-03-11,864.0,81,8
9666,2026-08-10,255.0,73,1
9667,2026-04-20,895.0,55,10
9668,2026-03-14,215.0,42,6
9669,2026-06-03,860.0,61,2
9670,2026-04-14,46.0,34,6
9671,2026-04-28,822.0,71,2
9672,2026-05-14,5.0,5,4
9673,2026-07-15,818.0,76,10
9674,2026-03-29,140.0,71,5
9675,2026-05-11,218.0,36,8
9676,2026-03-14,661.0,52,10
9677,2026-06-20,529.0,56,7
9678,2026-04-21,604.0,69,8
9679,2026-06-06,265.0,59,10
9680,2026-01-05,718.0,14,7
9681,2026-04-28,894.0,56,1
9682,2026-05-30,88.0,34,1
9683,2026-06-09,930.0,11,8
9684,2026-01-21,987.0,98,1
9685,2026-02-25,267.0,92,9
9686,2026-08-27,106.0,44,8
9687,2026-04-11,850.0,46,8
9688,2026-04-18,746.0,42,7
9689,2026-01-01,79.0,70,6
9690,2026-07-06,433.0,3,9
9691,2026-06-25,394.0,63,2
9692,2026-06-19,268.0,73,5
9693,2026-08-16,210.0,37,3
9694,2026-06-27,993.0,48,4
9695,2026-06-06,590.0,67,7
9696,2026-03-25,905.0,36,1
9697,2026-03-24,662.0,43,1
9698,2026-07-20,419.0,91,7
9699,2026-05-28,497.0,44,4
9700,2026-03-21,139.0,92,1
9701,2026-07-11,923.0,23,5
9702,2026-07-23,446.0,10,9
9703,2026-05-01,602.0,22,9
9704,2026-08-19,821.0,58,6
9705,2026-02-01,982.0,5,5
9706,2026-08-05,339.0,8,3
9707,2026-08-09,552.0,42,4
9708,2026-08-12,439.0,96,8
9709,2026-02-14,896.0,39,7
9710,2026-05-12,645.0,53,2
9711,2026-07-14,530.0,83,4
9712,2026-03-15,251.0,98,10
9713,2026-07-11,881.0,72,7
9714,2026-08-11,688.0,50,1
9715,2026-02-20,525.0,45,6
9716,2026-02-26,738.0,11,1
9717,2026-01-06,871.0,98,2
9718,2026-02-06,563.0,74,8
9719,2026-04-07,342.0,11,10
9720,2026-07-26,665.0,27,10
9721,2026-01-01,659.0,65,5
9722,2026-08-09,151.0,91,6
9723,2026-05-06,359.0,68,8
9724,2026-04-07,50.0,28,8
9725,2026-04-10,425.0,19,6
9726,2026-01-14,766.0,55,4
9727,2026-02-25,312.0,88,5
9728,2026-03-14,644.0,77,4
9729,2026-03-08,521.0,100,7
9730,2026-06-03,766.0,95,7
9731,2026-07-03,239.0,14,4
9732,2026-05-18,691.0,20,2
9733,2026-02-20,380.0,57,4
9734,2026-06-23,91.0,62,7
9735,2026-07-02,460.0,29,1
9736,2026-08-03,908.0,58,2
9737,2026-03-19,888.0,46,5
9738,2026-04-29,908.0,55,8
9739,2026-02-14,912.0,18,7
9740,2026-04-10,966.0,51,4
9741,2026-04-24,321.0,90,9
9742,2026-01-11,629.0,71,9
9743,2026-08-23,501.0,64,10
9744,2026-03-09,990.0,99,8
9745,2026-08-08,628.0,35,6
9746,2026-06-25,666.0,31,5
9747,2026-08-29,860.0,65,5
9748,2026-07-02,142.0,76,6
9749,2026-04-01,457.0,96,4
9750,2026-04-28,900.0,4,5
9751,2026-07-12,488.0,50,4
9752,2026-04-30,571.0,61,7
9753,2026-03-14,272.0,20,1
9754,2026-01-06,432.0,60,8
9755,2026-04-01,316.0,77,2
9756,2026-04-24,205.0,39,6
9757,2026-01-23,325.0,97,2
9758,2026-05-01,668.0,100,4
9759,2026-02-23,637.0,76,1
9760,2026-01-15,659.0,92,1
9761,2026-01-12,872.0,36,10
9762,2026-07-09,816.0,53,1
9763,2026-04-06,366.0,93,7
9764,2026-05-10,248.0,96,3
9765,2026-03-16,352.0,32,5
9766,2026-05-15,671.0,85,6
9767,2026-04-19,252.0,44,6
9768,2026-02-16,886.0,87,4
9769,2026-02-03,441.0,5,7
9770,2026-06-11,883.0,5,1
9771,2026-03-08,30.0,74,8
9772,2026-07-08,72.0,8,2
9773,2026-07-08,835.0,40,4
9774,2026-05-30,845.0,54,6
9775,2026-01-20,615.0,89,2
9776,2026-07-15,514.0,73,10
9777,2026-06-01,854.0,41,7
9778,2026-01-21,561.0,14,2
9779,2026-06-24,515.0,28,6
9780,2026-07-11,807.0,36,8
9781,2026-04-13,79.0,40,7
9782,2026-07-06,482.0,58,5
9783,2026-04-19,523.0,83,2
9784,2026-07-15,524.0,63,7
9785,2026-06-21,288.0,93,1
9786,2026-04-29,422.0,52,10
9787,2026-06-21,561.0,19,7
9788,2026-07-01,17.0,95,10
9789,2026-04-06,378.0,52,3
9790,2026-03-29,601.0,48,10
9791,2026-01-05,658.0,80,9
9792,2026-01-18,736.0,22,5
9793,2026-06-29,709.0,30,4
9794,2026-01-01,589.0,91,3
9795,2026-02-17,433.0,37,8
9796,2026-08-07,324.0,36,1
9797,2026-08-03,697.0,31,8
9798,2026-06-09,433.0,23,9
9799,2026-08-23,69.0,33,3
9800,2026-01-15,69.0,28,6
9801,2026-08-13,545.0,50,2
9802,2026-04-07,316.0,63,1
9803,2026-03-20,889.0,32,8
9804,2026-02-24,605.0,12,9
9805,2026-03-06,751.0,95,8
9806,2026-05-09,172.0,34,6
9807,2026-04-27,886.0,39,5
9808,2026-07-31,3.0,25,3
9809,2026-03-25,269.0,37,10
9810,2026-01-27,953.0,96,1
9811,2026-08-12,939.0,93,3
9812,2026-02-27,493.0,83,9
9813,2026-02-27,85.0,69,6
9814,2026-08-23,424.0,40,7
9815,2026-08-25,491.0,39,8
9816,2026-01-25,93.0,27,4
9817,2026-08-24,79.0,65,6
9818,2026-06-22,9.0,19,4
9819,2026-04-01,383.0,26,9
9820,2026-03-10,791.0,41,7
9821,2026-05-17,358.0,27,2
9822,2026-06-09,795.0,69,9
9823,2026-04-04,711.0,16,3
9824,2026-05-06,617.0,42,9
9825,2026-03-29,827.0,80,10
9826,2026-01-15,536.0,39,10
9827,2026-06-30,939.0,22,2
9828,2026-05-22,339.0,47,7
9829,2026-07-26,860.0,15,9
9830,2026-04-07,354.0,98,8
9831,2026-06-08,221.0,69,3
9832,2026-02-22,602.0,29,2
9833,2026-03-21,781.0,74,9
9834,2026-01-24,913.0,92,9
9835,2026-07-15,750.0,8,1
9836,2026-02-20,67.0,34,9
9837,2026-08-10,194.0,34,7
9838,2026-02-02,837.0,23,10
9839,2026-03-21,106.0,89,3
9840,2026-06-05,589.0,60,6
9841,2026-07-10,782.0,7,4
9842,2026-08-04,754.0,14,10
9843,2026-02-14,528.0,41,2
9844,2026-02-09,927.0,25,8
9845,2026-03-17,90.0,38,2
9846,2026-07-05,91.0,26,7
9847,2026-03-05,341.0,83,2
9848,2026-04-02,201.0,7,6
9849,2026-01-17,229.0,5,6
9850,2026-02-18,828.0,40,1
9851,2026-03-17,461.0,57,1
9852,2026-05-17,688.0,92,2
9853,2026-01-26,632.0,95,1
9854,2026-04-15,629.0,71,6
9855,2026-03-19,328.0,59,6
9856,2026-04-15,244.0,96,7
9857,2026-07-24,334.0,39,5
9858,2026-01-31,760.0,24,9
9859,2026-06-02,101.0,19,10
9860,2026-04-15,879.0,77,10
9861,2026-03-10,157.0,8,6
9862,2026-04-17,701.0,11,5
9863,2026-08-28,940.0,94,10
9864,2026-07-25,24.0,54,2
9865,2026-01-27,657.0,49,7
9866,2026-06-26,96.0,3,10
9867,2026-01-16,652.0,17,9
9868,2026-02-10,138.0,95,5
9869,2026-02-01,549.0,19,7
9870,2026-04-17,948.0,17,9
9871,2026-02-08,649.0,64,2
9872,2026-04-02,175.0,84,7
9873,2026-07-20,856.0,80,7
9874,2026-05-26,978.0,19,7
9875,2026-01-08,199.0,81,9
9876,2026-03-11,587.0,91,8
9877,2026-01-23,12.0,45,1
9878,2026-05-26,143.0,85,4
9879,2026-07-24,505.0,17,6
9880,2026-07-14,565.0,81,3
9881,2026-04-27,721.0,26,1
9882,2026-02-10,32.0,6,3
9883,2026-06-15,935.0,35,8
9884,2026-05-24,631.0,64,6
9885,2026-07-08,261.0,25,3
9886,2026-05-23,962.0,16,8
9887,2026-02-07,359.0,12,10
9888,2026-03-17,191.0,92,6
9889,2026-07-27,340.0,87,1
9890,2026-05-12,724.0,19,1
9891,2026-08-22,410.0,3,9
9892,2026-07-26,45.0,37,7
9893,2026-05-22,178.0,24,1
9894,2026-03-09,429.0,46,1
9895,2026-08-05,908.0,62,5
9896,2026-03-09,978.0,52,8
9897,2026-06-27,990.0,44,10
9898,2026-01-11,24.0,33,10
9899,2026-08-11,650.0,65,2
9900,2026-07-06,518.0,43,10
9901,2026-04-22,987.0,89,7
9902,2026-03-08,37.0,13,4
9903,2026-08-19,338.0,81,7
9904,2026-08-04,442.0,18,6
9905,2026-02-26,573.0,63,9
9906,2026-05-16,949.0,66,9
9907,2026-04-24,356.0,55,7
9908,2026-06-28,639.0,31,10
9909,2026-01-19,399.0,85,4
9910,2026-01-14,663.0,17,7
9911,2026-08-15,864.0,76,3
9912,2026-01-06,101.0,94,2
9913,2026-08-11,570.0,49,4
9914,2026-01-03,494.0,76,5
9915,2026-03-12,925.0,11,8
9916,2026-07-12,631.0,2,10
9917,2026-02-24,18.0,27,9
9918,2026-03-26,779.0,93,2
9919,2026-07-06,878.0,67,5
9920,2026-05-31,748.0,32,6
9921,2026-05-24,974.0,92,3
9922,2026-05-26,316.0,10,5
9923,2026-05-31,266.0,59,2
9924,2026-07-27,749.0,7,10
9925,2026-04-03,316.0,57,4
9926,2026-02-02,246.0,76,9
9927,2026-04-02,981.0,95,2
9928,2026-04-15,221.0,82,8
9929,2026-01-15,340.0,94,10
9930,2026-02-26,674.0,94,3
9931,2026-04-11,9.0,72,8
9932,2026-03-07,778.0,67,9
9933,2026-04-14,767.0,99,9
9934,2026-04-16,390.0,89,6
9935,2026-06-19,608.0,22,3
9936,2026-04-05,680.0,24,9
9937,2026-08-12,539.0,22,3
9938,2026-07-03,923.0,1,9
9939,2026-07-14,540.0,28,2
9940,2026-02-09,383.0,27,4
9941,2026-01-11,920.0,66,7
9942,2026-05-12,438.0,69,6
9943,2026-07-06,698.0,55,5
9944,2026-05-05,655.0,64,7
9945,2026-05-09,626.0,52,1
9946,2026-03-13,821.0,71,6
9947,2026-02-26,997.0,35,8
9948,2026-07-07,589.0,42,5
9949,2026-08-01,487.0,43,10
9950,2026-02-07,237.0,46,2
9951,2026-06-12,84.0,62,4
9952,2026-03-24,701.0,91,6
9953,2026-03-26,644.0,21,10
9954,2026-08-25,717.0,80,9
9955,2026-05-06,551.0,91,5
9956,2026-04-28,90.0,88,5
9957,2026-01-17,995.0,68,5
9958,2026-04-09,439.0,57,3
9959,2026-03-24,860.0,96,2
9960,2026-06-16,809.0,79,2
9961,2026-06-08,435.0,33,8
9962,2026-03-27,275.0,79,4
9963,2026-04-15,807.0,41,6
9964,2026-01-19,798.0,83,6
9965,2026-04-22,909.0,15,5
9966,2026-06-06,452.0,68,7
9967,2026-06-03,244.0,93,7
9968,2026-01-03,580.0,27,1
9969,2026-03-31,838.0,24,9
9970,2026-01-16,406.0,25,2
9971,2026-08-03,88.0,98,1
9972,2026-07-08,590.0,61,6
9973,2026-06-16,177.0,36,3
9974,2026-02-07,537.0,36,3
9975,2026-07-14,811.0,96,9
9976,2026-02-25,791.0,85,5
9977,2026-06-03,492.0,49,3
9978,2026-04-16,50.0,73,9
9979,2026-06-10,785.0,33,9
9980,2026-04-22,978.0,11,1
9981,2026-07-25,995.0,5,9
9982,2026-03-12,813.0,27,1
9983,2026-02-20,567.0,1,5
9984,2026-01-19,892.0,29,6
9985,2026-04-23,384.0,68,4
9986,2026-04-13,765.0,63,7
9987,2026-01-27,335.0,34,6
9988,2026-03-11,902.0,3,7
9989,2026-03-30,600.0,20,4
9990,2026-08-17,42.0,79,7
9991,2026-08-16,497.0,35,7
9992,2026-08-27,649.0,90,7
9993,2026-02-05,140.0,7,8
9994,2026-06-11,768.0,27,6
9995,2026-04-12,640.0,74,5
9996,2026-01-17,614.0,89,2
9997,2026-02-09,841.0,45,9
9998,2026-04-15,757.0,81,8
9999,2026-08-25,823.0,65,3
10000,2026-04-04,175.0,11,1
101,2026-05-23,601.0,72,1
201,2026-06-06,771.0,96,5
301,2026-02-16,444.0,65,3
